,,W,L,ERA,WHIP,G,GS,CG,ShO,SV,HLD,SV+HLD,BS,IP,TBF,H,R,ER,HR,BB,IBB,HBP,WP,BK,SO,,,,,,,,,,,,,
Both,MEAN,6.1,4.6,3.680921053,1.20504386,52.3,7.6,0.1,0.1,4.9,8,12.9,2.4,91.2,380.9,79.7,40.8,37.3,11.5,30.2,1.7,3.9,3.7,0.3,95.7,,,,0.123593295,,,-0.15120063,,,,,,
,STDEV,4.3,3.4,1.00,0.19,15.9,13.5,0.5,0.3,9.2,8.2,11.6,2.3,53.2,218.5,50.9,25,23.7,8.1,15.7,1.6,3.3,2.9,0.6,57.4,,,,89.52010775,,,17.63367768,,,,,,
,,,,,,,,,,,,,,,,,,,,,,,,,,,,,,,,,,,,,,
SP,MEAN,,,3.70803922,1.186250255,31.46875,31.46875,0.604166667,0.364583333,0,0,0,0,183.5791667,761.4583333,166.0104167,81.36458333,75.63541667,23.86458333,51.76041667,1.53125,7,5.114583333,0.479166667,185.8333333,,,,,,,,,,,,,
,STDEV,,,,,,,,,,,,,,,,,,,,,,,,,,,,,,,,,,,,,
,,,,,,,,,,,,,,,,,,,,,,,,,,,,,,,,,,,,,,
RP,MEAN,,,3.694386823,1.230017441,58.55298013,0.625827815,0.006622517,0,6.417218543,10.49006623,16.90728477,3.082781457,64.17019868,270.1556291,54.83112583,29.26490066,26.3410596,8.086092715,24.09933775,1.668874172,2.943708609,3.261589404,0.281456954,69.02980132,,,,,,,,,,,,,
,STDEV,,,,,,,,,,,,,,,,,,,,,,,,,,,,,,,,,,,,,
,,,,,,,,,,,,,,,,,,,,,,,,,,,,,,,,,,,,,,
Name,Team,W,L,ERA,,G,GS,CG,ShO,SV,HLD,SV+HLD,BS,IP,TBF,H,R,ER,HR,BB,IBB,HBP,WP,BK,SO,playerid,Pos,Year,zER,zERA,,zH+BB,,zSO,zW,zSV+HLD,Total Z,adjZ
Hyun-Jin Ryu,LAD,14,5,2.32,1.009879254,29,29,1,1,0,0,0,0,182.2,723,160,53,47,17,24,2,4,0,0,163,14444,SP,2019,247.6638158,2.77,,35.55899123,2.025113111,1.172473868,1.837209302,-1.112068966,6.69,2.340771513
Jacob deGrom,NYM,11,8,2.43,0.970588235,32,32,0,0,0,0,0,0,204,804,154,59,55,19,44,1,7,2,0,255,10954,SP,2019,255.9078947,2.86,,47.82894737,2.720938245,2.775261324,1.139534884,-1.112068966,8.38,2.933332047
Gerrit Cole,HOU,20,5,2.5,0.895803866,33,33,0,0,0,0,0,0,212.1,817,142,66,59,29,48,0,3,4,3,326,13125,SP,2019,249.7233553,2.79,,65.58980263,3.728150444,4.012195122,3.23255814,-1.112068966,12.65,4.427161368
Justin Verlander,HOU,21,6,2.58,0.802690583,34,34,2,1,0,0,0,0,223,847,137,66,64,36,42,0,6,4,0,300,8700,SP,2019,244.8453947,2.73,,89.7247807,5.096837029,3.559233449,3.465116279,-1.112068966,13.74,4.809988897
Mike Soroka,ATL,13,4,2.68,1.113662457,29,29,0,0,0,0,0,0,174.2,701,153,56,52,14,41,1,7,3,0,142,18383,SP,2019,173.2164474,1.93,,15.91864035,0.911315341,0.806620209,1.604651163,-1.112068966,4.14,1.450428598
Jack Flaherty,STL,11,8,2.75,0.968893422,33,33,0,0,0,0,0,0,196.1,772,135,62,60,25,55,2,7,6,0,231,17479,SP,2019,181.8286184,2.03,,46.30910088,2.634748256,2.357142857,1.139534884,-1.112068966,7.05,2.467193664
Sonny Gray,CIN,11,8,2.87,1.085094232,31,31,0,0,0,0,0,0,175.1,708,122,59,56,17,68,1,7,7,1,205,12768,SP,2019,140.5292763,1.57,,21.00317982,1.199657884,1.904181185,1.139534884,-1.112068966,4.70,1.644905918
Max Scherzer,WSN,11,7,2.92,1.028471819,27,27,0,0,0,0,0,0,172.1,693,144,59,56,18,33,2,7,0,0,243,3137,SP,2019,129.4865132,1.45,,30.38804825,1.731870653,2.566202091,1.139534884,-1.112068966,5.77,2.019713414
Zack Greinke,- - -,18,5,2.93,0.984630163,33,33,0,0,0,0,0,0,208.2,810,175,73,68,21,30,2,4,2,1,187,1943,SP,2019,154.3677632,1.72,,45.89013158,2.610988646,1.590592334,2.76744186,-1.112068966,7.58,2.652987861
Clayton Kershaw,LAD,16,5,3.05,1.050254094,28,28,0,0,0,0,0,0,177.1,703,145,63,60,28,41,0,2,7,1,188,2036,SP,2019,111.8911184,1.25,,27.41326754,1.563171828,1.608013937,2.302325581,-1.112068966,5.61,1.963486365
Charlie Morton,TBR,16,6,3.05,1.086508754,33,33,0,0,0,0,0,0,194.2,790,154,71,66,15,57,0,12,5,1,240,4676,SP,2019,120.8348684,1.35,,23.01951754,1.314003726,2.513937282,2.302325581,-1.112068966,6.37,2.228318403
Marcus Stroman,- - -,10,13,3.22,1.309071157,32,32,0,0,0,0,0,0,184.1,774,183,77,66,18,58,1,1,7,0,159,13431,SP,2019,83.65756579,0.93,,-19.15142544,-1.077496434,1.102787456,0.906976744,-1.112068966,0.75,0.263665371
Patrick Corbin,WSN,14,7,3.25,1.183168317,33,33,1,1,0,0,0,0,202,835,169,81,73,24,70,2,3,4,0,238,9323,SP,2019,86.54605263,0.97,,4.418859649,0.259166599,2.479094077,1.837209302,-1.112068966,4.43,1.550079367
Walker Buehler,LAD,14,4,3.26,1.043382757,30,30,2,0,0,0,0,0,182.1,737,153,77,66,20,37,0,7,4,0,215,19374,SP,2019,76.29572368,0.85,,29.43848684,1.678021342,2.078397213,1.837209302,-1.112068966,5.33,1.866358542
Shane Bieber,CLE,15,8,3.26,1.056105611,33,33,3,2,0,0,0,0,212.1,851,184,85,77,31,40,1,5,6,1,257,19427,SP,2019,87.72335526,0.98,,31.58980263,1.800021745,2.81010453,2.069767442,-1.112068966,6.55,2.291230618
Stephen Strasburg,WSN,18,6,3.32,1.038277512,33,33,0,0,0,0,0,0,209,841,161,79,77,24,56,4,10,8,0,251,10131,SP,2019,76.3125,0.85,,34.85416667,1.985142744,2.705574913,2.76744186,-1.112068966,7.20,2.519010215
Dakota Hudson,STL,16,7,3.36,1.408045977,32,32,0,0,0,0,0,0,174,754,160,80,65,22,85,8,9,5,0,136,19206,SP,2019,55.48026316,0.62,,-35.32236842,-1.994545235,0.702090592,2.302325581,-1.112068966,0.52,0.180660663
Luis Castillo,CIN,15,8,3.4,1.146161935,32,32,0,0,0,0,0,0,190.2,781,139,76,72,22,79,0,7,5,3,226,15689,SP,2019,52.11118421,0.58,,11.19934211,0.643685506,2.270034843,2.069767442,-1.112068966,4.45,1.558254352
Lucas Giolito,CHW,14,9,3.41,1.066969353,29,29,3,2,0,0,0,0,176.2,705,131,69,67,24,57,1,4,6,0,228,15474,SP,2019,45.57828947,0.51,,24.32872807,1.38824862,2.304878049,1.837209302,-1.112068966,4.93,1.72410932
Kyle Hendricks,CHC,11,10,3.46,1.129943503,30,30,1,1,0,0,0,0,177,730,168,78,68,19,32,1,9,1,0,150,12049,SP,2019,39.52302632,0.44,,13.29276316,0.762402718,0.945993031,1.139534884,-1.112068966,2.18,0.761592971
Jeff Samardzija,SFG,11,12,3.52,1.109884042,32,32,0,0,0,0,0,0,181.1,740,152,78,71,28,49,4,6,5,0,140,3254,SP,2019,27.61480263,0.31,,17.23344298,0.985877361,0.771777003,1.139534884,-1.112068966,2.09,0.732275473
Mike Minor,TEX,14,10,3.59,1.239788563,32,32,2,1,0,0,0,0,208.1,863,190,86,83,30,68,1,7,2,0,200,10021,SP,2019,18.99967105,0.21,,-7.230372807,-0.401457501,1.817073171,1.837209302,-1.112068966,2.35,0.823065086
Lance Lynn,TEX,16,11,3.67,1.220567035,33,33,0,0,0,0,0,0,208.1,875,195,89,85,21,59,0,8,18,0,246,2520,SP,2019,0.999671053,0.01,,-3.230372807,-0.174618831,2.618466899,2.302325581,-1.112068966,3.64,1.275361872
Jose Berrios,MIN,14,8,3.68,1.224387806,32,32,1,0,0,0,0,0,200.1,842,194,94,82,26,51,0,9,8,1,195,14168,SP,2019,-1.447697368,-0.02,,-3.870723684,-0.210932916,1.729965157,1.837209302,-1.112068966,2.23,0.77931707
Eduardo Rodriguez,BOS,19,6,3.81,1.329394387,34,34,0,0,0,0,0,0,203.1,859,195,88,86,24,75,2,7,3,0,213,13164,SP,2019,-26.40493421,-0.30,,-25.25559211,-1.423661696,2.043554007,3,-1.112068966,2.21,0.774018628
Julio Teheran,ATL,10,11,3.81,1.326061998,33,33,0,0,0,0,0,0,174.2,754,148,81,74,22,83,3,14,5,1,162,6797,SP,2019,-24.78355263,-0.28,,-21.08135965,-1.186942361,1.155052265,0.906976744,-1.112068966,-0.52,-0.18032418
Anibal Sanchez,WSN,11,8,3.85,1.271084337,30,30,0,0,0,0,0,0,166,712,153,77,71,22,58,10,4,1,3,134,3284,SP,2019,-27.96710526,-0.31,,-10.9627193,-0.61311763,0.667247387,1.139534884,-1.112068966,-0.23,-0.081268733
Aaron Nola,PHI,12,7,3.87,1.266699654,34,34,0,0,0,0,0,0,202.1,852,176,91,87,27,80,3,11,3,0,229,16149,SP,2019,-39.08585526,-0.44,,-12.46063596,-0.698063986,2.322299652,1.372093023,-1.112068966,1.45,0.506192305
Sandy Alcantara,MIA,6,14,3.88,1.319127347,32,32,2,2,0,0,0,0,197.1,838,179,94,85,23,81,5,8,4,1,151,18684,SP,2019,-39.49046053,-0.44,,-22.48585526,-1.266590841,0.963414634,-0.023255814,-1.112068966,-1.88,-0.658355843
Brett Anderson,OAK,13,9,3.89,1.306818182,31,31,0,0,0,0,0,0,176,743,181,80,76,20,49,2,4,4,0,90,8223,SP,2019,-36.15789474,-0.41,,-17.9122807,-1.007224947,-0.099303136,1.604651163,-1.112068966,-1.02,-0.356732105
Anthony DeSclafani,CIN,9,9,3.89,1.203369434,31,31,0,0,0,0,0,0,166.2,696,151,77,72,29,49,5,4,2,1,167,13050,SP,2019,-36.23092105,-0.41,,0.278289474,0.024356241,1.242160279,0.674418605,-1.112068966,0.42,0.147966597
Mike Fiers,OAK,15,4,3.9,1.188925081,33,33,1,1,0,0,0,0,184.2,754,166,82,80,30,53,0,9,13,1,126,7754,SP,2019,-41.97434211,-0.47,,2.969078947,0.176950018,0.527874564,2.069767442,-1.112068966,1.19,0.417291251
Madison Bumgarner,SFG,9,9,3.9,1.129343629,34,34,0,0,0,0,0,0,207.2,844,191,99,90,30,43,3,10,3,0,203,5524,SP,2019,-47.31315789,-0.53,,15.68508772,0.898070649,1.869337979,0.674418605,-1.112068966,1.80,0.629950213
Zack Wheeler,NYM,11,8,3.96,1.26089185,31,31,0,0,0,0,0,0,195.1,828,196,93,86,22,50,4,2,5,0,195,10310,SP,2019,-55.85230263,-0.63,,-10.89594298,-0.609330767,1.729965157,1.139534884,-1.112068966,0.52,0.182984125
Yu Darvish,CHC,6,8,3.98,1.099887767,31,31,0,0,0,0,0,0,178.2,731,140,82,79,33,56,1,11,11,0,229,13074,SP,2019,-55.05986842,-0.62,,18.73881579,1.071246553,2.322299652,-0.023255814,-1.112068966,1.64,0.574624724
Wade Miley,HOU,14,6,3.98,1.346499102,33,33,0,0,0,0,0,0,167.1,720,164,83,74,23,61,0,5,4,2,140,8779,SP,2019,-50.91809211,-0.57,,-23.63717105,-1.331881576,0.771777003,1.837209302,-1.112068966,-0.41,-0.141797004
Marco Gonzales,SEA,16,13,3.99,1.310344828,34,34,0,0,0,0,0,0,203,866,210,106,90,23,56,1,6,2,1,147,15467,SP,2019,-62.77302632,-0.70,,-21.37609649,-1.20365679,0.893728223,2.302325581,-1.112068966,0.18,0.062205631
Miles Mikolas,STL,9,14,4.16,1.222826087,32,32,1,1,0,0,0,0,184,764,193,90,85,27,32,1,12,5,2,144,9803,SP,2019,-87.71052632,-0.98,,-3.271929825,-0.176975515,0.841463415,0.674418605,-1.112068966,-0.75,-0.264015093
Joey Lucchesi,SDP,10,10,4.18,1.225490196,30,30,0,0,0,0,0,0,163.2,686,144,78,76,23,56,0,2,8,0,158,19320,SP,2019,-83.27368421,-0.93,,-3.336842105,-0.180656669,1.085365854,0.906976744,-1.112068966,-0.23,-0.081195412
Brad Keller,KCR,7,14,4.19,1.356753483,28,28,0,0,0,0,0,0,165.1,709,154,80,77,15,70,2,9,9,1,122,15734,SP,2019,-85.27993421,-0.95,,-25.04725877,-1.411847182,0.458188153,0.209302326,-1.112068966,-2.81,-0.983654242
Adam Wainwright,STL,14,10,4.19,1.431074766,31,31,0,0,0,0,0,0,171.2,745,181,83,80,22,64,7,8,2,0,153,2233,SP,2019,-89.82631579,-1.00,,-38.69649123,-2.185890618,0.99825784,1.837209302,-1.112068966,-1.47,-0.513552764
Noah Syndergaard,NYM,10,8,4.28,1.237322515,32,32,1,1,0,0,0,0,197.2,825,194,101,94,24,50,2,6,4,0,202,11762,SP,2019,-120.1223684,-1.34,,-6.365350877,-0.352402395,1.851916376,0.906976744,-1.112068966,-0.05,-0.017082366
Mike Leake,- - -,12,11,4.29,1.289340102,32,32,2,1,0,0,0,0,197,835,227,114,94,41,27,2,10,2,0,127,10130,SP,2019,-120.8585526,-1.35,,-16.60635965,-0.933166599,0.545296167,1.372093023,-1.112068966,-1.48,-0.517754498
Robbie Ray,ARI,12,8,4.34,1.344055141,33,33,0,0,0,0,0,0,174.1,747,150,91,84,30,84,5,5,7,0,235,11486,SP,2019,-115.1516447,-1.29,,-24.20186404,-1.363905128,2.426829268,1.372093023,-1.112068966,0.04,0.012336106
Tanner Roark,- - -,10,10,4.35,1.399152029,31,31,0,0,0,0,0,0,165.1,722,180,84,80,28,51,1,13,3,0,158,8753,SP,2019,-112.2799342,-1.26,,-32.04725877,-1.808814856,1.085365854,0.906976744,-1.112068966,-2.18,-0.764457561
Merrill Kelly,ARI,13,14,4.42,1.316220644,32,32,0,0,0,0,0,0,183.1,777,184,95,90,29,57,4,2,4,0,158,11156,SP,2019,-136.0233553,-1.52,,-20.3564693,-1.14583407,1.085365854,1.604651163,-1.112068966,-1.09,-0.381058751
Jon Lester,CHC,13,10,4.46,1.501168224,31,31,0,0,0,0,0,0,171.2,764,205,101,85,26,52,0,5,3,0,165,4930,SP,2019,-134.8263158,-1.51,,-50.69649123,-2.86640663,1.207317073,1.604651163,-1.112068966,-2.67,-0.935896112
Masahiro Tanaka,NYY,11,8,4.47,1.229050279,31,31,1,1,0,0,0,0,179,744,181,93,89,28,39,0,2,7,0,147,15764,SP,2019,-142.1151316,-1.59,,-4.297149123,-0.235115361,0.893728223,1.139534884,-1.112068966,-0.90,-0.315988309
Trevor Bauer,- - -,11,13,4.48,1.248826291,34,34,1,1,0,0,0,0,213,911,184,118,106,34,82,0,19,10,0,253,12703,SP,2019,-169.9638158,-1.90,,-9.325657895,-0.520280422,2.740418118,1.139534884,-1.112068966,0.35,0.121664376
Joe Musgrove,PIT,11,12,4.49,1.231409875,31,31,0,0,0,0,0,0,168.1,712,168,98,84,21,39,1,9,2,0,156,12970,SP,2019,-137.2371711,-1.53,,-4.432127193,-0.242769922,1.050522648,1.139534884,-1.112068966,-0.70,-0.244717818
Matthew Boyd,DET,9,12,4.56,1.231766613,32,32,0,0,0,0,0,0,185.1,788,178,101,94,39,50,1,8,6,4,238,15440,SP,2019,-164.6615132,-1.84,,-4.946381579,-0.271933118,2.479094077,0.674418605,-1.112068966,-0.07,-0.024937576
Homer Bailey,- - -,13,9,4.57,1.318209687,31,31,0,0,0,0,0,0,163.1,696,162,84,83,21,53,1,4,4,1,149,8362,SP,2019,-146.6417763,-1.64,,-18.45734649,-1.038135447,0.928571429,1.604651163,-1.112068966,-1.26,-0.439757506
Ivan Nova,CHW,11,12,4.72,1.454545455,34,34,2,0,0,0,0,0,187,806,225,107,98,30,47,1,9,7,0,114,1994,SP,2019,-193.6677632,-2.16,,-46.65679825,-2.637316983,0.318815331,1.139534884,-1.112068966,-4.46,-1.559535576
German Marquez,COL,12,5,4.76,1.201149425,28,28,1,1,0,0,0,0,174,721,174,96,92,29,35,0,5,14,1,175,15038,SP,2019,-187.5197368,-2.10,,0.677631579,0.047002799,1.381533101,1.372093023,-1.112068966,-0.41,-0.142639923
Jose Quintana,CHC,13,9,4.8,1.371257485,31,31,0,0,0,0,0,0,167,725,186,98,89,20,43,0,2,11,0,144,11423,SP,2019,-186.2861842,-2.08,,-27.75767544,-1.565554011,0.841463415,1.604651163,-1.112068966,-2.31,-0.809840982
Jakob Junis,KCR,9,14,5.24,1.427755568,31,31,0,0,0,0,0,0,175.1,771,192,108,102,31,58,1,11,4,0,164,13619,SP,2019,-273.4707237,-3.06,,-38.99682018,-2.202922173,1.18989547,0.674418605,-1.112068966,-4.51,-1.577418559
Reynaldo Lopez,CHW,10,15,5.38,1.456521739,33,33,1,0,0,0,0,0,184,809,203,119,110,35,65,0,8,5,2,169,16400,SP,2019,-312.7105263,-3.49,,-46.27192982,-2.615491223,1.277003484,0.906976744,-1.112068966,-5.04,-1.763351848
Rick Porcello,BOS,14,12,5.52,1.395749569,32,32,0,0,0,0,0,0,174.1,768,198,114,107,31,45,2,6,5,2,143,2717,SP,2019,-322.1516447,-3.60,,-33.20186404,-1.874292136,0.824041812,1.837209302,-1.112068966,-3.93,-1.373799639
Kirby Yates,SDP,0,5,1.19,0.897009967,60,0,0,0,41,0,41,3,60.2,243,41,14,8,2,13,1,7,2,0,101,9073,RP,2019,149.5914474,1.67,,18.54364035,1.060178218,0.092334495,-1.418604651,2.422413793,3.83,1.339092519
Will Harris,HOU,4,1,1.5,0.933333333,68,0,0,0,4,26,30,1,60,229,42,14,10,6,14,0,0,3,0,62,3192,RP,2019,130.8552632,1.46,,16.30263158,0.933091356,-0.587108014,-0.488372093,1.474137931,2.79,0.977238546
Liam Hendriks,OAK,4,4,1.63,0.927710843,73,0,0,0,25,8,33,7,83,322,58,16,15,5,19,5,2,7,0,122,3548,RP,2019,170.5164474,1.90,,23.01864035,1.313953981,0.458188153,-0.488372093,1.732758621,4.92,1.72197613
Felipe Vazquez,PIT,5,1,1.65,0.933333333,56,0,0,0,28,0,28,3,60,236,43,12,11,5,13,0,4,3,0,90,12076,RP,2019,121.8552632,1.36,,16.30263158,0.933091356,-0.099303136,-0.255813953,1.301724138,3.24,1.13383315
Ken Giles,TOR,2,3,1.87,1,53,0,0,0,23,0,23,1,53,208,36,11,11,5,17,1,0,2,0,83,12910,RP,2019,96.08881579,1.07,,10.86732456,0.624856901,-0.221254355,-0.953488372,0.870689655,1.39,0.487480038
Brandon Workman,BOS,10,1,1.88,1.039325843,73,0,0,0,16,15,31,6,71.2,286,29,18,15,1,45,4,2,4,1,104,11428,RP,2019,127.0815789,1.42,,11.79912281,0.67769887,0.144599303,0.906976744,1.560344828,4.71,1.647739135
Adam Ottavino,NYY,6,5,1.9,1.316187595,73,0,0,0,2,28,30,7,66.1,283,47,17,14,5,40,3,2,3,1,88,1247,RP,2019,117.3088816,1.31,,-7.346600877,-0.408048756,-0.134146341,-0.023255814,1.474137931,2.22,0.776204013
Zack Britton,NYY,3,1,1.91,1.145662848,66,0,0,0,3,29,32,4,61.1,245,38,13,13,3,32,1,1,3,0,53,3240,RP,2019,107.9042763,1.20,,3.628179825,0.214327409,-0.743902439,-0.720930233,1.646551724,1.60,0.560010293
Julio Urias,LAD,3,2,2.01,1.059063136,29,0,0,0,4,5,9,1,49.1,200,33,15,11,4,19,1,3,1,1,48,14765,RP,2019,81.73322368,0.91,,7.167653509,0.415049786,-0.831010453,-0.720930233,-0.336206897,-0.56,-0.196512108
Aaron Bummer,CHW,0,0,2.13,0.99702381,58,0,0,0,1,27,28,2,67.2,262,43,17,16,4,24,2,3,4,0,60,16258,RP,2019,103.3578947,1.15,,13.97894737,0.801315996,-0.62195122,-1.418604651,1.301724138,1.22,0.425488371
Aroldis Chapman,NYY,3,2,2.21,1.105263158,60,0,0,0,37,0,37,5,57,235,38,18,14,3,25,0,1,6,0,85,10233,RP,2019,83.8125,0.93,,5.6875,0.331110772,-0.18641115,-0.720930233,2.077586207,2.44,0.852676001
Scott Oberg,COL,6,1,2.25,1.107142857,49,0,0,0,5,8,13,3,56,223,39,18,14,5,23,2,0,3,0,58,13911,RP,2019,80.13157895,0.89,,5.48245614,0.319482803,-0.656794425,-0.023255814,0.00862069,0.54,0.189628751
Shane Greene,- - -,0,3,2.3,1.012861736,65,0,0,0,23,10,33,5,62.2,252,46,22,16,8,17,1,3,0,0,64,10756,RP,2019,84.95328947,0.95,,11.95372807,0.686466483,-0.552264808,-1.418604651,1.732758621,1.40,0.488586204
Giovanny Gallegos,STL,3,2,2.31,0.810810811,66,0,0,0,1,19,20,3,74,279,44,19,19,9,16,2,3,3,1,93,14986,RP,2019,101.3881579,1.13,,29.17324561,1.6629796,-0.047038328,-0.720930233,0.612068966,2.64,0.923395729
Emilio Pagan,TBR,4,2,2.31,0.828571429,66,0,0,0,20,7,27,8,70,267,45,19,18,12,13,1,1,3,0,96,14771,RP,2019,95.66447368,1.07,,26.35307018,1.503048388,0.005226481,-0.488372093,1.215517241,3.30,1.155936638
Ryan Pressly,HOU,2,3,2.32,0.905730129,55,0,0,0,3,31,34,5,54.1,211,37,15,14,6,12,0,0,4,0,72,7005,RP,2019,73.13782895,0.82,,16.19287281,0.926866972,-0.412891986,-0.953488372,1.818965517,2.20,0.768274641
Daniel Hudson,- - -,9,3,2.38,1.125,68,0,0,0,8,11,19,4,72,299,54,24,19,8,27,2,4,2,0,70,7146,RP,2019,94.02631579,1.05,,5.763157895,0.335401306,-0.447735192,0.674418605,0.525862069,2.14,0.747916243
Tyler Clippard,CLE,1,0,2.38,0.871886121,50,0,0,0,0,8,8,0,56.2,220,34,15,15,7,15,0,6,3,0,59,5640,RP,2019,71.86776316,0.80,,18.72346491,1.070376009,-0.639372822,-1.186046512,-0.422413793,-0.38,-0.131609218
Evan Marshall,CHW,4,2,2.49,1.314741036,55,0,0,0,0,19,19,4,50.2,209,42,16,14,5,24,2,0,1,0,41,12297,RP,2019,58.78223684,0.66,,-5.506798246,-0.303714161,-0.952961672,-0.488372093,0.525862069,-0.56,-0.197375232
Tyler Duffey,MIN,5,1,2.5,1.013986014,58,0,0,0,0,15,15,2,57.2,238,44,23,16,8,14,1,3,3,1,82,13758,RP,2019,66.54868421,0.74,,10.92850877,0.628326638,-0.238675958,-0.255813953,0.181034483,1.06,0.369909501
Hansel Robles,LAA,5,1,2.51,1.039325843,70,0,0,0,23,2,25,4,71.2,280,58,20,20,6,16,1,0,4,1,74,11801,RP,2019,82.08157895,0.92,,11.79912281,0.67769887,-0.37804878,-0.255813953,1.043103448,2.00,0.700862953
Taylor Rogers,MIN,2,4,2.61,1,60,0,0,0,30,10,40,6,69,278,58,20,20,8,11,2,6,2,0,90,13449,RP,2019,73.98355263,0.83,,14.14802632,0.810904407,-0.099303136,-0.953488372,2.336206897,2.92,1.02178488
Josh Hader,MIL,3,5,2.62,0.811170213,61,0,0,0,37,6,43,7,75.2,289,41,24,22,15,20,2,4,0,0,138,14212,RP,2019,78.80526316,0.88,,29.61929825,1.688275096,0.736933798,-0.720930233,2.594827586,5.18,1.812311754
Roberto Osuna,HOU,4,3,2.63,0.876923077,66,0,0,0,38,0,38,6,65,253,45,20,19,8,12,0,2,1,0,73,13764,RP,2019,68.25986842,0.76,,21.32785088,1.218069872,-0.395470383,-0.488372093,2.163793103,3.26,1.140702032
Brandon Kintzler,CHC,3,3,2.68,1.01754386,62,0,0,0,1,17,18,2,57,227,45,18,17,5,13,3,4,0,0,48,9939,RP,2019,56.8125,0.63,,10.6875,0.61465911,-0.831010453,-0.720930233,0.439655172,0.14,0.047469426
Seth Lugo,NYM,7,4,2.7,0.9,61,0,0,0,6,21,27,5,80,314,56,28,24,8,16,4,5,2,0,104,12447,RP,2019,78.47368421,0.88,,24.40350877,1.392489409,0.144599303,0.209302326,1.215517241,3.84,1.342996079
Yusmeiro Petit,OAK,5,3,2.71,0.807228916,80,0,0,0,0,29,29,1,83,308,57,25,25,11,10,0,0,2,0,71,4020,RP,2019,80.51644737,0.90,,33.01864035,1.881050657,-0.430313589,-0.255813953,1.387931034,3.48,1.218313799
Will Smith,SFG,6,0,2.76,1.029185868,63,0,0,0,34,0,34,4,65.1,257,46,20,20,10,21,2,0,3,0,96,8048,RP,2019,59.62796053,0.66,,11.44835526,0.657806959,0.005226481,-0.023255814,1.818965517,3.12,1.093206475
Alex Colome,CHW,4,5,2.8,1.06557377,62,0,0,0,30,0,30,3,61,249,42,28,19,7,23,2,1,4,0,55,6661,RP,2019,53.53618421,0.60,,8.507675439,0.491041984,-0.709059233,-0.488372093,1.474137931,1.36,0.477541143
Nick Wittgren,CLE,5,1,2.81,1.083916084,55,0,0,0,4,12,16,2,57.2,231,47,22,18,10,15,1,0,0,0,60,15594,RP,2019,48.54868421,0.54,,6.928508772,0.401487967,-0.62195122,-0.255813953,0.267241379,0.33,0.116166788
Hector Rondon,HOU,3,1,2.85,1.166666667,61,0,0,0,0,19,19,3,60,248,51,19,19,10,19,0,3,0,0,47,2391,RP,2019,49.85526316,0.56,,2.302631579,0.139156009,-0.848432056,-0.720930233,0.525862069,-0.35,-0.122082767
Reyes Moronta,SFG,3,7,2.86,1.316725979,56,0,0,0,0,15,15,5,56.2,246,41,19,18,4,33,1,3,3,0,70,14966,RP,2019,44.86776316,0.50,,-6.276535088,-0.347365681,-0.447735192,-0.720930233,0.181034483,-0.84,-0.29231092
Michael Lorenzen,CIN,1,4,2.92,1.155234657,73,0,0,0,7,21,28,4,83.1,343,68,29,27,9,28,1,2,2,0,85,14843,RP,2019,62.88453947,0.70,,4.139144737,0.24330406,-0.18641115,-1.186046512,1.301724138,0.87,0.305778427
Hector Neris,PHI,3,6,2.93,1.026785714,68,0,0,0,28,2,30,6,67.2,275,45,24,22,10,24,1,6,2,2,89,11804,RP,2019,49.35789474,0.55,,11.97894737,0.687896661,-0.116724739,-0.720930233,1.474137931,1.87,0.656025995
Trevor May,MIN,5,3,2.94,1.076443058,65,0,0,0,2,17,19,2,64.1,266,43,24,21,8,26,1,3,3,0,79,6398,RP,2019,46.94703947,0.52,,8.243311404,0.476049987,-0.290940767,-0.255813953,0.525862069,0.98,0.342372387
Steve Cishek,CHC,4,6,2.95,1.203125,70,0,0,0,7,11,18,4,64,267,48,22,21,7,29,1,7,4,0,57,6483,RP,2019,46.57894737,0.52,,0.122807018,0.015538883,-0.674216028,-0.488372093,0.439655172,-0.19,-0.065959747
Jarlin Garcia,MIA,4,2,3.02,1.115537849,53,0,0,0,0,6,6,1,50.2,206,40,17,17,4,16,2,2,4,0,39,18282,RP,2019,31.78223684,0.35,,4.493201754,0.263382516,-0.987804878,-0.488372093,-0.594827586,-1.45,-0.508890772
Sean Newcomb,ATL,6,3,3.04,1.167608286,51,0,0,0,1,16,17,2,53.1,223,43,20,18,8,19,1,3,3,0,57,16943,RP,2019,33.45690789,0.37,,1.987828947,0.121303656,-0.674216028,-0.023255814,0.353448276,0.15,0.052372496
Archie Bradley,ARI,4,4,3.07,1.369472183,65,0,0,0,18,7,25,3,70.1,306,62,26,24,5,34,2,5,0,0,85,12918,RP,2019,42.03256579,0.47,,-11.52642544,-0.645085218,-0.18641115,-0.488372093,1.043103448,0.19,0.06698527
Diego Castillo,TBR,5,7,3.08,1.211129296,59,0,0,0,8,17,25,2,61.1,256,48,26,21,6,26,4,5,5,0,74,17496,RP,2019,35.90427632,0.40,,-0.371820175,-0.012511261,-0.37804878,-0.255813953,1.043103448,0.80,0.278748338
Pedro Baez,LAD,7,2,3.1,0.953757225,71,0,0,0,1,25,26,6,69.2,276,43,30,24,6,23,1,4,0,0,69,5420,RP,2019,38.71973684,0.43,,17.38903509,0.994700938,-0.465156794,0.209302326,1.129310345,2.30,0.804755622
Ranger Suarez,PHI,6,1,3.14,1.32780083,37,0,0,0,0,6,6,1,48.2,205,52,18,17,6,12,2,1,1,1,42,17277,RP,2019,24.42039474,0.27,,-5.916885965,-0.326970099,-0.93554007,-0.023255814,-0.594827586,-1.61,-0.563213667
Oliver Drake,TBR,5,2,3.21,0.982142857,50,0,0,0,2,10,12,1,56,219,36,20,20,9,19,1,1,1,0,70,8823,RP,2019,26.13157895,0.29,,12.48245614,0.716450476,-0.447735192,-0.255813953,-0.077586207,0.23,0.079044655
Michael Feliz,PIT,4,3,3.21,1.178571429,57,0,0,0,0,3,3,1,56,233,40,22,20,10,26,1,2,0,1,73,11903,RP,2019,26.13157895,0.29,,1.48245614,0.092644132,-0.395470383,-0.488372093,-0.853448276,-1.35,-0.473941956
Amir Garrett,CIN,5,3,3.21,1.410714286,69,0,0,0,0,22,22,3,56,246,44,22,20,7,35,1,4,5,1,78,14375,RP,2019,26.13157895,0.29,,-11.51754386,-0.644581547,-0.308362369,-0.255813953,0.784482759,-0.13,-0.046811928
Adam Kolarek,- - -,6,3,3.27,1.163636364,80,0,0,0,1,17,18,0,55,229,48,22,20,7,16,4,3,1,0,45,10843,RP,2019,22.45065789,0.25,,2.277412281,0.137725831,-0.883275261,-0.023255814,0.439655172,-0.08,-0.027909594
Craig Stammen,SDP,8,7,3.29,1.158536585,76,0,0,0,4,31,35,9,82,339,80,36,30,13,15,2,2,0,0,73,7274,RP,2019,31.83552632,0.35,,3.813596491,0.224842327,-0.395470383,0.441860465,1.905172414,2.53,0.885726978
Brad Hand,CLE,6,4,3.3,1.243432574,60,0,0,0,34,0,34,5,57.1,242,53,21,21,6,18,5,4,0,0,84,9111,RP,2019,21.18059211,0.24,,-2.191995614,-0.115732805,-0.203832753,-0.023255814,1.818965517,1.71,0.59897776
Cam Bedrosian,LAA,3,2,3.31,1.164510166,52,0,0,0,1,15,16,2,54.1,230,44,28,20,6,19,0,3,8,0,56,13360,RP,2019,19.13782895,0.21,,2.192872807,0.132931626,-0.691637631,-0.720930233,0.267241379,-0.80,-0.279997556
Sam Dyson,- - -,5,1,3.32,1.062801932,61,0,0,0,2,23,25,2,62.1,249,53,26,23,6,13,0,3,1,0,55,11710,RP,2019,21.58519737,0.24,,8.833223684,0.509503717,-0.709059233,-0.255813953,1.043103448,0.83,0.289616101
Nick Anderson,- - -,5,4,3.32,1.076923077,68,0,0,0,1,16,17,4,65,264,52,24,24,8,18,4,2,4,0,110,18337,RP,2019,23.25986842,0.26,,8.327850877,0.480844193,0.24912892,-0.255813953,0.353448276,1.09,0.380119333
Chris Martin,- - -,1,3,3.4,1.032608696,58,0,0,0,4,18,22,2,55.2,216,52,23,21,9,5,0,0,0,0,65,11847,RP,2019,14.18684211,0.16,,9.518421053,0.548361032,-0.534843206,-1.186046512,0.784482759,-0.23,-0.080832482
Ian Kennedy,KCR,3,2,3.41,1.283676704,63,0,0,0,30,1,31,4,63.1,266,64,24,24,6,17,1,1,3,0,73,6986,RP,2019,16.26611842,0.18,,-4.961732456,-0.272803661,-0.395470383,-0.720930233,1.560344828,0.35,0.123012207
Yoan Lopez,ARI,2,7,3.41,1.146179402,70,0,0,0,1,21,22,3,60.2,246,52,27,23,11,17,2,0,1,0,42,17181,RP,2019,14.59144737,0.16,,3.543640351,0.209533204,-0.93554007,-0.953488372,0.784482759,-0.73,-0.256688876
Jalen Beeks,TBR,6,1,3.42,1.391304348,30,0,0,0,1,2,3,0,92,401,94,41,35,8,34,1,9,2,0,77,17192,RP,2019,23.64473684,0.26,,-17.13596491,-0.963200337,-0.325783972,-0.023255814,-0.853448276,-1.90,-0.666029475
Sergio Romo,- - -,2,1,3.43,1.114808652,65,0,0,0,20,17,37,3,60.1,249,50,27,23,7,17,3,2,3,1,60,9817,RP,2019,14.22335526,0.16,,5.423135965,0.316118776,-0.62195122,-0.953488372,2.077586207,0.98,0.341519236
Francisco Liriano,PIT,5,3,3.47,1.357142857,69,0,0,0,0,12,12,4,70,301,60,32,27,8,35,1,3,1,0,63,3201,RP,2019,14.66447368,0.16,,-10.64692982,-0.595209314,-0.569686411,-0.255813953,-0.077586207,-1.34,-0.467552554
Jose Alvarez,PHI,3,4,3.47,1.421052632,66,0,0,0,1,16,17,2,57,246,65,25,22,8,16,3,1,3,0,51,5358,RP,2019,11.8125,0.13,,-12.3125,-0.689663245,-0.778745645,-0.720930233,0.353448276,-1.71,-0.596861255
Kyle Ryan,CHC,4,2,3.54,1.37704918,73,0,0,0,0,14,14,2,61,260,55,26,24,5,29,2,1,1,0,58,11753,RP,2019,8.536184211,0.09,,-10.49232456,-0.586441701,-0.656794425,-0.488372093,0.094827586,-1.54,-0.539982211
Cory Gearrin,- - -,1,2,3.54,1.43126177,64,0,0,0,0,13,13,0,53.1,231,53,21,21,4,23,1,4,4,1,45,7947,RP,2019,6.456907895,0.07,,-12.01217105,-0.67263169,-0.883275261,-1.186046512,0.00862069,-2.66,-0.931904882
Junior Guerra,MIL,9,5,3.55,1.129807692,72,0,0,0,3,20,23,8,83.2,344,58,35,33,11,36,2,4,5,0,77,5702,RP,2019,9.252631579,0.10,,6.259649123,0.363557159,-0.325783972,0.674418605,0.870689655,1.68,0.589700637
John Brebbia,STL,3,4,3.59,1.191135734,66,0,0,0,0,12,12,1,72.2,304,59,31,29,6,27,2,3,0,0,87,12777,RP,2019,4.7625,0.05,,1.004166667,0.065520495,-0.151567944,-0.720930233,-0.077586207,-0.83,-0.29146046
Mark Melancon,- - -,5,2,3.61,1.326378539,66,0,0,0,12,5,17,0,67.1,284,71,28,27,4,18,2,2,4,0,68,4264,RP,2019,3.989802632,0.04,,-8.141557018,-0.453130455,-0.482578397,-0.255813953,0.353448276,-0.79,-0.278210227
Yimi Garcia,LAD,1,4,3.61,0.869565217,64,0,0,0,0,4,4,3,62.1,247,40,28,25,15,14,2,6,1,1,66,12095,RP,2019,3.585197368,0.04,,20.83322368,1.190019728,-0.517421603,-1.186046512,-0.767241379,-1.24,-0.434707459
Noe Ramirez,LAA,5,2,3.64,1.16751269,44,0,0,0,0,3,3,0,59.1,245,52,24,24,8,17,1,5,2,0,69,12800,RP,2019,1.542434211,0.02,,2.218092105,0.134361804,-0.465156794,-0.255813953,-0.853448276,-1.42,-0.498472733
Tyler Kinley,MIA,3,1,3.65,1.608961303,52,0,0,0,1,1,2,2,49.1,221,43,20,20,5,36,2,1,3,0,46,18297,RP,2019,0.733223684,0.01,,-19.83234649,-1.11611124,-0.865853659,-0.720930233,-0.939655172,-3.64,-1.272509112
John Gant,STL,11,1,3.66,1.285930408,64,0,0,0,3,18,21,3,66.1,269,51,29,27,4,34,1,0,1,0,60,13684,RP,2019,0.308881579,0.00,,-5.346600877,-0.294629421,-0.62195122,1.139534884,0.698275862,0.92,0.323154965
Tyler Chatwood,CHC,4,2,3.67,1.277777778,33,0,0,0,2,3,5,2,54,226,44,22,22,6,25,0,2,7,0,53,4338,RP,2019,0.769736842,0.01,,-3.927631579,-0.214160144,-0.743902439,-0.488372093,-0.681034483,-2.12,-0.742087955
Tommy Kahnle,NYY,3,2,3.67,1.063829787,72,0,0,0,0,27,27,5,61.1,248,45,27,25,9,20,0,2,8,0,88,11384,RP,2019,-0.095723684,0.00,,8.628179825,0.497875748,-0.134146341,-0.720930233,1.215517241,0.86,0.299553274
Buck Farmer,DET,6,6,3.7,1.273006135,72,0,0,0,0,15,15,3,65.2,279,60,31,27,8,23,2,5,4,0,69,14814,RP,2019,-3.003947368,-0.03,,-4.431140351,-0.242713959,-0.465156794,-0.023255814,0.181034483,-0.59,-0.204760088
Kenley Jansen,LAD,5,3,3.71,1.063492063,62,0,0,0,33,0,33,8,63,263,51,28,26,9,16,0,4,2,3,80,3096,RP,2019,-2.101973684,-0.02,,8.917763158,0.514297922,-0.273519164,-0.255813953,1.732758621,1.69,0.592501819
Richard Rodriguez,PIT,4,5,3.72,1.351766513,72,0,0,0,1,16,17,4,65.1,285,65,30,27,14,23,3,2,1,0,63,13549,RP,2019,-3.372039474,-0.04,,-9.551644737,-0.533096061,-0.569686411,-0.488372093,0.353448276,-1.28,-0.446864203
Carlos Estevez,COL,2,2,3.75,1.291666667,71,0,0,0,0,11,11,2,72,308,70,34,30,12,23,1,1,1,1,81,14542,RP,2019,-4.973684211,-0.06,,-6.236842105,-0.345114705,-0.256097561,-0.953488372,-0.163793103,-1.78,-0.62140182
Robert Stephenson,CIN,3,2,3.76,1.043613707,57,0,0,0,0,11,11,4,64.2,262,43,30,27,9,24,4,0,3,0,81,13594,RP,2019,-6.684868421,-0.08,,10.36381579,0.596303086,-0.256097561,-0.720930233,-0.163793103,-0.62,-0.217200523
Andrew Chafin,ARI,2,2,3.76,1.340996169,77,0,0,0,0,23,23,4,52.2,225,52,23,22,6,18,0,2,2,0,68,12988,RP,2019,-5.855921053,-0.07,,-7.096710526,-0.393877558,-0.482578397,-0.953488372,0.870689655,-1.03,-0.359117458
Tyler Webb,STL,2,1,3.76,1.018181818,65,0,0,0,1,8,9,0,55,221,33,23,23,7,23,3,2,2,0,48,14974,RP,2019,-4.549342105,-0.05,,10.27741228,0.591403172,-0.831010453,-0.953488372,-0.336206897,-1.58,-0.553525837
Josh Tomlin,ATL,2,1,3.77,1.11695138,50,0,0,0,2,7,9,2,76.1,307,78,34,32,14,7,0,0,2,0,48,9388,RP,2019,-7.881907895,-0.09,,6.703837719,0.388746946,-0.831010453,-0.953488372,-0.336206897,-1.82,-0.637484969
Matt Barnes,BOS,5,4,3.78,1.388455538,70,0,0,0,4,26,30,8,64.1,285,51,29,27,8,38,2,2,13,1,110,12863,RP,2019,-7.052960526,-0.08,,-11.7566886,-0.658143365,0.24912892,-0.255813953,1.474137931,0.73,0.255199904
Marcus Walden,BOS,9,2,3.81,1.192307692,70,0,0,0,2,6,8,4,78,327,61,38,33,6,32,1,5,6,1,76,8004,RP,2019,-9.888157895,-0.11,,0.993421053,0.064911115,-0.343205575,0.674418605,-0.422413793,-0.14,-0.048344682
Ryne Harper,MIN,4,2,3.81,1.182994455,61,0,0,0,1,12,13,3,54.1,225,54,25,23,7,10,0,1,5,0,50,12680,RP,2019,-7.862171053,-0.09,,1.192872807,0.076221958,-0.796167247,-0.488372093,0.00862069,-1.29,-0.451116074
Luke Jackson,ATL,9,2,3.84,1.412742382,70,0,0,0,18,9,27,7,72.2,315,76,34,31,10,26,4,2,3,0,106,11752,RP,2019,-13.2375,-0.15,,-14.99583333,-0.841834187,0.179442509,0.674418605,1.215517241,1.08,0.37740211
Ryan Yarbrough,TBR,8,1,3.86,1.017857143,14,0,0,0,0,0,0,0,56,223,48,26,24,6,9,1,1,0,0,46,16502,RP,2019,-9.868421053,-0.11,,10.48245614,0.603031141,-0.865853659,0.441860465,-1.112068966,-1.04,-0.365626996
Roenis Elias,- - -,4,2,3.96,1.28,48,0,0,0,14,2,16,3,50,216,46,32,22,10,18,1,1,1,1,47,12673,RP,2019,-13.95394737,-0.16,,-3.747807018,-0.203962353,-0.848432056,-0.488372093,0.267241379,-1.43,-0.500773262
Ty Buttrey,LAA,6,7,3.98,1.276005548,72,0,0,0,2,26,28,4,72.1,309,69,34,32,8,23,0,5,6,0,84,14719,RP,2019,-22.60559211,-0.25,,-5.116337719,-0.281571274,-0.203832753,-0.023255814,1.301724138,0.54,0.188707387
Freddy Peralta,MIL,5,1,4.01,1.344195519,31,0,0,0,1,5,6,1,49.1,212,40,26,22,6,26,1,0,1,0,69,18679,RP,2019,-17.26677632,-0.19,,-6.832346491,-0.378885561,-0.465156794,-0.255813953,-0.594827586,-1.89,-0.66113112
Jared Hughes,- - -,5,5,4.04,1.181434599,72,0,0,0,1,7,8,3,71.1,289,57,37,32,13,27,1,2,1,0,54,9325,RP,2019,-26.28651316,-0.30,,1.678618421,0.10376843,-0.726480836,-0.255813953,-0.422413793,-1.60,-0.558585601
Sean Doolittle,WSN,6,5,4.05,1.3,63,0,0,0,29,2,31,6,60,260,63,27,27,11,15,2,2,0,0,66,1581,RP,2019,-22.14473684,-0.25,,-5.697368421,-0.314521332,-0.517421603,-0.023255814,1.560344828,0.46,0.159737833
Chaz Roe,TBR,1,3,4.06,1.568627451,71,0,0,0,1,23,24,4,51,229,49,27,23,3,31,2,1,3,1,65,9866,RP,2019,-19.27302632,-0.22,,-18.54276316,-1.042979398,-0.534843206,-1.186046512,0.956896552,-2.02,-0.708276062
Alex Claudio,MIL,2,2,4.06,1.306451613,83,0,0,0,0,22,22,3,62,267,57,29,28,8,24,2,6,1,0,44,12890,RP,2019,-23.78289474,-0.27,,-6.287280702,-0.347975061,-0.900696864,-0.953488372,0.784482759,-1.68,-0.589655199
Nick Ramirez,DET,5,4,4.07,1.401515152,46,0,0,0,0,1,1,1,79.2,348,76,45,36,11,35,4,1,6,0,74,12575,RP,2019,-32.47105263,-0.36,,-15.56052632,-0.873857738,-0.37804878,-0.255813953,-1.025862069,-2.90,-1.014190354
Matt Magill,- - -,5,2,4.09,1.414342629,50,0,0,0,5,1,6,2,50.2,229,51,31,23,7,20,3,2,5,0,64,3950,RP,2019,-22.21776316,-0.25,,-10.50679825,-0.587262499,-0.552264808,-0.255813953,-0.594827586,-2.24,-0.783907905
Luis Cessa,NYY,2,1,4.11,1.308641975,43,0,0,0,1,4,5,0,81,343,75,42,37,14,31,1,3,1,0,75,13345,RP,2019,-34.84539474,-0.39,,-8.391447368,-0.467301654,-0.360627178,-0.953488372,-0.681034483,-2.85,-0.998577606
Colten Brewer,BOS,1,2,4.12,1.715867159,58,0,0,0,0,6,6,1,54.2,253,59,26,25,6,34,1,2,9,0,52,12997,RP,2019,-25.49407895,-0.29,,-27.68662281,-1.561524639,-0.761324042,-1.186046512,-0.594827586,-4.39,-1.536461312
Brett Martin,TEX,2,2,4.15,1.378737542,49,0,0,0,0,4,4,1,60.2,267,67,33,28,7,16,2,1,2,0,59,17369,RP,2019,-30.40855263,-0.34,,-10.45635965,-0.584402143,-0.639372822,-0.953488372,-0.767241379,-3.29,-1.149949285
Raisel Iglesias,CIN,3,12,4.16,1.223880597,68,0,0,0,34,3,37,6,67,279,61,31,31,12,21,4,2,3,0,89,17130,RP,2019,-32.37828947,-0.36,,-1.262061404,-0.062996545,-0.116724739,-0.720930233,2.077586207,0.81,0.284853356
Tony Watson,SFG,2,2,4.17,1.259259259,60,0,0,0,0,25,25,3,54,231,56,26,25,9,12,1,5,1,0,41,3132,RP,2019,-26.23026316,-0.29,,-2.927631579,-0.157450476,-0.952961672,-0.953488372,1.043103448,-1.32,-0.4603156
Wilmer Font,- - -,4,1,4.17,1.219512195,31,0,0,0,0,2,2,1,49.2,207,46,23,23,10,14,1,2,1,1,55,5257,RP,2019,-25.89868421,-0.29,,-0.711842105,-0.031793792,-0.709059233,-0.488372093,-0.939655172,-2.46,-0.86084834
Luis Perdomo,SDP,2,4,4.19,1.246334311,46,0,0,0,0,7,7,1,68.2,284,67,33,32,6,18,1,2,3,0,55,14682,RP,2019,-36.96118421,-0.41,,-2.816008772,-0.151120384,-0.709059233,-0.953488372,-0.50862069,-2.74,-0.957792732
Scott Barlow,KCR,3,3,4.22,1.440798859,61,0,0,0,1,14,15,2,70.1,310,64,33,33,6,37,3,3,5,1,92,14993,RP,2019,-38.96743421,-0.44,,-16.52642544,-0.928633556,-0.06445993,-0.720930233,0.181034483,-1.97,-0.689381835
Joakim Soria,OAK,2,4,4.24,1.014705882,70,0,0,0,1,21,22,5,68,273,49,32,32,8,20,1,3,5,1,77,6941,RP,2019,-37.69736842,-0.42,,12.94298246,0.742566771,-0.325783972,-0.953488372,0.784482759,-0.17,-0.061147966
Felix Pena,LAA,8,1,4.26,1.160714286,15,0,0,0,0,1,1,0,67.2,283,55,35,32,11,23,0,2,7,0,77,13403,RP,2019,-40.64210526,-0.46,,2.978947368,0.177509653,-0.325783972,0.441860465,-1.025862069,-1.19,-0.415679698
Blake Parker,- - -,3,2,4.32,1.239242685,58,0,0,0,10,13,23,1,58.1,243,50,29,28,11,22,0,3,4,0,61,5224,RP,2019,-38.13848684,-0.43,,-1.986951754,-0.104104836,-0.604529617,-0.720930233,0.870689655,-0.99,-0.345200898
Chad Green,NYY,4,3,4.35,1.199186992,39,0,0,0,2,4,6,0,49.2,211,48,26,24,6,11,0,4,1,0,66,15552,RP,2019,-34.89868421,-0.39,,0.288157895,0.024915876,-0.517421603,-0.488372093,-0.594827586,-1.97,-0.688424756
Luis Garcia,LAA,2,1,4.35,1.533333333,62,0,0,0,1,6,7,2,60,271,59,34,29,12,33,1,5,7,0,56,6984,RP,2019,-40.14473684,-0.45,,-19.69736842,-1.108456679,-0.691637631,-0.953488372,-0.50862069,-3.71,-1.299209725
Joe Jimenez,DET,4,7,4.37,1.334459459,66,0,0,0,9,15,24,5,59.2,257,56,33,29,13,23,1,4,1,1,82,15761,RP,2019,-43.08947368,-0.48,,-7.661403509,-0.425901109,-0.238675958,-0.488372093,0.956896552,-0.68,-0.237570102
Zack Godley,- - -,3,0,4.42,1.20754717,24,0,0,0,2,0,2,0,53,218,44,26,26,9,20,0,3,0,0,40,14862,RP,2019,-38.91118421,-0.44,,-0.132675439,0.001050557,-0.970383275,-0.720930233,-0.939655172,-3.07,-1.073087023
Jose Leclerc,TEX,2,4,4.43,1.307692308,67,0,0,0,14,7,21,4,65,282,48,33,32,7,37,1,6,7,0,96,14524,RP,2019,-48.74013158,-0.55,,-6.672149123,-0.369800822,0.005226481,-0.953488372,0.698275862,-1.17,-0.407969669
Trevor Gott,SFG,7,0,4.44,1.111111111,50,0,0,0,1,1,2,1,52.2,214,41,26,26,4,17,0,2,1,0,57,15046,RP,2019,-41.85592105,-0.47,,4.903289474,0.286638454,-0.674216028,0.209302326,-0.939655172,-1.59,-0.555404471
Andrew Miller,STL,5,6,4.45,1.328413284,73,0,0,0,6,28,34,5,54.2,236,45,32,27,11,27,1,8,4,0,70,6785,RP,2019,-43.49407895,-0.49,,-6.686622807,-0.370621619,-0.447735192,-0.255813953,1.818965517,0.26,0.090144574
Derek Law,TOR,1,2,4.45,1.65480427,54,0,0,0,5,8,13,1,56.2,265,56,31,28,7,37,3,3,7,0,65,13133,RP,2019,-45.13223684,-0.51,,-25.27653509,-1.424849366,-0.534843206,-1.186046512,0.00862069,-3.64,-1.274929792
Adam Cimber,CLE,6,3,4.45,1.334519573,68,0,0,0,1,19,20,2,56.2,244,56,29,28,6,19,2,4,0,0,41,15288,RP,2019,-45.13223684,-0.51,,-7.276535088,-0.404075349,-0.952961672,-0.023255814,0.612068966,-1.27,-0.445816709
Kevin McCarthy,KCR,4,2,4.48,1.480865225,56,0,0,0,1,6,7,4,60.1,268,68,31,30,4,21,6,2,2,0,38,15240,RP,2019,-48.77664474,-0.55,,-16.57686404,-0.931493912,-1.005226481,-0.488372093,-0.50862069,-3.48,-1.217986639
Jairo Diaz,COL,6,4,4.53,1.311188811,56,0,0,0,5,7,12,3,57.2,245,56,34,29,7,19,0,2,4,0,63,12774,RP,2019,-50.45131579,-0.56,,-6.071491228,-0.335737712,-0.569686411,-0.023255814,-0.077586207,-1.57,-0.5499277
Wander Suero,WSN,6,9,4.54,1.265822785,78,0,0,0,1,19,20,6,71.1,296,64,36,36,5,26,3,3,2,1,81,15855,RP,2019,-62.28651316,-0.70,,-4.321381579,-0.236489576,-0.256097561,-0.023255814,0.612068966,-0.60,-0.210327943
Anthony Swarzak,- - -,3,4,4.56,1.487758945,59,0,0,0,4,17,21,3,53.1,234,52,30,27,12,27,3,0,2,0,52,7466,RP,2019,-47.54309211,-0.53,,-15.01217105,-0.842760693,-0.761324042,-0.720930233,0.698275862,-2.16,-0.755722849
Joe Kelly,LAD,5,4,4.56,1.389432485,55,0,0,0,1,8,9,5,51.1,226,49,31,26,6,22,2,3,10,0,62,9761,RP,2019,-45.90493421,-0.51,,-9.422258772,-0.525758626,-0.587108014,-0.255813953,-0.336206897,-2.22,-0.776670019
Wade LeBlanc,SEA,4,3,4.57,1.282660333,18,0,0,0,0,0,0,0,84.2,354,86,44,43,16,22,1,1,0,0,62,5221,RP,2019,-77.06644737,-0.86,,-6.535307018,-0.362040551,-0.587108014,-0.488372093,-1.112068966,-3.41,-1.19414906
Mychal Givens,BAL,2,6,4.57,1.19047619,58,0,0,0,11,7,18,8,63,260,49,35,32,13,26,1,2,5,0,86,10430,RP,2019,-56.10197368,-0.63,,0.917763158,0.060620581,-0.168989547,-0.953488372,0.439655172,-1.25,-0.437597889
Joe Biagini,- - -,3,2,4.59,1.510903427,63,0,0,0,1,10,11,2,64.2,281,71,35,33,14,26,3,1,3,0,60,13194,RP,2019,-60.68486842,-0.68,,-19.63618421,-1.104986942,-0.62195122,-0.720930233,-0.163793103,-3.29,-1.151826564
Sam Gaviglio,TOR,4,2,4.61,1.12394958,52,0,0,0,0,3,3,0,95.2,392,85,51,49,18,22,0,4,0,1,88,12778,RP,2019,-90.57631579,-1.01,,7.720175439,0.446383121,-0.134146341,-0.488372093,-0.853448276,-2.04,-0.714966968
Mike Morin,- - -,1,3,4.62,1.115537849,52,0,0,0,1,8,9,1,50.2,210,46,29,26,6,10,0,4,2,0,26,13442,RP,2019,-49.21776316,-0.55,,4.493201754,0.263382516,-1.214285714,-1.186046512,-0.336206897,-3.02,-1.058516497
Jake Diekman,- - -,1,7,4.65,1.419354839,76,0,0,0,0,31,31,2,62,282,49,34,32,3,39,1,11,6,0,84,5003,RP,2019,-59.78289474,-0.67,,-13.2872807,-0.744942735,-0.203832753,-1.186046512,1.560344828,-1.24,-0.435285571
Javy Guerra,- - -,3,1,4.66,1.25,51,0,0,0,2,5,7,0,67.2,287,67,36,35,10,17,3,1,3,0,57,7407,RP,2019,-67.64210526,-0.76,,-3.021052632,-0.162748353,-0.674216028,-0.720930233,-0.50862069,-2.82,-0.988226356
Josh Osich,CHW,4,0,4.66,1.145833333,57,0,0,0,0,2,2,1,67.2,272,62,38,35,15,15,1,0,3,0,61,11528,RP,2019,-67.64210526,-0.76,,3.978947368,0.23421932,-0.604529617,-0.488372093,-0.939655172,-2.56,-0.894364147
Miguel Castro,BAL,1,3,4.66,1.422708618,65,0,0,0,2,9,11,3,73.1,319,63,42,38,10,41,3,0,11,2,71,15684,RP,2019,-72.92467105,-0.82,,-15.91129386,-0.893749649,-0.430313589,-1.186046512,-0.163793103,-3.49,-1.221465437
Robert Gsellman,NYM,2,3,4.66,1.376582278,52,0,0,0,1,7,8,4,63.2,277,64,36,33,7,23,2,6,4,0,60,13696,RP,2019,-64.36578947,-0.72,,-10.84122807,-0.606227903,-0.62195122,-0.953488372,-0.422413793,-3.32,-1.163564921
Colin Poche,TBR,5,5,4.7,1.015625,51,0,0,0,2,16,18,4,51.2,207,33,27,27,9,19,1,5,2,0,72,19403,RP,2019,-54.53684211,-0.61,,9.698245614,0.558558823,-0.412891986,-0.255813953,0.439655172,-0.28,-0.09838006
Matt Andriese,ARI,5,5,4.71,1.41025641,54,0,0,0,1,4,5,3,70.2,310,72,37,37,8,27,4,3,9,2,79,12022,RP,2019,-74.59934211,-0.83,,-14.40592105,-0.808380457,-0.290940767,-0.255813953,-0.681034483,-2.87,-1.004806342
Jace Fry,CHW,3,4,4.75,1.581818182,68,0,0,0,0,11,11,2,55,251,44,33,29,7,43,3,3,4,0,68,16159,RP,2019,-58.54934211,-0.66,,-20.72258772,-1.166596524,-0.482578397,-0.720930233,-0.163793103,-3.19,-1.116260086
Yoshihisa Hirano,ARI,5,5,4.75,1.377358491,62,0,0,0,1,15,16,5,53,233,51,31,28,7,22,2,3,2,0,61,19756,RP,2019,-56.91118421,-0.64,,-9.132675439,-0.509336451,-0.604529617,-0.255813953,0.267241379,-1.74,-0.608844455
Josh James,HOU,5,1,4.77,1.347753744,48,0,0,0,1,6,7,2,60.1,263,46,34,32,10,35,0,4,6,0,99,16794,RP,2019,-66.77664474,-0.75,,-8.576864035,-0.477816571,0.057491289,-0.255813953,-0.50862069,-1.93,-0.676228252
Tommy Milone,SEA,3,7,4.8,1.08478803,17,0,0,0,0,0,0,0,80.2,324,72,44,43,18,15,1,2,1,0,60,7608,RP,2019,-91.79013158,-1.03,,9.644517544,0.555511922,-0.62195122,-0.720930233,-1.112068966,-2.93,-1.024161885
T.J. McFarland,ARI,0,0,4.82,1.625,51,0,0,0,0,9,9,0,56,250,71,35,30,6,20,5,1,1,0,35,3237,RP,2019,-63.86842105,-0.71,,-23.51754386,-1.325097558,-1.057491289,-1.418604651,-0.336206897,-4.85,-1.698282029
Chris Devenski,HOU,2,2,4.84,1.268656716,60,0,0,0,0,7,7,1,67,287,64,36,36,13,21,0,3,2,0,72,12763,RP,2019,-77.37828947,-0.87,,-4.262061404,-0.233125548,-0.412891986,-0.953488372,-0.50862069,-2.97,-1.04085622
Ryan Brasier,BOS,2,4,4.85,1.304347826,62,0,0,0,7,9,16,4,55.2,241,51,33,30,9,21,1,3,3,0,61,5615,RP,2019,-66.81315789,-0.75,,-5.481578947,-0.302283983,-0.604529617,-0.953488372,0.267241379,-2.34,-0.819276242
Blake Treinen,OAK,6,5,4.91,1.632302405,57,0,0,0,16,3,19,5,58.2,266,58,33,32,9,37,1,1,1,0,59,12572,RP,2019,-73.77039474,-0.83,,-24.86644737,-1.401593428,-0.639372822,-0.023255814,0.525862069,-2.36,-0.827331993
Tim Mayza,TOR,1,3,4.91,1.409001957,68,0,0,0,0,18,18,1,51.1,227,45,29,28,8,27,2,1,4,0,55,15042,RP,2019,-63.90493421,-0.72,,-10.42225877,-0.582468293,-0.709059233,-1.186046512,0.439655172,-2.75,-0.963606251
Chris Stratton,- - -,1,1,4.92,1.509433962,30,0,0,0,0,0,0,0,53,233,61,32,29,9,19,1,0,1,0,52,13761,RP,2019,-65.91118421,-0.74,,-16.13267544,-0.906304124,-0.761324042,-1.186046512,-1.112068966,-4.70,-1.646188831
Trevor Cahill,LAA,2,4,4.96,1.571428571,26,0,0,0,0,0,0,0,49,220,56,30,27,9,21,0,3,9,0,38,6249,RP,2019,-62.63486842,-0.70,,-17.95285088,-1.009525669,-1.005226481,-0.953488372,-1.112068966,-4.78,-1.673477346
Kyle Crick,PIT,3,7,4.96,1.551020408,52,0,0,0,0,13,13,6,49,226,41,30,27,10,35,1,7,1,0,61,13182,RP,2019,-62.63486842,-0.70,,-16.95285088,-0.952816001,-0.604529617,-0.720930233,0.00862069,-2.97,-1.039748332
Jeremy Jeffress,MIL,3,4,5.02,1.365384615,48,0,0,0,1,12,13,3,52,225,54,32,29,5,17,0,5,1,0,46,9490,RP,2019,-69.59210526,-0.78,,-8.337719298,-0.464254753,-0.865853659,-0.720930233,0.00862069,-2.82,-0.98741627
Matt Albers,MIL,8,6,5.13,1.385135135,67,0,0,0,4,10,14,2,59.2,258,53,34,34,8,29,3,3,2,1,57,4300,RP,2019,-88.08947368,-0.99,,-10.66140351,-0.596030112,-0.674216028,0.441860465,0.094827586,-1.72,-0.601635146
Richard Bleier,BAL,3,0,5.23,1.31826742,52,0,0,0,4,5,9,1,53.1,226,62,32,31,5,8,2,4,1,0,29,7803,RP,2019,-83.54309211,-0.93,,-6.012171053,-0.332373685,-1.162020906,-0.720930233,-0.336206897,-3.49,-1.220150765
Lou Trivino,OAK,4,6,5.25,1.533333333,61,0,0,0,0,17,17,5,60,269,61,40,35,7,31,2,3,7,0,57,15043,RP,2019,-94.14473684,-1.05,,-19.69736842,-1.108456679,-0.674216028,-0.488372093,0.353448276,-2.97,-1.03972308
Trey Wingenter,SDP,1,3,5.26,1.199186992,50,0,0,0,1,16,17,3,49.2,211,33,29,29,5,26,0,5,4,0,70,17793,RP,2019,-79.89868421,-0.89,,0.288157895,0.024915876,-0.447735192,-1.186046512,0.353448276,-2.15,-0.752262133
Paul Fry,BAL,1,9,5.34,1.453590193,66,0,0,0,3,11,14,5,57.1,255,54,39,34,7,29,1,6,2,0,55,15832,RP,2019,-95.81940789,-1.07,,-14.19199561,-0.796248817,-0.709059233,-1.186046512,0.094827586,-3.67,-1.28389626
Chad Bettis,COL,1,4,5.36,1.417165669,36,0,0,0,1,4,5,2,50.1,223,58,33,30,8,13,2,5,2,0,33,10587,RP,2019,-85.58585526,-0.96,,-10.62730263,-0.594096262,-1.092334495,-1.186046512,-0.681034483,-4.51,-1.578830441
Bryan Shaw,COL,3,2,5.38,1.361111111,70,0,0,0,1,12,13,5,72,311,69,44,43,12,29,1,5,1,0,58,8110,RP,2019,-121.9736842,-1.36,,-11.23684211,-0.628663043,-0.656794425,-0.720930233,0.00862069,-3.36,-1.176586592
Robbie Erlin,SDP,0,0,5.4,1.563088512,36,0,0,0,0,5,5,1,53.1,241,69,35,32,6,14,0,1,3,0,50,10354,RP,2019,-92.54309211,-1.04,,-19.01217105,-1.069599364,-0.796167247,-1.418604651,-0.681034483,-5.00,-1.750194299
Brad Brach,- - -,5,4,5.47,1.626617375,58,0,0,0,0,6,6,3,54.1,242,57,33,33,4,31,2,1,3,0,60,6627,RP,2019,-97.86217105,-1.09,,-22.80712719,-1.284810065,-0.62195122,-0.255813953,-0.594827586,-3.85,-1.348189472
Clay Holmes,PIT,1,2,5.58,1.62,35,0,0,0,0,1,1,1,50,240,45,36,31,5,36,1,9,4,0,56,13649,RP,2019,-94.95394737,-1.06,,-20.74780702,-1.168026702,-0.691637631,-1.186046512,-1.025862069,-5.13,-1.796778616
Edwin Diaz,NYM,2,7,5.59,1.379310345,66,0,0,0,26,1,27,7,58,254,58,36,36,15,22,3,4,3,0,99,14710,RP,2019,-110.5065789,-1.24,,-10.10745614,-0.564615941,0.057491289,-0.953488372,1.215517241,-1.48,-0.518318306
Nestor Cortes,NYY,5,1,5.6,1.497659906,32,0,0,0,0,1,1,1,64.1,285,69,40,40,16,27,1,1,1,0,67,17874,RP,2019,-124.0529605,-1.39,,-18.7566886,-1.055111039,-0.5,-0.255813953,-1.025862069,-4.22,-1.478373031
Jeurys Familia,NYM,4,2,5.7,1.733333333,66,0,0,0,0,14,14,4,60,274,62,39,38,7,42,4,3,3,0,63,5114,RP,2019,-121.1447368,-1.35,,-31.69736842,-1.78897269,-0.569686411,-0.488372093,0.094827586,-4.11,-1.437398435
Shawn Armstrong,- - -,1,1,5.74,1.637931034,55,0,0,0,4,9,13,5,58,271,66,38,37,8,29,1,4,4,1,63,12857,RP,2019,-119.5065789,-1.34,,-25.10745614,-1.415260955,-0.569686411,-1.186046512,0.00862069,-4.50,-1.574553023
Kelvin Herrera,CHW,3,3,6.14,1.624266145,57,0,0,0,1,6,7,2,51.1,235,60,36,35,8,23,6,1,8,2,53,6033,RP,2019,-126.9049342,-1.42,,-21.42225877,-1.206274637,-0.743902439,-0.720930233,-0.50862069,-4.60,-1.609552824
Adam Conley,MIA,2,11,6.53,1.744186047,60,0,0,0,2,6,8,2,60.2,283,76,45,44,10,29,6,3,2,0,53,14457,RP,2019,-174.4085526,-1.95,,-32.45635965,-1.83201483,-0.743902439,-0.953488372,-0.422413793,-5.90,-2.06551144
Wei-Yin Chen,MIA,0,1,6.59,1.54185022,45,0,0,0,0,3,3,0,68.1,307,87,54,50,15,18,2,5,2,0,63,13071,RP,2019,-199.3292763,-2.23,,-22.93651316,-1.2921475,-0.569686411,-1.418604651,-0.853448276,-6.36,-2.226668485
Corbin Burnes,MIL,11,5,2.43,0.94011976,28,28,0,0,0,0,0,0,167,657,123,47,45,7,34,0,6,5,0,234,19361,SP,2021,209.7138158,2.34,,44.24232456,2.517542058,2.409407666,1.139534884,-1.112068966,7.30,2.553487941
Max Scherzer,- - -,15,4,2.46,0.865438303,30,30,1,0,0,0,0,0,179.1,693,119,53,49,23,36,0,10,2,0,236,3137,SP,2021,218.2529605,2.44,,60.82335526,3.457846798,2.444250871,2.069767442,-1.112068966,9.30,3.25375692
Walker Buehler,LAD,16,4,2.47,0.97007722,33,33,0,0,0,0,0,0,207.2,815,149,61,57,19,52,2,6,5,0,212,19374,SP,2021,249.6868421,2.79,,48.68508772,2.76948968,2.026132404,2.302325581,-1.112068966,8.77,3.070783997
Brandon Woodruff,MIL,9,10,2.56,0.965940815,30,30,0,0,0,0,0,0,179.1,708,130,54,51,18,43,0,7,2,0,211,16162,SP,2021,200.2529605,2.24,,42.82335526,2.437072781,2.008710801,0.674418605,-1.112068966,6.24,2.185299646
Zack Wheeler,PHI,14,10,2.78,1.008916002,32,32,3,2,0,0,0,0,213.1,849,169,72,66,16,46,1,8,6,0,247,10310,SP,2021,190.4042763,2.13,,41.79484649,2.37874639,2.635888502,1.837209302,-1.112068966,7.87,2.752868592
Kevin Gausman,SFG,14,6,2.81,1.041666667,33,33,0,0,0,0,0,0,192,775,150,66,60,20,50,1,4,7,0,227,14107,SP,2021,166.7368421,1.86,,31.36842105,1.787467269,2.287456446,1.837209302,-1.112068966,6.66,2.331436258
Robbie Ray,TOR,13,7,2.84,1.046090109,32,32,0,0,0,0,0,0,193.1,773,150,62,61,33,52,0,4,5,0,248,11486,SP,2021,161.7858553,1.81,,30.6939693,1.749219334,2.653310105,1.604651163,-1.112068966,6.70,2.34534586
Julio Urias,LAD,20,3,2.96,1.020518359,32,32,0,0,0,0,0,0,185.2,745,151,67,61,19,38,3,7,2,1,195,14765,SP,2021,132.7065789,1.48,,34.17412281,1.946577683,1.729965157,3.23255814,-1.112068966,7.28,2.547325695
Marcus Stroman,NYM,10,13,3.02,1.145251397,33,33,0,0,0,0,0,0,179,730,161,70,60,17,44,2,7,7,0,158,13431,SP,2021,118.8848684,1.33,,10.70285088,0.615529653,1.085365854,0.906976744,-1.112068966,2.82,0.987856399
Max Fried,ATL,14,7,3.04,1.089588378,28,28,2,2,0,0,0,0,165.2,667,139,61,56,15,41,0,7,7,0,158,13743,SP,2021,104.0881579,1.16,,19.07324561,1.090211957,1.085365854,1.837209302,-1.112068966,4.06,1.421725366
Adam Wainwright,STL,17,7,3.05,1.057738962,32,32,3,1,0,0,0,0,206.1,828,168,72,70,21,50,3,9,4,1,174,2233,SP,2021,128.6378289,1.44,,30.35953947,1.73025393,1.364111498,2.534883721,-1.112068966,5.95,2.083469815
Lance McCullers Jr.,HOU,13,5,3.16,1.221468229,28,28,0,0,0,0,0,0,162.1,684,122,59,57,13,76,0,10,7,0,185,14120,SP,2021,83.67730263,0.93,,-2.662390351,-0.142408734,1.555749129,1.604651163,-1.112068966,2.84,0.993745864
Anthony DeSclafani,SFG,13,7,3.17,1.094497608,31,31,2,2,0,0,0,0,167.2,676,141,61,59,19,42,1,2,7,0,152,13050,SP,2021,84.45,0.94,,18.48333333,1.056758227,0.980836237,1.604651163,-1.112068966,3.47,1.215255831
Sandy Alcantara,MIA,9,15,3.19,1.076998051,33,33,1,0,0,0,0,0,205.2,837,171,85,73,21,50,2,10,6,1,201,18684,SP,2021,98.325,1.10,,26.275,1.498621054,1.834494774,0.674418605,-1.112068966,3.99,1.397354502
Gerrit Cole,NYY,16,8,3.23,1.060187742,30,30,2,1,0,0,0,0,181.1,726,151,69,65,24,41,0,2,5,1,243,13125,SP,2021,81.61480263,0.91,,26.23344298,1.49626437,2.566202091,2.302325581,-1.112068966,6.16,2.157062202
Joe Musgrove,SDP,11,9,3.27,1.113003975,31,31,2,2,0,0,0,0,176.1,732,142,68,64,22,54,3,17,3,0,200,12970,SP,2021,72.21019737,0.81,,16.20822368,0.927737515,1.817073171,1.139534884,-1.112068966,3.58,1.252136412
Charlie Morton,ATL,14,6,3.34,1.047516199,33,33,0,0,0,0,0,0,185.2,756,136,77,69,16,58,1,17,5,0,216,4676,SP,2021,60.70657895,0.68,,29.17412281,1.663029345,2.095818815,1.837209302,-1.112068966,5.16,1.806259462
Wade Miley,CIN,12,7,3.37,1.325153374,28,28,1,1,0,0,0,0,163,690,166,64,61,17,50,0,3,2,0,125,8779,SP,2021,50.99013158,0.57,,-19.57785088,-1.101678879,0.510452962,1.372093023,-1.112068966,0.24,0.082954092
Frankie Montas,OAK,13,9,3.37,1.181818182,32,32,0,0,0,0,0,0,187,778,164,79,70,20,57,1,7,11,0,207,14309,SP,2021,58.33223684,0.65,,4.343201754,0.254876065,1.93902439,1.604651163,-1.112068966,3.34,1.167849366
Kyle Gibson,- - -,10,8,3.5,1.196388262,30,30,0,0,0,0,0,0,177.2,731,151,72,69,16,61,2,7,2,1,152,10123,SP,2021,31.25921053,0.35,,1.53377193,0.095554234,0.980836237,0.906976744,-1.112068966,1.22,0.426686435
Jose Berrios,- - -,12,9,3.52,1.0625,32,32,1,0,0,0,0,0,192,781,159,83,75,22,45,0,15,3,0,204,14168,SP,2021,31.73684211,0.35,,27.36842105,1.560628599,1.886759582,1.372093023,-1.112068966,4.06,1.421193745
Lucas Giolito,CHW,11,9,3.53,1.105499439,31,31,1,0,0,0,0,0,178.2,720,145,74,70,27,52,1,2,12,0,201,15474,SP,2021,25.94013158,0.29,,17.73881579,1.014536885,1.834494774,1.139534884,-1.112068966,3.16,1.107710004
Chris Flexen,SEA,14,6,3.61,1.255580357,31,31,0,0,0,0,0,0,179.2,741,185,74,72,19,40,0,4,2,0,125,13896,SP,2021,11.62105263,0.13,,-9.056140351,-0.504996172,0.510452962,1.837209302,-1.112068966,0.86,0.300661027
Tyler Mahle,CIN,13,6,3.75,1.233333333,33,33,0,0,0,0,0,0,180,759,158,78,75,24,64,0,10,4,0,210,16358,SP,2021,-12.43421053,-0.14,,-5.092105263,-0.280197059,1.991289199,1.604651163,-1.112068966,2.06,0.722188318
Nathan Eovaldi,BOS,11,9,3.75,1.191652938,32,32,0,0,0,0,0,0,182.1,764,182,81,76,15,35,2,7,6,0,195,9132,SP,2021,-13.70427632,-0.15,,2.438486842,0.146860316,1.729965157,1.139534884,-1.112068966,1.75,0.612438665
Dylan Cease,CHW,13,7,3.91,1.253026634,32,32,1,1,0,0,0,0,165.2,708,139,77,72,20,68,0,9,13,2,226,18525,SP,2021,-39.91184211,-0.45,,-7.926754386,-0.440949069,2.270034843,1.604651163,-1.112068966,1.87,0.656055802
Sean Manaea,OAK,11,10,3.91,1.228364042,32,32,2,2,0,0,0,0,179.1,754,179,79,78,25,41,0,9,5,1,194,15873,SP,2021,-42.74703947,-0.48,,-4.176644737,-0.228281597,1.712543554,1.139534884,-1.112068966,1.03,0.361491894
Luis Castillo,CIN,8,16,3.98,1.367521368,33,33,0,0,0,0,0,0,187.2,803,181,94,83,19,75,4,7,1,1,192,15689,SP,2021,-57.93157895,-0.65,,-30.41578947,-1.716294774,1.677700348,0.441860465,-1.112068966,-1.36,-0.475061429
Zack Greinke,HOU,11,6,4.11,1.177170036,29,29,1,0,0,0,0,0,168.2,688,162,80,77,29,36,0,2,3,0,117,1943,SP,2021,-73.86907895,-0.83,,4.688377193,0.27445085,0.371080139,1.139534884,-1.112068966,-0.15,-0.053742907
Yu Darvish,SDP,8,11,4.22,1.095725467,30,30,0,0,0,0,0,0,166.1,681,138,81,78,28,44,1,8,9,0,199,13074,SP,2021,-90.59901316,-1.01,,18.15778509,1.038296495,1.799651568,0.441860465,-1.112068966,1.15,0.404007394
Cole Irvin,OAK,10,15,4.24,1.330713083,32,32,0,0,0,0,0,0,178.1,768,195,94,84,23,42,0,9,3,0,125,19244,SP,2021,-100.4279605,-1.12,,-22.3816886,-1.260683584,0.510452962,0.906976744,-1.112068966,-2.08,-0.727493038
Hyun-Jin Ryu,TOR,14,10,4.37,1.224852071,31,31,1,1,0,0,0,0,169,701,170,85,82,24,37,0,2,2,0,143,14444,SP,2021,-115.9243421,-1.30,,-3.347587719,-0.181266049,0.824041812,1.837209302,-1.112068966,0.07,0.025053828
German Marquez,COL,12,11,4.4,1.272222222,32,32,3,1,0,0,0,0,180,756,165,92,88,21,64,5,4,15,0,176,15038,SP,2021,-129.4342105,-1.45,,-12.09210526,-0.677164733,1.398954704,1.372093023,-1.112068966,-0.47,-0.162901917
Tyler Anderson,- - -,7,11,4.53,1.245508982,31,31,0,0,0,0,0,0,167,703,170,87,84,27,38,2,1,1,1,134,12880,SP,2021,-141.2861842,-1.58,,-6.757675439,-0.374650991,0.667247387,0.209302326,-1.112068966,-2.19,-0.766434502
Aaron Nola,PHI,9,9,4.63,1.132075472,32,32,1,1,0,0,0,0,180.2,749,165,95,93,26,39,1,9,0,1,223,16149,SP,2021,-173.6980263,-1.94,,13.14890351,0.754244485,2.217770035,0.674418605,-1.112068966,0.59,0.207430789
Kyle Hendricks,CHC,14,7,4.77,1.348066298,32,32,1,0,0,0,0,0,181,785,200,101,96,31,44,3,13,2,0,131,12049,SP,2021,-197.7532895,-2.21,,-25.8870614,-1.45947211,0.614982578,1.837209302,-1.112068966,-2.33,-0.815418617
Jordan Lyles,TEX,9,13,5.39,1.431137725,30,30,0,0,0,0,0,0,167,720,186,101,100,38,53,0,7,9,0,140,7593,SP,2021,-285.2861842,-3.19,,-37.75767544,-2.132650687,0.771777003,0.674418605,-1.112068966,-4.99,-1.745360336
Patrick Corbin,WSN,9,16,5.82,1.471962617,31,31,0,0,0,0,0,0,171.2,751,192,114,111,37,60,2,3,0,0,143,9323,SP,2021,-368.8263158,-4.12,,-45.69649123,-2.582858292,0.824041812,0.674418605,-1.112068966,-6.32,-2.211260186
Aaron Loup,NYM,6,0,1.01,0.958646617,63,0,0,0,0,16,16,4,53.2,208,35,9,6,1,16,0,4,0,0,54,10343,RP,2021,141.825,1.58,,13.10833333,0.751943764,-0.726480836,-0.023255814,0.267241379,1.85,0.648322083
Josh Hader,MIL,4,2,1.23,0.841924399,60,0,0,0,34,0,34,1,58.2,224,25,8,8,3,24,0,2,3,2,102,14212,RP,2021,142.2296053,1.59,,21.13355263,1.207051283,0.109756098,-0.488372093,1.818965517,4.23,1.482187292
Emmanuel Clase,CLE,4,5,1.29,0.968208092,71,0,0,0,24,6,30,5,69.2,279,51,18,10,2,16,3,0,3,1,74,21032,RP,2021,164.7197368,1.84,,16.38903509,0.93799127,-0.37804878,-0.488372093,1.474137931,3.38,1.184525405
Andrew Kittredge,TBR,9,3,1.65,0.967741935,53,0,0,0,8,7,15,1,65.1,256,50,18,12,4,13,5,3,5,0,70,12828,RP,2021,131.6279605,1.47,,15.44835526,0.88464563,-0.447735192,0.674418605,0.181034483,2.76,0.96647461
Kendall Graveman,- - -,5,1,1.77,0.982142857,53,0,0,0,10,11,21,5,56,222,35,15,11,3,20,1,8,3,0,61,15514,RP,2021,107.1315789,1.20,,12.48245614,0.716450476,-0.604529617,-0.255813953,0.698275862,1.75,0.612406957
Andrew Chafin,- - -,2,4,1.83,0.938416422,71,0,0,0,5,22,27,3,68.2,266,45,14,14,4,19,1,2,3,0,64,12988,RP,2021,125.0388158,1.40,,18.18399123,1.039782636,-0.552264808,-0.953488372,1.215517241,2.14,0.750726903
Collin McHugh,TBR,6,1,1.9,1.019230769,30,0,0,0,1,6,7,2,52,206,42,15,11,3,11,2,2,2,1,62,7531,RP,2021,92.40789474,1.03,,9.662280702,0.556519265,-0.587108014,-0.023255814,-0.50862069,0.47,0.163944429
Garrett Whitlock,BOS,8,4,1.96,1.108071135,46,0,0,0,2,14,16,3,73.1,298,64,22,16,6,17,2,3,3,1,81,20191,RP,2021,125.0753289,1.40,,7.08870614,0.410572707,-0.256097561,0.441860465,0.267241379,2.26,0.790780262
Luke Jackson,ATL,2,2,1.98,1.170886076,71,0,0,0,0,31,31,4,63.2,261,45,15,14,6,29,2,2,3,1,70,11752,RP,2021,106.6342105,1.19,,2.15877193,0.130997776,-0.447735192,-0.953488372,1.560344828,1.48,0.517970073
Blake Treinen,LAD,6,5,1.99,0.984743412,72,0,0,0,7,32,39,4,72.1,286,46,20,16,5,25,1,3,3,0,85,12572,RP,2021,121.3944079,1.35,,15.88366228,0.909331746,-0.18641115,-0.023255814,2.25,4.30,1.50651956
Drew Steckenrider,SEA,5,2,2,1.026785714,62,0,0,0,14,7,21,3,67.2,267,52,16,15,5,17,2,4,0,0,58,18806,RP,2021,112.3578947,1.25,,11.97894737,0.687896661,-0.656794425,-0.255813953,0.698275862,1.73,0.604553955
Jordan Romano,TOR,7,1,2.14,1.047619048,62,0,0,0,23,5,28,1,63,253,41,17,15,7,25,0,1,2,0,85,16122,RP,2021,96.89802632,1.08,,9.917763158,0.57100759,-0.18641115,0.209302326,1.301724138,2.98,1.041830514
Jose Alvarez,SFG,5,1,2.14,1.047619048,66,0,0,0,0,8,8,0,63,255,49,21,15,2,17,1,0,1,0,42,5358,RP,2021,96.89802632,1.08,,9.917763158,0.57100759,-0.93554007,-0.255813953,-0.422413793,0.04,0.013396418
Jonathan Loaisiga,NYY,9,4,2.17,1.025641026,57,0,0,0,5,17,22,4,70.2,283,56,19,17,3,16,0,3,4,1,69,19753,RP,2021,105.4006579,1.18,,12.59407895,0.722780569,-0.465156794,0.674418605,0.784482759,2.89,1.012389342
Kenley Jansen,LAD,4,4,2.22,1.043478261,69,0,0,0,38,0,38,5,69,278,36,21,17,4,36,4,2,4,2,86,3096,RP,2021,100.9835526,1.13,,11.14802632,0.640775405,-0.168989547,-0.488372093,2.163793103,3.27,1.145858231
Tyler Rogers,SFG,7,1,2.22,1.074074074,80,0,0,0,13,30,43,6,81,326,74,23,20,5,13,0,5,0,0,55,15541,RP,2021,118.1546053,1.32,,10.60855263,0.610182031,-0.709059233,0.209302326,2.594827586,4.02,1.408308561
David Bednar,PIT,3,1,2.23,0.980066445,61,0,0,0,3,13,16,2,60.2,237,40,15,15,5,19,2,1,1,0,77,19569,RP,2021,86.59144737,0.97,,13.54364035,0.77662988,-0.325783972,-0.720930233,0.267241379,0.96,0.337071463
Mark Melancon,SDP,4,3,2.23,1.230529595,64,0,0,0,39,0,39,6,64.2,265,54,21,16,4,25,4,1,3,0,59,4264,RP,2021,92.31513158,1.03,,-1.636184211,-0.084212925,-0.639372822,-0.488372093,2.25,2.07,0.723759344
Ryan Pressly,HOU,5,3,2.25,0.96875,64,0,0,0,26,1,27,2,64,250,49,19,16,4,13,1,0,3,0,81,7005,RP,2021,91.57894737,1.02,,15.12280702,0.866183897,-0.256097561,-0.255813953,1.215517241,2.59,0.906992671
Adam Cimber,- - -,3,4,2.26,1.081460674,72,0,0,0,1,5,6,0,71.2,286,61,24,18,2,16,4,7,1,0,51,15288,RP,2021,100.0815789,1.12,,8.799122807,0.507569867,-0.778745645,-0.720930233,-0.594827586,-0.47,-0.16461741
Craig Kimbrel,- - -,4,5,2.26,0.912162162,63,0,0,0,24,6,30,5,59.2,235,31,19,15,6,23,1,3,8,1,100,6655,RP,2021,82.91052632,0.92,,17.33859649,0.991840582,0.074912892,-0.488372093,1.474137931,2.98,1.042056823
Zack Littell,SFG,4,0,2.37,1.046511628,61,0,0,0,2,5,7,4,60.2,243,42,20,16,7,21,1,2,3,2,62,15823,RP,2021,77.59144737,0.87,,9.543640351,0.54979121,-0.587108014,-0.488372093,-0.50862069,-0.17,-0.059129487
Scott Barlow,KCR,5,3,2.42,1.201079622,71,0,0,0,16,14,30,6,74.1,306,61,20,20,4,28,2,2,4,0,91,14993,RP,2021,92.75625,1.03,,0.29375,0.025233002,-0.081881533,-0.255813953,1.474137931,2.20,0.768755652
Devin Williams,MIL,8,2,2.5,1.185185185,58,0,0,0,3,23,26,3,54,226,36,17,15,5,28,0,2,2,1,87,15816,RP,2021,63.76973684,0.71,,1.072368421,0.069388194,-0.151567944,0.441860465,1.129310345,2.20,0.769986498
Luis Cessa,- - -,5,2,2.51,1.152647975,53,0,0,0,0,4,4,0,64.2,261,55,24,18,5,19,1,0,1,0,54,13345,RP,2021,74.31513158,0.83,,3.363815789,0.199335413,-0.726480836,-0.255813953,-0.767241379,-0.72,-0.252500927
JT Chargois,- - -,6,1,2.52,1.090225564,56,0,0,0,0,15,15,5,53.2,216,38,16,15,5,20,3,6,2,1,53,13767,RP,2021,60.825,0.68,,6.108333333,0.354976091,-0.743902439,-0.023255814,0.181034483,0.45,0.156424795
Michael Fulmer,DET,4,4,2.53,1.263157895,48,0,0,0,14,9,23,4,57,241,57,18,16,6,15,2,5,1,0,66,13218,RP,2021,65.8125,0.73,,-3.3125,-0.179276237,-0.517421603,-0.488372093,0.870689655,0.42,0.146793195
Liam Hendriks,CHW,8,3,2.54,0.732394366,69,0,0,0,38,0,38,6,71,267,45,23,20,11,7,1,1,6,0,113,3548,RP,2021,81.34539474,0.91,,33.55811404,1.91164403,0.301393728,0.441860465,2.163793103,5.73,2.004097777
Raisel Iglesias,LAA,7,5,2.57,0.928571429,65,0,0,0,34,0,34,5,70,273,53,25,20,11,12,0,1,2,1,103,17130,RP,2021,77.66447368,0.87,,19.35307018,1.106080715,0.1271777,0.209302326,1.818965517,4.13,1.444698572
Tyler Matzek,ATL,0,4,2.57,1.222222222,69,0,0,0,0,24,24,0,63,264,40,19,18,3,37,5,2,6,0,77,10058,RP,2021,69.89802632,0.78,,-1.082236842,-0.052798754,-0.325783972,-1.418604651,0.956896552,-0.06,-0.021302167
Hunter Strickland,- - -,3,2,2.61,1.16838488,57,0,0,0,0,2,2,0,58.2,242,46,21,17,8,22,0,2,3,0,58,7836,RP,2021,61.22960526,0.68,,2.133552632,0.129567598,-0.656794425,-0.720930233,-0.939655172,-1.51,-0.526825898
Jarlin Garcia,SFG,6,3,2.62,0.967741935,58,0,0,0,1,11,12,2,68.2,269,48,26,20,9,18,3,2,2,2,68,18282,RP,2021,71.03881579,0.79,,16.18399123,0.926363301,-0.482578397,-0.023255814,-0.077586207,1.14,0.397289817
Lucas Luetge,NYY,4,2,2.69,1.141226819,56,0,0,0,1,3,4,2,70.1,293,65,29,21,6,15,1,3,7,0,77,8337,RP,2021,69.03256579,0.77,,4.473574561,0.262269464,-0.325783972,-0.488372093,-0.767241379,-0.55,-0.192278893
Caleb Smith,ARI,3,1,2.7,1.15658363,32,0,0,0,0,2,2,2,56.2,236,42,19,17,6,23,1,3,1,0,59,14875,RP,2021,53.86776316,0.60,,2.723464912,0.163021327,-0.639372822,-0.720930233,-0.939655172,-1.54,-0.537802392
Cole Sulser,BAL,5,4,2.7,1.125198098,60,0,0,0,8,6,14,3,63.1,257,48,20,19,5,23,0,0,6,1,73,15256,RP,2021,61.26611842,0.68,,5.038267544,0.294293015,-0.395470383,-0.255813953,0.094827586,0.42,0.147293832
Jake McGee,SFG,3,2,2.72,0.912162162,62,0,0,0,31,8,39,5,59.2,239,44,25,18,7,10,1,2,0,0,58,7550,RP,2021,55.91052632,0.62,,17.33859649,0.991840582,-0.656794425,-0.720930233,2.25,2.49,0.870552761
J.P. Feyereisen,- - -,4,4,2.73,1.232142857,55,0,0,0,3,15,18,3,56,234,36,23,17,5,33,0,0,3,0,53,16610,RP,2021,53.13157895,0.59,,-1.51754386,-0.07748487,-0.743902439,-0.488372093,0.439655172,-0.28,-0.097289244
Diego Castillo,- - -,5,5,2.78,0.981067126,61,0,0,0,16,10,26,6,58.1,233,40,23,18,9,17,2,5,2,0,75,17496,RP,2021,51.86151316,0.58,,13.01304825,0.746540178,-0.360627178,-0.255813953,1.129310345,1.84,0.643074902
Ryan Tepera,- - -,0,2,2.79,0.883797054,65,0,0,0,2,21,23,3,61.1,240,35,19,19,4,19,1,4,4,0,74,10291,RP,2021,53.90427632,0.60,,19.62817982,1.121682091,-0.37804878,-1.418604651,0.870689655,0.80,0.27876969
Brent Suter,MIL,12,4,2.79,1.281690141,60,0,0,0,1,8,9,8,71,301,68,31,22,9,23,3,1,1,1,67,13942,RP,2021,63.34539474,0.71,,-5.441885965,-0.300033007,-0.5,1.372093023,-0.336206897,0.94,0.329729154
Craig Stammen,SDP,6,3,2.8,0.948813983,63,0,0,0,1,7,8,1,80.1,318,66,26,25,13,10,0,3,3,0,78,7274,RP,2021,69.84177632,0.78,,20.52401316,1.172484502,-0.308362369,-0.023255814,-0.422413793,1.20,0.419038083
Phil Bickford,- - -,4,2,2.81,1.076320939,57,0,0,0,1,9,10,2,51.1,207,36,18,16,7,19,7,3,0,0,59,18519,RP,2021,44.09506579,0.49,,6.577741228,0.381596056,-0.639372822,-0.488372093,-0.25,-0.50,-0.176735246
Dylan Floro,MIA,6,6,2.81,1.21875,68,0,0,0,15,11,26,6,64,270,53,25,20,2,25,3,0,1,0,62,13394,RP,2021,55.57894737,0.62,,-0.877192982,-0.041170785,-0.587108014,-0.023255814,1.129310345,1.10,0.384037308
Garrett Crochet,CHW,3,5,2.82,1.275415896,54,0,0,0,0,12,12,1,54.1,230,42,22,17,2,27,2,1,4,0,65,27463,RP,2021,46.13782895,0.51,,-3.807127193,-0.20732638,-0.534843206,-0.720930233,-0.077586207,-1.03,-0.359336589
Anthony Bender,MIA,3,2,2.83,1.081530782,59,0,0,0,3,12,15,2,60.1,243,45,22,19,5,20,3,5,4,0,70,19742,RP,2021,50.22335526,0.56,,7.423135965,0.429538111,-0.447735192,-0.720930233,0.181034483,0.00,0.000544359
Josh Staumont,KCR,4,3,2.88,1.073619632,64,0,0,0,5,16,21,0,65.2,264,43,24,21,6,27,1,2,4,0,72,18335,RP,2021,50.99605263,0.57,,8.568859649,0.49451172,-0.412891986,-0.488372093,0.698275862,0.86,0.300931119
Richard Rodriguez,- - -,5,4,2.94,0.936037441,64,0,0,0,14,8,22,3,64.1,251,50,21,21,8,10,1,2,4,1,42,13549,RP,2021,46.94703947,0.52,,17.2433114,0.986436996,-0.93554007,-0.255813953,0.784482759,1.10,0.385915325
Richard Bleier,MIA,3,2,2.95,0.982758621,68,0,0,0,0,20,20,6,58,225,51,20,19,4,6,3,3,1,0,44,7803,RP,2021,42.49342105,0.47,,12.89254386,0.739706415,-0.900696864,-0.720930233,0.612068966,0.20,0.071206746
Giovanny Gallegos,STL,6,5,3.02,0.88639201,73,0,0,0,14,24,38,8,80.1,310,51,28,27,6,20,2,6,4,0,95,14986,RP,2021,51.84177632,0.58,,25.52401316,1.45603284,-0.012195122,-0.023255814,2.163793103,4.16,1.456735702
Jose Ruiz,CHW,1,3,3.05,1.169230769,59,0,0,0,0,4,4,1,65,271,51,26,22,8,25,1,0,2,2,63,14552,RP,2021,41.25986842,0.46,,2.327850877,0.140586187,-0.569686411,-1.186046512,-0.767241379,-1.92,-0.673003859
Hirokazu Sawamura,BOS,5,1,3.06,1.452830189,55,0,0,0,0,10,10,1,53,233,45,24,18,9,32,6,2,8,0,61,27515,RP,2021,33.08881579,0.37,,-13.13267544,-0.736175122,-0.604529617,-0.255813953,-0.25,-1.48,-0.517396221
Paul Sewald,SEA,10,3,3.06,1.028037383,62,0,0,0,11,16,27,5,64.2,264,42,24,22,10,24,5,0,2,0,104,13892,RP,2021,38.31513158,0.43,,11.36381579,0.653012754,0.144599303,0.906976744,1.215517241,3.35,1.171355952
Chad Green,NYY,10,7,3.12,0.889423077,67,0,0,0,6,18,24,6,83.2,315,57,32,29,14,17,2,0,5,0,99,15552,RP,2021,45.25263158,0.50,,26.25964912,1.497750511,0.057491289,0.906976744,0.956896552,3.92,1.373132915
Pierce Johnson,SDP,3,3,3.18,1.263345196,61,0,0,0,0,9,9,2,56.2,234,45,20,20,5,26,3,0,6,0,73,13435,RP,2021,26.86776316,0.30,,-3.276535088,-0.177236678,-0.395470383,-0.720930233,-0.336206897,-1.33,-0.465882819
Lou Trivino,OAK,7,8,3.18,1.256830601,71,0,0,0,22,8,30,4,73.2,310,58,32,26,5,34,2,4,7,0,67,15043,RP,2021,35.44342105,0.39,,-3.790789474,-0.206399874,-0.5,0.209302326,1.474137931,1.37,0.480055341
Tyler Duffey,MIN,3,3,3.18,1.223832528,64,0,0,0,3,22,25,2,62.1,254,48,25,22,4,28,1,2,5,0,61,13758,RP,2021,30.58519737,0.34,,-1.166776316,-0.05759296,-0.604529617,-0.720930233,1.043103448,0.00,0.000114558
Brett Martin,TEX,4,4,3.18,1.304347826,66,0,0,0,0,11,11,2,62.1,264,67,31,22,5,14,4,0,4,0,42,17369,RP,2021,30.58519737,0.34,,-6.166776316,-0.341141298,-0.93554007,-0.488372093,-0.163793103,-1.59,-0.555999463
Ian Kennedy,- - -,3,1,3.2,1.10516934,55,0,0,0,26,0,26,4,56.1,228,45,21,20,12,17,3,2,0,0,62,6986,RP,2021,26.49967105,0.29,,5.602960526,0.326316567,-0.587108014,-0.720930233,1.129310345,0.44,0.154779537
Chasen Shreve,PIT,3,3,3.2,1.265597148,57,0,0,0,0,11,11,2,56.1,235,43,20,20,7,28,0,1,0,0,45,10855,RP,2021,26.49967105,0.29,,-3.397039474,-0.184070442,-0.883275261,-0.720930233,-0.163793103,-1.66,-0.580100659
Caleb Thielbar,MIN,7,0,3.23,1.171875,59,0,0,0,0,12,12,0,64,266,55,24,23,8,20,1,3,3,0,77,10078,RP,2021,28.57894737,0.32,,2.122807018,0.128958218,-0.325783972,0.209302326,-0.077586207,0.25,0.088464554
Alex Reyes,STL,10,8,3.24,1.359223301,69,0,0,0,29,3,32,5,72.1,317,46,32,26,9,52,1,2,10,1,95,15015,RP,2021,31.39440789,0.35,,-11.11633772,-0.62182928,-0.012195122,0.906976744,1.646551724,2.27,0.794087057
Daniel Hudson,- - -,5,3,3.31,1.09375,54,0,0,0,0,16,16,3,51.2,210,40,22,19,8,16,1,0,3,0,75,7146,RP,2021,17.46315789,0.19,,5.698245614,0.331720152,-0.360627178,-0.255813953,0.267241379,0.18,0.061675262
Brad Boxberger,MIL,5,4,3.34,1.074766355,71,0,0,0,4,23,27,5,64.2,266,44,26,24,8,25,1,6,3,0,83,10133,RP,2021,20.31513158,0.23,,8.363815789,0.482883751,-0.221254355,-0.255813953,1.215517241,1.45,0.506410026
Mychal Givens,- - -,4,3,3.35,1.37254902,54,0,0,0,8,11,19,3,51,216,43,22,19,7,27,4,2,2,1,54,10430,RP,2021,16.72697368,0.19,,-8.542763158,-0.475882722,-0.726480836,-0.488372093,0.525862069,-0.98,-0.342790917
Aroldis Chapman,NYY,6,4,3.36,1.319073084,61,0,0,0,30,1,31,4,56.1,243,36,23,21,9,38,2,3,7,0,97,10233,RP,2021,17.49967105,0.19,,-6.397039474,-0.354199445,0.022648084,-0.023255814,1.560344828,1.40,0.489874057
Gregory Soto,DET,6,3,3.39,1.360759494,62,0,0,0,18,7,25,1,63.2,276,46,30,24,7,40,2,1,11,1,76,19677,RP,2021,16.63421053,0.18,,-9.84122807,-0.549518235,-0.343205575,-0.023255814,1.043103448,0.31,0.109045495
Tim Mayza,TOR,5,2,3.4,0.981132075,61,0,0,0,1,18,19,3,53,210,40,21,20,5,12,0,3,2,0,57,15042,RP,2021,15.08881579,0.17,,11.86732456,0.681566569,-0.674216028,-0.255813953,0.525862069,0.44,0.155599601
Ryne Stanek,HOU,3,5,3.42,1.218795888,72,0,0,0,2,21,23,2,68.1,290,46,32,26,8,37,3,5,6,0,83,15947,RP,2021,16.67072368,0.18,,-0.936513158,-0.044534812,-0.221254355,-0.720930233,0.870689655,0.07,0.024084503
Steve Cishek,LAA,0,2,3.42,1.497797357,74,0,0,0,0,21,21,4,68.1,308,61,32,26,2,41,5,6,4,2,64,6483,RP,2021,16.67072368,0.18,,-19.93651316,-1.122018497,-0.552264808,-1.418604651,0.698275862,-2.21,-0.77341932
Will Smith,ATL,3,7,3.44,1.132352941,71,0,0,0,37,0,37,6,68,283,49,27,26,11,28,2,5,3,0,87,8048,RP,2021,16.30263158,0.18,,4.942982456,0.28888943,-0.151567944,-0.720930233,2.077586207,1.67,0.586147882
Edwin Diaz,NYM,5,6,3.45,1.061093248,63,0,0,0,32,0,32,6,62.2,257,43,27,24,3,23,1,9,5,1,89,14710,RP,2021,12.95328947,0.14,,8.95372807,0.51633748,-0.116724739,-0.255813953,1.646551724,1.93,0.676783406
Wandy Peralta,- - -,5,4,3.47,1.384928717,55,0,0,0,5,5,10,1,49.1,212,47,24,19,6,21,1,1,4,1,41,14295,RP,2021,9.733223684,0.11,,-8.832346491,-0.492304896,-0.952961672,-0.255813953,-0.25,-1.84,-0.645307064
Bryan Shaw,CLE,6,7,3.49,1.387808042,81,0,0,0,2,20,22,6,77.1,334,69,33,30,10,38,0,1,6,0,71,8110,RP,2021,13.79901316,0.15,,-14.09111842,-0.790528105,-0.430313589,-0.023255814,0.784482759,-0.31,-0.107397879
Connor Brogdon,PHI,5,4,3.49,1.120996441,55,0,0,0,1,10,11,4,56.2,230,46,27,22,6,17,2,1,1,0,50,21205,RP,2021,8.867763158,0.10,,4.723464912,0.276440663,-0.796167247,-0.255813953,-0.163793103,-0.84,-0.294579378
Trevor Richards,- - -,7,2,3.5,0.96723869,53,0,0,0,1,6,7,5,64.1,251,40,26,25,12,22,1,0,8,0,78,19309,RP,2021,10.94703947,0.12,,15.2433114,0.873017661,-0.308362369,0.209302326,-0.50862069,0.39,0.135184743
Aaron Bummer,CHW,5,5,3.51,1.265597148,62,0,0,0,2,21,23,6,56.1,242,42,28,22,3,29,3,4,5,0,75,16258,RP,2021,8.499671053,0.09,,-3.397039474,-0.184070442,-0.360627178,-0.255813953,0.870689655,0.16,0.057310583
Mike Mayers,LAA,5,4,3.53,1.265822785,70,0,0,0,2,17,19,3,71.1,298,65,28,28,11,25,0,3,0,0,88,15451,RP,2021,9.713486842,0.11,,-4.321381579,-0.236489576,-0.134146341,-0.255813953,0.525862069,0.01,0.002288223
Taylor Hearn,TEX,2,2,3.54,1.355932203,31,0,0,0,0,1,1,1,53.1,230,45,25,21,8,27,1,2,2,0,55,18325,RP,2021,6.456907895,0.07,,-8.012171053,-0.44579302,-0.709059233,-0.953488372,-1.025862069,-3.06,-1.072209354
Kyle Finnegan,WSN,5,9,3.55,1.484848485,68,0,0,0,11,13,24,3,66,294,64,39,26,9,34,4,2,8,0,68,15009,RP,2021,8.940789474,0.10,,-18.46710526,-1.038688864,-0.482578397,-0.255813953,0.956896552,-0.72,-0.252591722
Miguel Castro,NYM,3,4,3.56,1.306901615,67,0,0,0,0,9,9,2,68.1,295,47,30,27,7,42,0,6,8,0,75,15684,RP,2021,7.670723684,0.08,,-6.936513158,-0.384792818,-0.360627178,-0.720930233,-0.336206897,-1.72,-0.601387705
Trevor May,NYM,7,3,3.59,1.270096463,68,0,0,0,4,16,20,3,62.2,266,55,29,25,10,24,4,0,7,0,83,6398,RP,2021,3.953289474,0.04,,-4.04627193,-0.220888199,-0.221254355,0.209302326,0.612068966,0.42,0.147703159
Clay Holmes,- - -,8,4,3.6,1.171428571,69,0,0,0,0,11,11,2,70,292,53,32,28,5,29,2,4,9,1,78,13649,RP,2021,5.664473684,0.06,,2.353070175,0.142016365,-0.308362369,0.441860465,-0.163793103,0.17,0.060765855
Tim Hill,SDP,6,6,3.62,1.25,78,0,0,0,1,17,18,4,59.2,255,51,34,24,9,23,5,6,1,0,56,16814,RP,2021,1.910526316,0.02,,-2.661403509,-0.142352771,-0.691637631,-0.023255814,0.439655172,-0.40,-0.139170428
Chris Stratton,PIT,7,1,3.63,1.302149178,68,0,0,0,8,7,15,5,79.1,337,70,34,32,9,33,2,1,3,0,86,13761,RP,2021,3.160855263,0.03,,-7.681030702,-0.427014161,-0.168989547,0.209302326,0.181034483,-0.17,-0.060108522
Hector Neris,PHI,4,7,3.63,1.174089069,74,0,0,0,12,11,23,7,74.1,310,55,34,30,12,32,3,4,4,1,98,11804,RP,2021,2.75625,0.03,,2.29375,0.138652338,0.040069686,-0.488372093,0.870689655,0.59,0.206656848
Jose Cisnero,DET,4,4,3.65,1.339869281,67,0,0,0,4,18,22,4,61.2,265,51,34,25,6,31,1,4,4,0,62,6399,RP,2021,0.272368421,0.00,,-8.251315789,-0.459354838,-0.587108014,-0.488372093,0.784482759,-0.75,-0.262041594
Jake Brentz,KCR,5,2,3.66,1.28125,72,0,0,0,2,15,17,5,64,278,45,32,26,7,37,1,6,8,2,76,17783,RP,2021,1.578947368,0.02,,-4.877192982,-0.268009455,-0.343205575,-0.255813953,0.353448276,-0.50,-0.174063197
Kyle Funkhouser,DET,7,4,3.69,1.442155309,55,0,0,0,1,9,10,4,63.1,277,55,32,26,6,36,0,2,9,1,60,19456,RP,2021,-1.733881579,-0.02,,-14.96173246,-0.839900337,-0.62195122,0.209302326,-0.25,-1.52,-0.533154468
Matt Wisler,- - -,3,5,3.7,1.078838174,48,0,0,0,1,10,11,3,48.2,195,41,24,20,6,11,1,1,1,1,62,12804,RP,2021,-2.579605263,-0.03,,6.083114035,0.353545913,-0.587108014,-0.720930233,-0.163793103,-1.15,-0.401968696
Archie Bradley,PHI,7,3,3.71,1.431372549,53,0,0,0,2,13,15,3,51,224,51,24,21,5,22,1,3,1,0,40,12918,RP,2021,-1.273026316,-0.02,,-11.54276316,-0.646011725,-0.970383275,0.209302326,0.181034483,-1.24,-0.434580781
Genesis Cabrera,STL,4,5,3.73,1.257142857,71,0,0,0,0,28,28,3,70,296,52,31,29,3,36,2,5,9,0,77,17490,RP,2021,-3.335526316,-0.04,,-3.646929825,-0.198241641,-0.325783972,-0.488372093,1.301724138,0.25,0.087740006
Anthony Bass,MIA,3,8,3.73,1.297836938,69,0,0,0,0,19,19,4,60.1,256,54,32,25,10,24,6,3,0,0,56,7982,RP,2021,-3.776644737,-0.04,,-5.576864035,-0.307687568,-0.691637631,-0.720930233,0.525862069,-1.24,-0.433286578
Nabil Crismatt,SDP,3,1,3.76,1.368680641,45,0,0,0,0,1,1,0,81.1,351,87,40,34,10,24,2,8,3,0,71,17732,RP,2021,-7.477302632,-0.08,,-13.27094298,-0.744016228,-0.430313589,-0.720930233,-1.025862069,-3.01,-1.052110239
A.J. Minter,ATL,3,6,3.78,1.22840691,61,0,0,0,0,23,23,6,52.1,221,44,27,22,2,20,0,1,0,2,57,18655,RP,2021,-6.224013158,-0.07,,-1.217214912,-0.060453316,-0.674216028,-0.720930233,0.870689655,-0.66,-0.229535939
Matt Barnes,BOS,6,5,3.79,1.125461255,60,0,0,0,24,0,24,6,54.2,222,41,25,23,8,20,2,2,3,0,84,12863,RP,2021,-7.494078947,-0.09,,4.313377193,0.253184724,-0.203832753,-0.023255814,0.956896552,0.90,0.31426436
Jake Diekman,OAK,3,3,3.86,1.34551495,67,0,0,0,7,14,21,7,60.2,262,47,29,26,10,34,2,4,8,0,83,5003,RP,2021,-12.40855263,-0.14,,-8.456359649,-0.470982808,-0.221254355,-0.720930233,0.698275862,-0.85,-0.29920942
Brad Hand,- - -,6,7,3.9,1.277258567,68,0,0,0,21,3,24,8,64.2,278,56,39,28,9,26,4,6,3,0,61,9111,RP,2021,-15.68486842,-0.18,,-4.636184211,-0.254341928,-0.604529617,-0.023255814,0.956896552,-0.10,-0.035637696
Michael Kopech,CHW,3,3,3.9,1.234119782,40,0,0,0,0,13,13,1,55.1,234,47,24,24,7,21,1,1,3,0,80,17282,RP,2021,-13.18125,-0.15,,-1.602083333,-0.082279076,-0.273519164,-0.720930233,0.00862069,-1.22,-0.42585615
Jorge Alcala,MIN,3,6,3.92,0.97972973,59,0,0,0,1,11,12,4,59.2,229,45,29,26,10,13,1,2,1,1,61,19459,RP,2021,-16.08947368,-0.18,,13.33859649,0.765001911,-0.604529617,-0.720930233,-0.077586207,-0.82,-0.286704265
Yusmeiro Petit,OAK,8,3,3.92,1.038461538,78,0,0,0,2,22,24,6,78,313,69,35,34,12,12,1,1,1,0,37,4020,RP,2021,-18.88815789,-0.21,,12.99342105,0.745427127,-1.022648084,0.441860465,0.956896552,0.91,0.31820669
Tony Watson,- - -,7,4,3.92,1.015761821,62,0,0,0,0,19,19,3,57.1,225,40,26,25,4,18,1,0,0,0,44,3132,RP,2021,-14.81940789,-0.17,,10.80800439,0.621492874,-0.900696864,0.209302326,0.525862069,0.29,0.10116295
Cristian Javier,HOU,1,0,3.93,1.340996169,27,0,0,0,2,5,7,2,52.2,230,38,24,23,9,32,1,4,4,0,72,17606,RP,2021,-14.85592105,-0.17,,-7.096710526,-0.393877558,-0.412891986,-1.186046512,-0.50862069,-2.67,-0.934068809
Jeurys Familia,NYM,9,4,3.94,1.421319797,65,0,0,0,1,11,12,6,59.1,262,57,31,26,10,27,2,2,4,0,72,5114,RP,2021,-16.45756579,-0.19,,-12.78190789,-0.716283211,-0.412891986,0.674418605,-0.077586207,-0.72,-0.251147937
Josh Sborz,TEX,4,3,3.97,1.423728814,63,0,0,0,1,9,10,3,59,257,52,29,26,7,32,1,0,8,0,69,18323,RP,2021,-16.82565789,-0.19,,-12.90241228,-0.723116974,-0.465156794,-0.488372093,-0.25,-2.12,-0.740593152
James Karinchak,CLE,7,4,4.07,1.215970962,60,0,0,0,11,13,24,5,55.1,235,35,27,25,9,32,0,2,3,0,78,20151,RP,2021,-22.18125,-0.25,,-0.602083333,-0.025569408,-0.308362369,0.209302326,0.956896552,0.58,0.204087433
Austin Adams,SDP,3,2,4.1,1.206896552,65,0,0,0,0,10,10,1,52.2,241,28,28,24,1,35,2,24,4,0,76,13801,RP,2021,-23.85592105,-0.27,,-0.096710526,0.003090116,-0.343205575,-0.720930233,-0.25,-1.58,-0.552619566
Tyler Wells,BAL,2,3,4.11,0.912280702,44,0,0,0,4,1,5,3,57,224,40,27,26,9,12,0,1,1,1,65,20000,RP,2021,-24.1875,-0.27,,16.6875,0.954917116,-0.534843206,-0.953488372,-0.681034483,-1.49,-0.52010709
Deolis Guerra,OAK,4,1,4.11,1.119631902,53,0,0,0,0,3,3,0,65.2,269,53,34,30,8,20,0,4,1,0,62,8410,RP,2021,-30.00394737,-0.34,,5.568859649,0.324382717,-0.587108014,-0.488372093,-0.853448276,-1.94,-0.679381717
Zach Pop,MIA,1,0,4.12,1.439114391,50,0,0,0,0,1,1,1,54.2,246,54,29,25,3,24,2,8,2,0,51,20185,RP,2021,-25.49407895,-0.29,,-12.68662281,-0.710879625,-0.778745645,-1.186046512,-1.025862069,-3.99,-1.395695186
Alex Colome,MIN,4,4,4.15,1.4,67,0,0,0,17,5,22,7,65,290,68,41,30,8,23,1,4,2,0,58,6661,RP,2021,-30.74013158,-0.34,,-12.67214912,-0.710058827,-0.656794425,-0.488372093,0.784482759,-1.42,-0.495428926
Jose Alvarado,PHI,7,1,4.2,1.612318841,64,0,0,0,5,16,21,3,55.2,251,42,30,26,5,47,5,7,9,1,68,17780,RP,2021,-30.81315789,-0.35,,-22.48157895,-1.266348332,-0.482578397,0.209302326,0.698275862,-1.19,-0.415426524
Adam Ottavino,BOS,7,3,4.21,1.451612903,69,0,0,0,11,22,33,6,62,276,55,31,29,5,35,2,7,4,0,71,1247,RP,2021,-32.78289474,-0.37,,-15.2872807,-0.85836207,-0.430313589,0.209302326,1.732758621,0.29,0.100029165
Yimi Garcia,- - -,4,9,4.21,1.171328671,62,0,0,0,15,4,19,3,57.2,237,49,33,27,8,18,5,1,0,0,60,12095,RP,2021,-32.45131579,-0.36,,1.928508772,0.117939629,-0.62195122,-0.488372093,0.525862069,-0.83,-0.290641864
Codi Heuer,- - -,7,4,4.28,1.31147541,65,0,0,0,2,17,19,3,67.1,281,65,34,32,7,23,3,2,6,0,56,23293,RP,2021,-41.01019737,-0.46,,-7.141557018,-0.396420787,-0.691637631,0.209302326,0.525862069,-0.81,-0.284335176
Dennis Santana,- - -,2,4,4.28,1.47601476,55,0,0,0,0,6,6,2,54.2,237,48,31,26,4,32,2,3,4,0,46,17878,RP,2021,-34.49407895,-0.39,,-14.68662281,-0.82429896,-0.865853659,-0.953488372,-0.594827586,-3.63,-1.268809966
Jhoulys Chacin,COL,3,2,4.33,1.264559068,45,0,0,0,0,17,17,2,60.1,253,49,30,29,7,27,0,0,1,0,44,2608,RP,2021,-39.77664474,-0.45,,-3.576864035,-0.194268233,-0.900696864,-0.720930233,0.353448276,-1.91,-0.667855871
Duane Underwood Jr.,PIT,2,3,4.33,1.440443213,43,0,0,0,0,2,2,0,72.2,320,77,40,35,9,27,1,4,3,0,65,14677,RP,2021,-49.2375,-0.55,,-16.99583333,-0.955253522,-0.534843206,-0.953488372,-0.939655172,-3.93,-1.377122945
Carlos Estevez,COL,3,5,4.38,1.503267974,64,0,0,0,11,15,26,6,61.2,270,71,32,30,8,21,0,2,5,0,60,14542,RP,2021,-44.72763158,-0.50,,-18.25131579,-1.026451515,-0.62195122,-0.720930233,1.129310345,-1.74,-0.609364372
Dillon Tate,BAL,0,6,4.39,1.25,62,0,0,0,3,7,10,2,67.2,287,61,35,33,7,23,0,7,7,0,49,17796,RP,2021,-49.64210526,-0.56,,-3.021052632,-0.162748353,-0.81358885,-1.418604651,-0.25,-3.20,-1.120300399
Trevor Stephan,CLE,3,1,4.41,1.410459588,43,0,0,0,1,3,4,0,63.1,282,58,32,31,15,31,1,3,0,0,75,19932,RP,2021,-46.73388158,-0.52,,-12.96173246,-0.726481002,-0.360627178,-0.720930233,-0.767241379,-3.10,-1.08454829
Hansel Robles,- - -,3,5,4.43,1.376811594,72,0,0,0,14,17,31,2,69,297,58,39,34,8,37,3,5,4,1,76,11801,RP,2021,-52.01644737,-0.58,,-11.85197368,-0.663546951,-0.343205575,-0.720930233,1.560344828,-0.75,-0.262422077
Sean Doolittle,- - -,3,1,4.53,1.483739837,56,0,0,0,1,5,6,4,49.2,223,50,27,25,7,23,3,2,2,0,53,1581,RP,2021,-43.89868421,-0.49,,-13.71184211,-0.769019471,-0.743902439,-0.720930233,-0.594827586,-3.32,-1.162153394
Ervin Santana,KCR,2,1,4.55,1.353637902,36,0,0,0,0,0,0,0,59.1,252,59,31,30,8,21,1,2,7,2,49,3200,RP,2021,-52.45756579,-0.59,,-8.781907895,-0.48944454,-0.81358885,-0.953488372,-1.112068966,-3.96,-1.384585212
Anthony Misiewicz,SEA,5,5,4.61,1.402214022,66,0,0,0,0,19,19,5,54.2,236,61,30,28,7,15,2,1,6,0,53,18152,RP,2021,-52.49407895,-0.59,,-10.68662281,-0.59746029,-0.743902439,-0.255813953,0.525862069,-1.66,-0.580681329
Matt Peacock,ARI,4,2,4.64,1.497120921,27,0,0,0,0,0,0,0,52.1,231,62,34,27,7,16,4,1,2,0,26,20339,RP,2021,-51.22401316,-0.57,,-15.21721491,-0.854388662,-1.214285714,-0.488372093,-1.112068966,-4.24,-1.484945995
Sergio Romo,OAK,1,1,4.67,1.258169935,66,0,0,0,3,12,15,4,61.2,259,56,33,32,9,21,2,2,1,0,60,9817,RP,2021,-62.72763158,-0.70,,-3.251315789,-0.1758065,-0.62195122,-1.186046512,0.181034483,-2.50,-0.876701117
Phil Maton,- - -,6,0,4.68,1.443932412,64,0,0,0,0,5,5,4,65.1,290,63,35,34,6,31,0,6,0,0,82,18064,RP,2021,-66.37203947,-0.74,,-15.55164474,-0.873354067,-0.238675958,-0.023255814,-0.681034483,-2.56,-0.895692491
Tyler Kinley,COL,3,2,4.73,1.212553495,70,0,0,0,0,10,10,4,70.1,295,59,37,37,12,26,1,2,4,0,68,18297,RP,2021,-74.96743421,-0.84,,-0.526425439,-0.021278874,-0.482578397,-0.720930233,-0.25,-2.31,-0.80976173
Brooks Raley,HOU,2,3,4.78,1.204081633,58,0,0,0,2,9,11,3,49,205,43,30,26,6,16,0,3,1,1,65,10061,RP,2021,-53.63486842,-0.60,,0.047149123,0.011248349,-0.534843206,-0.953488372,-0.163793103,-2.24,-0.784488117
Nick Wittgren,CLE,2,8,4.82,1.209150327,59,0,0,0,1,9,10,0,61.2,252,60,36,33,13,14,5,2,2,0,61,15594,RP,2021,-71.72763158,-0.80,,-0.251315789,-0.005677497,-0.604529617,-0.953488372,-0.25,-2.62,-0.91571275
Emilio Pagan,SDP,4,3,4.83,1.17274168,67,0,0,0,0,17,17,5,63.1,263,56,35,34,16,18,0,2,0,0,69,14771,RP,2021,-73.73388158,-0.83,,2.038267544,0.124164012,-0.465156794,-0.488372093,0.353448276,-1.30,-0.455334048
Greg Holland,KCR,3,5,4.85,1.358695652,57,0,0,0,8,8,16,4,55.2,243,49,32,30,9,26,2,1,6,1,53,7196,RP,2021,-66.81315789,-0.75,,-8.481578947,-0.472412986,-0.743902439,-0.720930233,0.267241379,-2.42,-0.846206532
Kyle Zimmer,KCR,4,1,5.12,1.392156863,50,0,0,0,2,10,12,1,51,210,43,32,29,7,28,1,0,9,0,41,14169,RP,2021,-73.27302632,-0.82,,-9.542763158,-0.532592389,-0.952961672,-0.488372093,-0.077586207,-2.87,-1.004990742
Tanner Scott,BAL,5,4,5.17,1.574074074,62,0,0,0,0,16,16,2,54,251,48,34,31,6,37,1,6,10,0,70,17586,RP,2021,-80.23026316,-0.90,,-19.92763158,-1.121514826,-0.447735192,-0.255813953,0.267241379,-2.46,-0.859400283
Daniel Bard,COL,7,8,5.21,1.610429448,67,0,0,0,20,4,24,8,65.2,304,69,41,38,8,36,1,7,4,0,80,7115,RP,2021,-102.0039474,-1.14,,-26.43114035,-1.490326647,-0.273519164,0.209302326,0.956896552,-1.74,-0.608468163
Rex Brothers,CHC,3,2,5.26,1.433962264,57,0,0,0,1,8,9,0,53,236,41,31,31,9,35,2,6,5,0,75,9794,RP,2021,-83.91118421,-0.94,,-12.13267544,-0.679465454,-0.360627178,-0.720930233,-0.336206897,-3.04,-1.062584222
Austin Voth,WSN,4,1,5.53,1.542649728,48,0,0,0,0,7,7,5,55.1,242,57,35,34,10,28,5,1,1,0,57,15047,RP,2021,-103.18125,-1.15,,-18.60208333,-1.046343425,-0.674216028,-0.488372093,-0.50862069,-3.87,-1.355037961
Heath Hembree,- - -,2,7,5.59,1.189655172,60,0,0,0,9,7,16,2,58,243,45,39,36,12,24,1,2,2,0,83,11632,RP,2021,-110.5065789,-1.24,,0.89254386,0.059190403,-0.221254355,-0.953488372,0.267241379,-2.08,-0.729443613
Junior Guerra,LAA,5,2,5.74,1.684867395,40,0,0,0,0,2,2,2,64.1,299,64,42,41,6,44,1,3,9,2,59,5702,RP,2021,-133.0529605,-1.49,,-30.7566886,-1.73562705,-0.639372822,-0.255813953,-0.939655172,-5.06,-1.770349334
Daniel Norris,- - -,2,3,6.16,1.49122807,56,0,0,0,1,7,8,3,57,248,55,41,39,9,30,1,2,5,0,58,13475,RP,2021,-141.1875,-1.58,,-16.3125,-0.916501916,-0.656794425,-0.953488372,-0.422413793,-4.53,-1.584708565
Adam Plutko,BAL,1,2,6.18,1.578947368,37,0,0,0,1,5,6,2,55.1,248,61,39,38,15,26,1,3,3,0,44,15846,RP,2021,-139.18125,-1.56,,-20.60208333,-1.159762761,-0.900696864,-1.186046512,-0.594827586,-5.40,-1.889111982
Rafael Montero,- - -,5,4,6.39,1.547861507,44,0,0,0,7,4,11,6,49.1,225,59,40,35,4,17,1,5,4,0,42,12760,RP,2021,-134.2667763,-1.50,,-16.83234649,-0.945982237,-0.93554007,-0.255813953,-0.163793103,-3.80,-1.330826162
Josh Tomlin,ATL,4,0,6.57,1.50712831,35,0,0,0,0,1,1,0,49.1,218,69,36,36,10,5,0,1,0,1,37,9388,RP,2021,-143.2667763,-1.60,,-14.83234649,-0.832562902,-1.022648084,-0.488372093,-1.025862069,-4.97,-1.739924311
Brett de Geus,- - -,3,2,7.56,1.74,47,0,0,0,0,3,3,2,50,238,62,47,42,6,25,1,8,6,0,41,23592,RP,2021,-193.9539474,-2.17,,-26.74780702,-1.508284708,-0.952961672,-0.720930233,-0.853448276,-6.20,-2.171260685
