last_name, first_name,player_id,year,attempts,avg_hit_angle,anglesweetspotpercent,max_hit_speed,avg_hit_speed,fbld,gb,max_distance,avg_distance,avg_hr_distance,ev95plus,ev95per-swing,ev95percent,barrels,brl_percent,brl_pa
Tatis Jr., Fernando,665487,2020,164,8.7,32.3,113.4,95.9,100.2,91.6,458,176,410,102,22.1,62.2,32,19.5,12.5
Seager, Corey,608369,2020,177,11.9,38.4,113.1,93.2,98.3,86.3,447,195,411,99,22,55.9,28,15.8,12.1
Soto, Juan,665742,2020,126,4.3,33.3,113.3,92.1,99.5,86.3,466,162,416,65,21.8,51.6,23,18.3,11.7
Jiménez, Eloy,650391,2020,158,5.7,32.9,113.6,92.4,97.7,89.3,466,153,393,88,20.1,55.7,26,16.5,11.5
Hernández, Teoscar,606192,2020,128,15.3,40.6,115.9,93.3,98.2,86.6,466,196,418,68,17.4,53.1,23,18,11.1
Sanó, Miguel,593934,2020,96,20.2,31.3,115.8,95.2,101.3,91,458,205,412,55,13.4,57.3,22,22.9,10.7
Lowe, Brandon,664040,2020,137,18.1,37.2,111.4,89.8,94.3,83.2,459,199,406,59,14.3,43.1,24,17.5,10.7
Harper, Bryce,547180,2020,150,16,33.3,114.7,92.5,96,88.3,470,202,405,76,17.1,50.7,26,17.3,10.7
Davidson, Matt,571602,2020,30,18.1,36.7,113.1,92.8,92.5,93,449,211,418,17,17.5,56.7,5,16.7,10.6
Belt, Brandon,474832,2020,113,18,40.7,109.1,90.7,95.1,83.3,429,217,400,53,18.2,46.9,19,16.8,10.6
Chapman, Matt,656305,2020,89,24.1,40.4,115.9,93.6,99,86.8,444,206,413,46,15.7,51.7,16,18,10.5
Higashioka, Kyle,543309,2020,37,18.5,35.1,106.4,89.7,92.5,86.4,428,189,398,11,11.6,29.7,5,13.5,10.4
Perez, Salvador,521692,2020,115,14.2,41.7,110.4,91,94.4,86.5,447,200,415,54,16.3,47,16,13.9,10.3
Walsh, Jared,665120,2020,87,13.1,29.9,112.8,88.1,93.6,87,450,169,415,34,17.3,39.1,11,12.6,10.2
Taylor, Michael A.,572191,2020,65,12.4,27.7,108.6,89,92.7,84.9,429,168,418,24,12.8,36.9,10,15.4,10.1
Abreu, José,547989,2020,182,10.9,37.4,114,92.9,97.1,89.2,452,179,406,97,19.5,53.3,26,14.3,9.9
Freeman, Freddie,518692,2020,177,17.2,49.2,109.3,92.4,96.1,88.1,443,208,409,96,19.5,54.2,26,14.7,9.9
Castellanos, Nick,592206,2020,150,16.5,39.3,108.5,91,95,86.2,433,202,409,70,14,46.7,24,16,9.9
Moreland, Mitch,519048,2020,104,12.5,31.7,110.1,88.2,93.9,82,427,175,397,42,15.7,40.4,15,14.4,9.9
Dalbec, Bobby,666915,2020,41,14.8,36.6,110.4,89.9,99.8,79.1,449,199,399,18,9.7,43.9,9,22,9.8
Soler, Jorge,624585,2020,90,15.5,36.7,114,92.5,98,87.2,448,184,410,46,16.3,51.1,17,18.9,9.8
Osuna, José,591741,2020,62,14.7,37.1,110,89.1,93.3,85,429,192,385,26,16.3,41.9,8,12.9,9.8
Taylor, Tyrone,621438,2020,30,14.1,30,105.1,87.3,95.7,81.7,423,176,421,13,17.8,43.3,4,13.3,9.8
Ozuna, Marcell,542303,2020,169,16.4,39.1,115.6,93,96.6,89,469,191,429,92,18.5,54.4,26,15.4,9.7
Ríos, Edwin,621458,2020,59,14.5,40.7,110.8,91.5,96.6,83.6,434,208,400,27,18.4,45.8,8,13.6,9.6
Trevino, Jose,624431,2020,64,10.1,31.3,106.7,87.9,95.5,82.3,393,170,379,26,20,40.6,8,12.5,9.6
Myers, Wil,571976,2020,142,13.4,40.8,109.2,91,94.6,87.2,445,194,407,65,18.5,45.8,21,14.8,9.6
Buxton, Byron,621439,2020,96,23.6,25,111.9,91.2,96.8,86.6,442,188,409,46,16.2,47.9,13,13.5,9.6
Gyorko, Jedd,576397,2020,81,15.3,35.8,108,88.6,95.1,83.4,423,181,396,35,14.6,43.2,13,16,9.6
Cron, C.J.,543068,2020,26,20.6,34.6,112,85.5,97.6,76.9,447,178,396,9,9.1,34.6,5,19.2,9.6
Stanton, Giancarlo,519317,2020,49,8.3,38.8,121.3,91.1,97.4,89,483,157,439,25,16.7,51,9,18.4,9.6
Cordero, Franchy,614173,2020,34,-1.1,35.3,111.8,91.2,95.1,88.7,430,136,427,16,18,47.1,4,11.8,9.5
Bichette, Bo,666182,2020,96,12,37.5,109.2,89.2,95.9,84.5,435,178,404,39,14.5,40.6,12,12.5,9.4
Trout, Mike,545361,2020,147,23.1,36.1,112.9,93.7,96.1,91.5,449,220,413,81,21.6,55.1,22,15,9.1
Duvall, Adam,594807,2020,137,22.9,30.7,114.2,88.1,94.4,79,450,203,397,55,14.1,40.1,19,13.9,9.1
Smith, Dominic,642086,2020,135,10.8,43,110.7,89.8,94.9,83.1,441,180,403,63,16,46.7,18,13.3,9
Sánchez, Gary,596142,2020,92,19.2,29.3,117.5,91.8,99,85.9,457,189,405,46,13.6,50,16,17.4,9
Voit, Luke,572228,2020,160,15.2,37.5,111.7,88.9,95.9,82.2,437,178,397,64,13.5,40,21,13.1,9
Stewart, DJ,621466,2020,52,17.8,28.8,107.8,91.4,97.9,87.8,415,162,386,24,10,46.2,10,19.2,8.9
Cruz, Nelson,443558,2020,127,9.4,39.4,114.4,91.6,98,86.1,448,169,417,60,14.9,47.2,19,15,8.9
Smith, Will,669257,2020,93,24.2,41.9,108.8,90.8,94.5,81.3,439,219,395,44,18.9,47.3,12,12.9,8.8
Realmuto, J.T.,592663,2020,125,11.6,32.8,112.4,90.2,95.5,87.2,431,164,397,53,15.8,42.4,17,13.6,8.7
Slater, Austin,596103,2020,64,10.9,45.3,109.1,89.2,90.9,87.9,400,182,392,29,16.3,45.3,9,14.1,8.7
Hoskins, Rhys,656555,2020,108,24.8,32.4,111.2,89.8,93.9,85.7,421,199,393,46,14.4,42.6,16,14.8,8.6
Longoria, Evan,446334,2020,157,10.7,29.9,111.5,91.7,95.9,88.7,432,165,401,71,19.9,45.2,18,11.5,8.6
Springer, George,543807,2020,153,18.3,35.3,115,88.7,94.3,85.1,455,188,412,65,16.6,42.5,19,12.4,8.6
Braun, Ryan,460075,2020,103,15.3,35.9,110.2,89.8,92.6,90.3,426,175,397,42,16.2,40.8,12,11.7,8.5
Moran, Colin,592567,2020,127,8.3,32.3,112,91.9,96.6,89.9,450,147,410,60,14.9,47.2,17,13.4,8.5
Gurriel Jr., Lourdes,666971,2020,162,10.5,39.5,109.5,90.8,93.9,88.2,447,170,402,80,18.8,49.4,19,11.7,8.5
Machado, Manny,592518,2020,191,15.6,34.6,115.7,90.2,94.1,88.2,436,179,413,83,19,43.5,21,11,8.3
McBroom, Ryan,643436,2020,51,20.1,29.4,108.2,89,90.5,87.8,430,198,414,16,9.7,31.4,7,13.7,8.2
Suárez, Eugenio,553993,2020,132,17.8,28.8,111.4,89.1,94.4,84.1,434,195,404,59,14.1,44.7,19,14.4,8.2
Grichuk, Randal,545341,2020,169,12.6,27.2,110.9,88.9,95.9,84.1,428,166,393,67,15.2,39.6,19,11.2,8.2
Díaz, Elias,553869,2020,53,12.9,34,110.1,87.4,94,84.5,408,172,399,22,15.7,41.5,6,11.3,8.2
Moore, Dylan,664238,2020,94,17.3,39.4,109.8,90.4,95,85.5,436,191,398,42,15.4,44.7,13,13.8,8.2
Devers, Rafael,646240,2020,165,10.6,33.3,116.7,93,94.7,91.5,449,173,414,72,13.5,43.6,20,12.1,8.1
Jeffers, Ryan,680777,2020,36,10.3,27.8,112.9,91.6,99.4,87.1,437,154,428,15,14.3,41.7,5,13.9,8.1
Turner, Justin,457759,2020,125,17.5,40.8,107.8,90.3,93.1,87,436,205,403,55,18.8,44,14,11.2,8
Alonso, Pete,624413,2020,148,15.5,30.4,118.4,90.2,96.3,86.5,456,176,405,61,14.3,41.2,19,12.8,7.9
Acuña Jr., Ronald,660670,2020,100,18.6,34,114.8,92.4,99.5,84.9,495,207,414,57,16.1,57,16,16,7.9
Arozarena, Randy,668227,2020,43,9.2,32.6,113.1,90.3,96.8,86.1,431,159,393,19,14,44.2,6,14,7.9
Lowe, Nathaniel,663993,2020,39,7.1,41,114.8,88.9,94.9,82,420,165,391,17,14.3,43.6,6,15.4,7.9
Reyes, Franmil,614177,2020,147,11.2,31.3,114.7,92.4,97.5,89.4,462,161,422,66,14.6,44.9,19,12.9,7.9
Santander, Anthony,623993,2020,128,24.7,40.6,113.2,88.6,92.1,87.8,426,205,388,47,15.3,36.7,13,10.2,7.9
Marmolejos, José,592530,2020,75,10.5,33.3,108.8,90.5,94.3,88.7,421,170,409,34,17,45.3,9,12,7.8
Cronenworth, Jake,630105,2020,143,10.6,37.8,110.1,89.8,91.5,88.9,426,170,400,61,20.3,42.7,15,10.5,7.8
Tejeda, Anderson,660731,2020,45,14.3,26.7,112.2,90.8,99.8,86.7,451,154,411,19,13.9,42.2,6,13.3,7.8
Encarnación, Edwin,429665,2020,106,22.8,29.2,112.9,85.4,92.4,79.1,448,188,408,35,9.7,33,14,13.2,7.7
Hiura, Keston,669374,2020,134,14.3,34.3,110.2,87.4,93.7,82.8,438,171,408,53,10.7,39.6,19,14.2,7.7
Hosmer, Eric,543333,2020,117,8.7,33.3,112,90.8,94.4,88.9,443,169,408,55,19.3,47,12,10.3,7.7
Winker, Jesse,608385,2020,104,10.5,37.5,113,92.1,95.3,89.5,447,177,393,51,16.2,49,14,13.5,7.7
Dickerson, Alex,543105,2020,122,17.8,30.3,114.6,90.9,93.1,89.8,480,177,409,54,17.7,44.3,13,10.7,7.6
Stassi, Max,545358,2020,72,15,31.9,108,91.6,95.5,87.3,444,182,410,30,17.6,41.7,8,11.1,7.6
Pollock, AJ,572041,2020,153,13,37.9,110,89.6,94.7,83.8,428,189,403,66,18.6,43.1,16,10.5,7.6
Castro, Jason,488771,2020,47,19.7,42.6,111.1,92.7,94.6,91.1,426,222,424,26,15.2,55.3,7,14.9,7.6
Miller, Brad,543543,2020,97,11.2,33,110.3,89.8,95.2,85.7,446,172,409,42,15,43.3,13,13.4,7.6
Robert, Luis,673357,2020,131,16.7,36.6,115.8,87.9,94.9,82.2,458,181,416,53,10.5,40.5,17,13,7.5
Calhoun, Kole,594777,2020,144,17,36.1,109,89.4,94,84.2,438,193,397,55,13,38.2,17,11.8,7.5
Odor, Rougned,596059,2020,93,20.7,28,110.6,86,93.3,79.9,434,189,394,30,10.1,32.3,11,11.8,7.4
Nottingham, Jacob,641924,2020,28,20.1,28.6,107.4,87,91.7,85.6,436,154,397,11,9.6,39.3,4,14.3,7.4
Núñez, Renato,600524,2020,132,21.1,37.9,110.3,86.3,92.6,79.6,422,185,393,48,10.3,36.4,16,12.1,7.4
Turner, Trea,607208,2020,199,9.5,34.2,111.2,90.5,93.3,88.7,422,167,399,81,16.7,40.7,19,9.5,7.3
Díaz, Lewin,650331,2020,27,23.7,22.2,107.9,86.4,91.5,81.7,395,167,,10,13,37,3,11.1,7.3
Seager, Kyle,572122,2020,176,17.7,30.7,108.7,89.1,93.1,83.9,426,194,391,70,18,39.8,18,10.2,7.3
Muncy, Max,571970,2020,145,14.2,29,109.8,88.5,94.7,81.9,428,181,402,58,14.4,40,18,12.4,7.3
Anderson, Tim,641313,2020,159,6.7,33.3,108.8,87.2,93.7,82.5,422,151,394,57,13.1,35.8,16,10.1,7.2
Bohm, Alec,664761,2020,126,4.8,34.9,109.6,90.2,93.6,87.6,446,147,411,59,18.8,46.8,13,10.3,7.2
Swanson, Dansby,621020,2020,167,14.7,40.7,109.3,89.1,92,84.6,427,192,399,68,13.6,40.7,19,11.4,7.2
Martinez, J.D.,502110,2020,154,14.7,39.6,110.7,89.5,93.9,82.6,437,206,403,64,13.7,41.6,17,11,7.2
Murphy, Sean,669221,2020,79,14.7,31.6,112.5,92.2,97.1,89.1,464,173,418,39,16.3,49.4,10,12.7,7.1
Zunino, Mike,572287,2020,38,26.9,34.2,113.7,87.5,97.1,67,428,205,414,14,7.8,36.8,6,15.8,7.1
Ramírez, José,608070,2020,177,23.2,36.7,114.3,88.7,94.1,84,434,196,395,63,13.3,35.6,18,10.2,7.1
Gallo, Joey,608336,2020,114,26.8,28.9,113.5,91.2,96.8,81.1,448,209,417,50,12,43.9,16,14,7.1
Stewart, Christin,621514,2020,61,24.5,36.1,105.5,85.7,90.1,82,410,196,407,18,9,29.5,7,11.5,7.1
d'Arnaud, Travis,518595,2020,116,8.1,42.2,109.7,93.4,96.2,90.1,434,176,414,67,19.7,57.8,13,11.2,7.1
Judge, Aaron,592450,2020,69,15.7,36.2,113.1,92.2,93.9,92.2,468,198,414,29,13.9,42,8,11.6,7
Taylor, Chris,621035,2020,131,9.1,35.1,109.6,88,95.8,80.4,446,169,397,59,15.4,45,15,11.5,7
Olson, Matt,621566,2020,133,19.6,30.1,112.5,92.3,96.7,90,454,191,412,61,14.3,45.9,17,12.8,6.9
White, Evan,657108,2020,99,13.7,27.3,112.8,91.7,97.2,87.7,440,180,405,52,14.3,52.5,14,14.1,6.9
Goldschmidt, Paul,502671,2020,149,11.7,42.3,111.3,89.2,94.2,84,443,180,405,61,15.4,40.9,16,10.7,6.9
Polanco, Gregory,570256,2020,95,20.8,36.8,114.2,92.9,97,91,446,209,411,49,12.7,51.6,12,12.6,6.9
Frazier, Clint,640449,2020,88,11.6,38.6,108.8,89.4,94.5,82.7,410,181,381,38,15.7,43.2,11,12.5,6.9
Conforto, Michael,624424,2020,145,11,38.6,114.4,88.4,94.6,82.3,434,168,403,53,12.9,36.6,16,11,6.9
Riley, Austin,663586,2020,140,13.6,30.7,111,91,94.2,88.4,471,169,424,60,14.3,42.9,14,10,6.8
Candelario, Jeimer,600869,2020,136,13.3,37.5,110.8,90.2,94.8,85.8,437,175,406,64,16.9,47.1,14,10.3,6.8
Bruce, Jay,457803,2020,72,15.3,31.9,109.2,89,92.3,85.5,447,186,407,28,12.7,38.9,7,9.7,6.8
Cooper, Garrett,643265,2020,89,9.5,39.3,109.7,90.1,92.5,87.4,455,173,419,37,16.4,41.6,9,10.1,6.8
Grisham, Trent,663757,2020,153,13.5,37.9,111.9,88.3,93.7,84.7,457,169,413,64,16.1,41.8,17,11.1,6.7
Piña, Manny,444489,2020,28,26.1,46.4,105.7,88.5,91.1,91.2,403,223,399,10,13.2,35.7,3,10.7,6.7
Yastrzemski, Mike,573262,2020,137,18.4,35,105.6,88.2,93.2,83.6,403,185,387,58,15.8,42.3,15,10.9,6.7
Dietrich, Derek,518618,2020,40,12.6,47.5,107.3,85.4,94.1,75.9,401,176,386,14,9.7,35,5,12.5,6.7
Lewis, Kyle,641786,2020,137,11.1,37.2,110.9,88.3,92.6,83.2,438,176,405,48,11.3,35,16,11.7,6.6
Guerrero Jr., Vladimir,665489,2020,183,4.6,29.5,116.1,92.5,94.6,91.7,415,143,396,93,21.4,50.8,16,8.7,6.6
Bellinger, Cody,641355,2020,171,16.6,29.2,110.6,89.3,93.5,86.9,438,184,394,71,15.4,41.5,16,9.4,6.6
Tucker, Kyle,663656,2020,164,14.9,34.1,110.9,91.1,94.9,86.4,432,187,391,73,16.8,44.5,15,9.1,6.6
Pinder, Chad,640461,2020,43,13.7,18.6,114.6,92.3,96.8,88.4,422,157,417,19,16.5,44.2,4,9.3,6.6
Pederson, Joc,592626,2020,87,12.5,26.4,112.1,93,98.1,90.4,435,162,411,39,15.1,44.8,9,10.3,6.5
Cabrera, Miguel,408234,2020,155,12.1,36.8,112.2,93.2,95.6,91.2,450,171,395,77,17.7,49.7,15,9.7,6.5
Jones, JaCoby,592444,2020,64,11,35.9,112.4,89.5,93.5,85.9,430,160,376,29,15.5,45.3,7,10.9,6.5
Renfroe, Hunter,592669,2020,86,17.5,23.3,111.9,89.6,96.5,85.7,445,169,405,34,14.3,39.5,9,10.5,6.5
Perez, Michael,605421,2020,58,14.5,48.3,106.5,87.3,91.5,81.4,428,190,428,19,11.2,32.8,6,10.3,6.5
Chisholm Jr., Jazz,665862,2020,37,15.6,27,106.2,87.1,92.9,80.3,406,184,405,11,10.9,29.7,4,10.8,6.5
Albies, Ozzie,645277,2020,88,17.8,35.2,106.5,86.7,91.2,84.5,424,176,409,25,9.7,28.4,8,9.1,6.5
Kingery, Scott,664068,2020,79,16.9,30.4,105.8,85.3,92.1,78.2,403,170,388,25,10.4,31.6,8,10.1,6.5
Castro, Willi,650489,2020,94,11.3,38.3,109.6,85.3,89.1,82.4,445,174,398,30,10.3,31.9,9,9.6,6.4
Bader, Harrison,664056,2020,67,15.7,35.8,107.9,86,94.4,79.2,425,171,413,24,11,35.8,8,11.9,6.4
Naquin, Tyler,571980,2020,95,13,34.7,110.3,91.7,95,89.5,425,172,387,49,16.4,51.6,9,9.5,6.4
Hayes, Ke'Bryan,663647,2020,65,7.4,35.4,110.3,92.8,95.5,92,429,168,410,36,21.1,55.4,6,9.2,6.3
Tellez, Rowdy,642133,2020,95,10.6,30.5,117.4,90.7,95.9,88.1,459,162,409,43,19.5,45.3,8,8.4,6.3
Choo, Shin-Soo,425783,2020,79,11.4,38,111.2,90,95.1,86.1,405,165,397,28,13.5,35.4,8,10.1,6.3
Ohtani, Shohei,660271,2020,103,9.2,32,111.9,89.1,94.1,84.3,439,154,402,44,13.3,42.7,11,10.7,6.3
Schwarber, Kyle,656941,2020,125,8.8,28.8,114.9,92.8,95.7,90.7,444,165,406,59,14.5,47.2,14,11.2,6.3
Tromp, Chadwick,644433,2020,43,10.1,25.6,107.6,90.1,93.5,88.4,445,163,410,16,12.5,37.2,4,9.3,6.3
Wallach, Chad,595453,2020,33,11.3,27.3,105.5,87.6,93.2,83.5,413,153,413,9,10.2,27.3,3,9.1,6.3
Reynolds, Bryan,668804,2020,128,10.2,35.2,110.7,87.5,91.8,82.6,436,171,410,49,12.2,38.3,13,10.2,6.3
Contreras, Willson,575929,2020,134,9.1,35.8,114.1,89.8,95.4,85.9,451,160,410,64,15.4,47.8,14,10.4,6.2
Bogaerts, Xander,593428,2020,163,8.7,31.3,112.5,89,94.9,83.6,440,171,407,60,14.2,36.8,14,8.6,6.2
McMahon, Ryan,641857,2020,107,9.2,27.1,109.7,90.1,95.5,85.7,451,169,419,46,11.6,43,12,11.2,6.2
Crawford, Brandon,543063,2020,127,12.4,35.4,109.8,88.7,93.6,84.3,425,172,402,50,12.5,39.4,12,9.4,6.2
Bote, David,623520,2020,86,9.3,25.6,110.3,92.4,95.8,91,455,151,414,45,19.2,52.3,9,10.5,6.2
Moustakas, Mike,519058,2020,105,16.3,36.2,111.7,88.8,93,84.4,421,201,391,42,13.3,40,10,9.5,6.1
Goodwin, Brian,571718,2020,92,20.7,41.3,109.6,89.9,93.8,85,411,199,392,38,14,41.3,10,10.9,6.1
Yelich, Christian,592885,2020,124,7.1,32.3,112,94,97.1,91.5,460,165,405,69,18.1,55.6,15,12.1,6.1
Happ, Ian,664023,2020,136,9,37.5,109.1,91.1,94.5,87.9,434,171,387,66,16.1,48.5,14,10.3,6.1
Canó, Robinson,429664,2020,148,6.2,31.8,113.5,90.4,94.7,89.1,441,146,400,69,19.8,46.6,11,7.4,6
Valaika, Pat,642162,2020,108,18.2,38.9,108.2,88.7,91.9,86.2,405,196,388,37,12.9,34.3,9,8.3,6
Ruf, Darin,573131,2020,64,12.5,34.4,111.7,89.4,93.3,87.8,453,173,410,28,16.1,43.8,6,9.4,6
Adams, Matt,571431,2020,31,21.4,32.3,108.6,90.1,95.2,86.1,432,192,393,14,12.6,45.2,3,9.7,5.9
Ruiz, Rio,547004,2020,141,10.5,27.7,109,87.9,94.2,83.1,405,161,379,55,13.4,39,12,8.5,5.9
Carlson, Dylan,666185,2020,76,9.3,40.8,108.3,87.4,96.6,77.8,413,170,400,32,15.9,42.1,7,9.2,5.9
Votto, Joey,458015,2020,143,15.4,36.4,113.2,87.4,92.6,80.5,442,191,396,51,15.3,35.7,13,9.1,5.8
McCutchen, Andrew,457705,2020,170,18.2,36.5,109.9,89.7,93.2,86.3,422,189,391,70,17.7,41.2,14,8.2,5.8
France, Ty,664034,2020,104,14.8,44.2,108.2,85.7,91.5,81.1,446,178,425,31,11,29.8,9,8.7,5.8
Story, Trevor,596115,2020,172,20.8,40.1,109,89.9,94,86.4,449,206,414,71,15,41.3,15,8.7,5.8
Sisco, Chance,642082,2020,57,20,45.6,104.4,88.8,91.8,85.3,398,203,387,21,9.1,36.8,7,12.3,5.8
Betts, Mookie,605141,2020,182,18.5,40.1,108.5,90.7,92.6,88.7,416,202,396,79,21,43.4,14,7.7,5.7
Anderson, Brian,605119,2020,135,9.6,34.8,109.5,87.4,93.4,82.2,446,166,391,53,12.2,39.3,13,9.6,5.7
Arroyo, Christian,624414,2020,39,7.8,23.1,107.5,89.9,93.8,87.2,418,156,399,16,15.8,41,3,7.7,5.6
Greiner, Grayson,606988,2020,31,25.1,22.6,112.1,90,95.4,82.2,418,192,390,13,12.5,41.9,3,9.7,5.5
Jansen, Danny,643376,2020,93,16.3,36.6,109.3,85.1,90.5,78,427,188,409,33,13,35.5,8,8.6,5.4
Nola, Austin,543592,2020,129,12.5,40.3,110.1,89.7,92.3,88.8,424,176,396,56,19,43.4,10,7.8,5.4
Upton, Justin,457708,2020,105,18.6,25.7,111.5,91.7,96.4,88.9,430,180,392,46,15.4,43.8,9,8.6,5.4
McCann, James,543510,2020,69,15,40.6,108.5,90.5,94.7,86.6,443,187,403,33,15.6,47.8,6,8.7,5.4
Hernández, Enrique,571771,2020,109,16.2,26.6,110.2,88.5,93.2,86.7,414,166,381,47,17,43.1,8,7.3,5.4
Laureano, Ramón,657656,2020,128,12.3,34.4,111.3,87.7,93.7,84.1,441,170,401,44,12.2,34.4,12,9.4,5.4
Tsutsugo, Yoshi,660294,2020,108,17.2,25,108.9,90.2,95.2,88.4,437,172,395,51,15.2,47.2,10,9.3,5.4
Bell, Josh,605137,2020,140,5.9,24.3,114.2,91.7,95.4,90.1,428,135,405,60,15.3,42.9,12,8.6,5.4
Adames, Willy,642715,2020,111,12.5,36.9,109.1,88.8,96.1,83.4,426,163,395,45,11.8,40.5,11,9.9,5.4
Brinson, Lewis,621446,2020,76,7.9,27.6,112.2,88.1,93.4,84.8,431,147,416,28,12.5,36.8,6,7.9,5.4
Pence, Hunter,452254,2020,37,4.2,32.4,108,87.6,93.9,84.7,406,136,372,17,16,45.9,3,8.1,5.4
Rizzo, Anthony,519203,2020,167,16.7,34.7,114.5,87.7,93,85.4,430,175,386,58,13.9,34.7,13,7.8,5.3
Carpenter, Matt,572761,2020,92,17.1,44.6,106.2,88.1,93.1,79.8,439,205,404,33,11.5,35.9,9,9.8,5.3
Hilliard, Sam,656541,2020,63,10.8,20.6,111,88.3,92,88.6,431,147,398,28,12.2,44.4,6,9.5,5.3
Davis, J.D.,605204,2020,135,3.3,29.6,111.2,90.1,96.1,87.4,426,141,388,61,14.3,45.2,12,8.9,5.2
Kipnis, Jason,543401,2020,75,18.2,28,107,86.2,90.9,84.9,426,186,422,23,9.8,30.7,7,9.3,5.2
Urshela, Gio,570482,2020,130,12.3,38.5,111,91.4,93.6,89.9,412,180,383,53,17.4,40.8,9,6.9,5.2
Ramos, Wilson,467092,2020,112,6.5,26.8,110.1,89,94.6,86.6,440,148,409,47,16.2,42,8,7.1,5.2
Vogelbach, Daniel,596129,2020,82,10.2,29.3,111.4,89.5,95.7,84.2,441,158,408,34,16.4,41.5,7,8.5,5.1
Báez, Javier,595879,2020,149,10.3,24.8,116,89.4,94.9,86.9,450,150,423,60,12.5,40.3,12,8.1,5.1
Brosseau, Mike,670712,2020,56,15.1,37.5,108.1,90.9,94.1,87,420,179,401,24,14.2,42.9,5,8.9,5.1
O'Neill, Tyler,641933,2020,97,15.1,23.7,107.4,88,95.4,79.8,438,175,404,38,13.4,39.2,8,8.2,5.1
Aguilar, Jesús,542583,2020,152,16,37.5,109.9,89.3,91.6,88,436,181,400,57,13.7,37.5,11,7.2,5.1
Phillips, Brett,621433,2020,36,13.7,44.4,106.4,84.9,90.1,79.4,422,190,400,8,7.6,22.2,3,8.3,5.1
Bradley Jr., Jackie,598265,2020,144,4.3,28.5,112.4,88.4,93.2,85,447,144,407,52,13.8,36.1,11,7.6,5.1
Severino, Pedro,600474,2020,121,9.5,36.4,111.2,87.6,91.5,85,414,166,403,38,11.2,31.4,9,7.4,5.1
Lamb, Jake,571875,2020,63,16.7,36.5,108.3,90.2,95.1,84.7,412,193,399,32,17,50.8,5,7.9,5.1
Davis, Khris,501981,2020,60,18.9,38.3,107.1,87.7,93.6,77.3,400,193,382,19,9,31.7,5,8.3,5.1
Goodrum, Niko,592348,2020,92,16,34.8,105.6,88.8,94.3,81.8,426,199,402,37,10.7,40.2,9,9.8,5
Mountcastle, Ryan,663624,2020,98,10.8,34.7,108.2,87.4,91.4,86.1,420,165,409,41,13.4,41.8,7,7.1,5
Shaw, Travis,543768,2020,114,19.8,34.2,112.8,90.9,93.7,89.8,448,199,399,51,15.4,44.7,9,7.9,5
Kendrick, Howie,435062,2020,76,7.3,39.5,109.6,88.8,92.9,85.1,414,157,405,30,15.5,39.5,5,6.6,5
Hampson, Garrett,641658,2020,111,14.4,39.6,105.6,86.3,89.1,82.8,428,202,410,26,7.9,23.4,9,8.1,4.9
Nimmo, Brandon,607043,2020,143,7.6,30.8,106.9,87.2,92.3,84.3,425,151,400,47,11.6,32.9,11,7.7,4.9
Heim, Jonah,641680,2020,35,14.9,25.7,103.1,86,90.8,87.1,384,145,,13,20.3,37.1,2,5.7,4.9
Ravelo, Rangel,592660,2020,31,11.7,32.3,103.7,84.8,90.3,81.4,362,146,362,10,12.5,32.3,2,6.5,4.9
Wieters, Matt,446308,2020,26,13.5,38.5,105.5,84.7,88.2,83.6,391,167,,6,7.2,23.1,2,7.7,4.9
Cervelli, Francisco,465041,2020,39,13.3,38.5,108.3,89,95.7,82.8,377,176,365,15,16.7,38.5,3,7.7,4.8
Dozier, Hunter,641531,2020,110,17,26.4,110.3,86.4,89.4,86.5,442,172,406,34,11.2,30.9,9,8.2,4.8
Hedges, Austin,595978,2020,52,18.6,26.9,108.8,90.2,94.7,88.6,404,173,396,20,14.9,38.5,4,7.7,4.8
Pham, Tommy,502054,2020,82,2.4,22,111.1,92.8,95.7,90.9,440,144,411,41,21.6,50,6,7.3,4.8
Marte, Starling,516782,2020,188,6.5,30.3,110.6,87.1,91.2,84.6,447,148,411,57,11.6,30.3,12,6.4,4.8
Ford, Mike,645801,2020,59,8.4,30.5,109.2,89.7,94,87.6,437,157,429,23,17.2,39,4,6.8,4.8
Rosario, Eddie,592696,2020,178,18.1,30.3,105,87.5,92,84,419,179,394,63,14.7,35.4,11,6.2,4.8
Santana, Danny,542454,2020,32,14.7,28.1,107.6,90.9,94.1,88.6,390,175,390,15,12,46.9,3,9.4,4.8
García, Leury,544725,2020,50,7.5,26,106.7,87.3,91.8,83.6,419,156,397,13,12,26,3,6,4.8
Murphy, John Ryan,571974,2020,31,7.3,38.7,105.6,83,94,73.6,395,159,,12,10,38.7,3,9.7,4.8
Mondesi, Adalberto,609275,2020,151,13.7,19.9,111,90.6,94.6,89.8,458,150,418,59,12.9,39.1,11,7.3,4.7
Mazara, Nomar,608577,2020,92,6.7,28.3,109.1,91,93.8,90.2,414,144,414,45,15.8,48.9,7,7.6,4.7
Cabrera, Asdrúbal,452678,2020,154,13.7,30.5,107,89.5,93.6,88,413,164,392,59,15.2,38.3,10,6.5,4.7
Flores, Wilmer,527038,2020,163,19,37.4,107.8,87.9,92.1,85,418,190,381,56,13.1,34.4,10,6.1,4.7
González, Erik,570481,2020,134,5.3,33.6,111.4,88.5,93,86.1,443,155,396,59,16.7,44,9,6.7,4.7
Guzmán, Ronald,608597,2020,54,6,37,110.8,86.3,91.3,84.7,431,156,407,18,10.5,33.3,4,7.4,4.7
DeJong, Paul,657557,2020,106,21.7,41.5,105.5,89.2,93.3,83.8,409,203,395,43,13,40.6,8,7.5,4.6
Smith, Pavin,656976,2020,31,8.1,32.3,104.8,86.6,90.9,87.8,410,152,410,9,14.3,29,2,6.5,4.5
Kemp, Matt,461314,2020,76,11.9,38.2,109.6,85.3,91,81,468,176,418,22,9.2,28.9,6,7.9,4.5
Barnhart, Tucker,571466,2020,70,19.7,35.7,104.9,85.4,90.5,79.6,414,187,391,13,7,18.6,5,7.1,4.5
Walker, Christian,572233,2020,171,11.5,34.5,110.4,90.4,94.8,86.7,451,175,417,83,16.7,48.5,11,6.4,4.5
Canha, Mark,592192,2020,142,19.4,37.3,108.9,89.7,92.4,86.8,425,200,400,56,13.9,39.4,11,7.7,4.5
Franco, Maikel,596748,2020,189,8.4,33.3,112.5,86.7,94.2,82.5,420,158,402,73,15.5,38.6,11,5.8,4.5
Verdugo, Alex,657077,2020,157,5.9,31.2,109.5,87,91.9,84.9,433,146,390,54,13.7,34.4,10,6.4,4.5
Andrus, Elvis,462101,2020,88,9.2,28.4,109,88.5,94.2,86.5,415,152,392,33,17.4,37.5,5,5.7,4.5
Knapp, Andrew,595284,2020,54,11.9,40.7,104.3,86.8,92.6,80.9,409,167,401,18,11.2,33.3,4,7.4,4.5
Arenado, Nolan,571448,2020,166,19.1,27.1,108.9,87.8,92.5,85.4,441,182,412,56,17,33.7,9,5.4,4.5
Chavis, Michael,656308,2020,98,10,37.8,108.3,88.3,93.2,84.2,428,160,410,37,11.5,37.8,7,7.1,4.4
Mathis, Jeff,425772,2020,39,20.6,43.6,104.1,89.6,93,86.6,403,201,402,16,13.1,41,3,7.7,4.4
Luplow, Jordan,656669,2020,60,24.7,35,107.5,83.5,91.7,77,388,171,373,15,8.8,25,4,6.7,4.3
Lux, Gavin,666158,2020,44,13.9,29.5,105.6,87.1,91.6,86,453,170,417,12,10.4,27.3,3,6.8,4.3
Santana, Carlos,467793,2020,164,12.2,32.3,111.5,88,92.3,86.7,445,164,418,60,14.8,36.6,11,6.7,4.3
Rendon, Anthony,543685,2020,158,19.5,39.2,109.1,90.1,92.4,88.9,426,192,395,64,17.8,40.5,10,6.3,4.3
Engel, Adam,641553,2020,69,14,30.4,111,87.2,89.5,87.3,430,149,398,22,12.9,31.9,4,5.8,4.3
Pujols, Albert,405395,2020,128,16.4,30.5,108.8,88.6,91.8,89.1,437,163,398,44,14.4,34.4,7,5.5,4.3
Farmer, Kyle,571657,2020,51,18.2,37.3,106.9,89.6,92.7,85.2,392,191,,23,19.2,45.1,3,5.9,4.3
Dickerson, Corey,572816,2020,159,11.1,25.8,108.8,85.7,90.7,83.4,438,144,399,49,10.7,30.8,9,5.7,4.3
Hicks, Aaron,543305,2020,131,11.1,29.8,109.5,88.2,93.2,84.8,428,157,389,50,13.8,38.2,9,6.9,4.3
Stevenson, Andrew,664057,2020,30,10.2,43.3,107.8,92.2,90.9,94.7,405,187,368,13,15.7,43.3,2,6.7,4.3
Maldonado, Martín,455117,2020,86,19.1,38.4,106.7,86.1,90,81.8,414,181,383,23,7.8,26.7,7,8.1,4.2
Arcia, Orlando,606115,2020,142,9.6,37.3,108.7,89,91.7,89.2,422,165,396,55,16.8,38.7,8,5.6,4.2
Gomes, Yan,543228,2020,90,17.6,38.9,105,89.9,92.2,86.5,410,190,397,34,16.9,37.8,5,5.6,4.2
Smith Jr., Dwight,596105,2020,45,8.1,22.2,112,89.9,90.3,91.2,415,142,402,20,17.1,44.4,3,6.7,4.2
Merrifield, Whit,593160,2020,216,15.8,39.8,105.8,86.1,89.6,81.7,406,183,388,59,12.1,27.3,11,5.1,4.2
Segura, Jean,516416,2020,148,11.2,31.8,109.4,87.7,92.3,86.5,423,151,387,57,15,38.5,9,6.1,4.1
Lindor, Francisco,596019,2020,197,13.5,36.5,111.4,89.9,93.3,86.8,412,179,389,81,14.9,41.1,11,5.6,4.1
Grandal, Yasmani,518735,2020,105,15.6,38.1,110.5,90.3,95.3,84.9,441,191,408,46,15.7,43.8,8,7.6,4.1
Piscotty, Stephen,572039,2020,108,13.5,34.3,111.1,88.1,92.7,84.7,454,166,415,43,12.5,39.8,7,6.5,4.1
Drury, Brandon,592273,2020,38,19.2,34.2,108.8,82.1,90.3,77.2,371,182,,10,10.2,26.3,2,5.3,4.1
Correa, Carlos,621043,2020,153,11.3,26.1,109,88.8,92.9,87.7,461,144,419,64,15.6,41.8,9,5.9,4.1
Escobar, Eduardo,500871,2020,164,18.1,34.8,106.7,88.6,90.3,87.3,407,174,394,52,12.5,31.7,9,5.5,4.1
Pillar, Kevin,607680,2020,167,13.4,34.7,108,87.1,92,82.2,435,180,400,61,14.2,36.5,9,5.4,4
Alfaro, Jorge,595751,2020,57,2.8,31.6,109.8,89.2,95.7,84.2,423,149,417,28,13.6,49.1,4,7,4
Narváez, Omar,553882,2020,69,18.7,36.2,105.5,81.6,87.6,77.7,368,168,365,15,5.6,21.7,5,7.2,4
Maybin, Cameron,457727,2020,68,8.9,26.5,108.3,87.8,94.6,83.7,429,140,429,24,13.4,35.3,4,5.9,4
Olivares, Edward,658668,2020,72,7.6,33.3,109.7,82.7,91.8,76.7,399,146,398,20,9.9,27.8,4,5.6,4
Schoop, Jonathan,570731,2020,125,8.7,26.4,114.4,87.2,92.9,86.9,442,138,408,42,11.9,33.6,7,5.6,4
Meadows, Austin,640457,2020,84,24.4,27.4,108.6,90.1,94.2,85.4,445,209,407,36,11.9,42.9,6,7.1,3.9
La Stella, Tommy,600303,2020,187,17.1,32.1,108.8,88,90.4,87.3,430,173,392,53,14.8,28.3,9,4.8,3.9
Gamel, Ben,592325,2020,75,11.5,49.3,108.2,87.9,91.8,84.8,425,167,406,24,11.1,32,5,6.7,3.9
Donaldson, Josh,518626,2020,58,6.2,24.1,110.8,92.8,96.3,90.5,441,139,392,31,17.5,53.4,4,6.9,3.9
Gosselin, Phil,594838,2020,65,13.8,36.9,110,85.3,90.6,81.1,396,172,385,19,11.3,29.2,4,6.2,3.9
Long Jr., Shed,643418,2020,80,2.6,21.3,107.5,87.1,94.6,83.8,414,113,412,26,11.7,32.5,5,6.3,3.9
VanMeter, Josh,642165,2020,46,15.1,23.9,108.5,89,93.3,88.3,406,170,400,17,12.6,37,3,6.5,3.8
O'Hearn, Ryan,656811,2020,77,11.9,32.5,105.4,90.7,95.8,86.1,433,176,421,34,14.5,44.2,5,6.5,3.8
Murphy, Daniel,502517,2020,103,15.5,36.9,109.6,85.1,86.9,86.8,402,164,389,27,10.4,26.2,5,4.9,3.8
Kiermaier, Kevin,595281,2020,96,-0.4,28.1,110.2,87.7,95.4,84.2,427,120,413,40,13.2,41.7,6,6.3,3.8
Flowers, Tyler,452095,2020,35,16.2,48.6,107.8,93,94.9,93,400,206,400,16,10.8,45.7,3,8.6,3.8
Brantley, Michael,488726,2020,142,10.2,34.5,105.3,88.7,92.2,85.9,389,167,375,53,18.5,37.3,7,4.9,3.7
Taveras, Leody,665750,2020,77,14.3,42.9,107.8,88.9,91.9,88.1,404,175,392,32,13.5,41.6,5,6.5,3.7
Garver, Mitch,641598,2020,36,18.6,30.6,109.8,92.4,92.7,93.7,417,180,414,18,12.9,50,3,8.3,3.7
Heineman, Scott,595981,2020,41,8.3,26.8,104.6,87,94.1,81.6,337,156,337,13,13.3,31.7,2,4.9,3.7
Ahmed, Nick,605113,2020,153,9.4,30.1,107.7,87.7,92.4,84.5,425,144,409,51,12.8,33.3,8,5.2,3.7
Peralta, David,444482,2020,160,6.4,29.4,113.8,89.2,91.5,88.5,445,150,413,58,15.1,36.3,8,5,3.7
Grossman, Robbie,543257,2020,128,15.2,33.6,108.1,89,92,87,421,177,379,48,14.7,37.5,7,5.5,3.6
Blackmon, Charlie,453568,2020,182,13.5,38.5,109.7,86.9,89.5,84.6,446,180,418,54,11.9,29.7,9,4.9,3.6
García, Luis,671277,2020,105,-3.6,27.6,111.1,83.5,90.6,79.7,427,113,419,31,12.4,29.5,5,4.8,3.6
Thames, Eric,519346,2020,81,14.6,35.8,105.8,88.7,95.3,83.6,429,179,410,38,13.5,46.9,5,6.2,3.6
Kepler, Max,596146,2020,136,21.9,30.9,110.3,88.5,91.7,88.9,444,183,400,52,15.1,38.2,7,5.1,3.6
Santana, Domingo,570267,2020,45,5.4,26.7,113.3,85.5,94.2,82.1,454,122,422,15,9.9,33.3,3,6.7,3.6
Aquino, Aristides,606157,2020,29,10.6,27.6,110.8,82.2,88.2,80.3,428,133,425,6,5.8,20.7,2,6.9,3.6
Gonzalez, Marwin,503556,2020,138,12.6,31.9,106,89.2,92.6,86,430,173,406,53,15.5,38.4,7,5.1,3.5
Jay, Jon,445055,2020,41,12.4,41.5,103.9,84.8,89.4,78.3,378,191,378,11,10.8,26.8,2,4.9,3.5
Frazier, Todd,453943,2020,115,20.5,33,108.1,87.8,93.8,81.7,429,193,392,36,11.5,31.3,6,5.2,3.5
Moncada, Yoán,660162,2020,130,13.9,33.8,109.9,87.8,91.3,85.9,448,163,400,43,10.3,33.1,8,6.2,3.5
Solano, Donovan,456781,2020,152,15.5,43.4,108.1,88.5,91.2,85.9,413,188,399,53,13.7,34.9,7,4.6,3.4
Solak, Nick,669256,2020,171,9.4,27.5,111.7,89.9,90.6,90.2,389,158,384,69,17.6,40.4,8,4.7,3.4
Eaton, Adam,594809,2020,131,5.7,30.5,109.8,87.8,90.9,85.6,434,154,410,50,14.9,38.2,6,4.6,3.4
Bryant, Kris,592178,2020,91,20.7,34.1,108.8,86.1,92.4,79.9,446,183,420,29,10.2,31.9,5,5.5,3.4
Semien, Marcus,543760,2020,161,19.3,32.9,108,86.2,91.8,78.8,419,183,394,46,10.6,28.6,8,5,3.4
Gregorius, Didi,544369,2020,190,17.8,35.3,104.7,83.8,90.2,79,417,173,385,53,11.1,27.9,8,4.2,3.4
Plawecki, Kevin,608700,2020,68,12.7,33.8,106.6,88.9,90.5,90.5,409,162,409,21,13.9,30.9,3,4.4,3.4
Altuve, Jose,514888,2020,153,9.3,24.8,106.9,86.7,93.6,83.6,437,148,396,51,13.5,33.3,7,4.6,3.3
Reddick, Josh,502210,2020,147,18.9,34.7,106.7,85.9,88.6,85.1,413,173,408,43,11.1,29.3,7,4.8,3.3
Peraza, José,606299,2020,94,20,37.2,107.4,85.4,89.2,83.7,367,192,367,26,11.5,27.7,4,4.3,3.3
Arraez, Luis,650333,2020,102,12.1,43.1,103.7,87.5,90.6,83.1,392,180,,31,13.7,30.4,4,3.9,3.3
Harrison, Josh,543281,2020,69,15.4,33.3,103.2,83.8,87.2,83.2,429,171,411,16,8.8,23.2,3,4.3,3.3
Peterson, Jace,607054,2020,26,7.4,30.8,106.9,89.2,97.8,83.9,429,156,424,11,10.3,42.3,2,7.7,3.3
Casali, Curt,592200,2020,47,22.1,40.4,104.7,88.6,91.5,81.7,403,228,388,20,12.3,42.6,3,6.4,3.2
Vázquez, Christian,543877,2020,130,14.4,33.1,108.8,88.4,91.2,86.6,424,166,395,52,14,40,6,4.6,3.2
Castro, Starlin,516770,2020,47,16.8,27.7,109.6,87.1,89,87.2,424,177,401,14,11.4,29.8,2,4.3,3.2
Gardner, Brett,458731,2020,96,15,35.4,107.9,89.2,93.6,84.4,412,185,384,35,14.5,36.5,5,5.2,3.2
Camargo, Johan,622666,2020,85,9.8,23.5,106.3,87.3,93.3,83.6,442,152,398,28,10.9,32.9,4,4.7,3.1
Margot, Manuel,622534,2020,121,7.5,32.2,108.2,89.4,91.3,88.7,417,150,417,41,15.2,33.9,5,4.1,3.1
Galvis, Freddy,520471,2020,111,13.6,27,107.7,87,92.5,82.9,400,162,375,31,11.2,27.9,5,4.5,3.1
Kelly, Carson,608348,2020,93,16.7,32.3,105.4,86.3,89.4,84.6,425,174,395,32,13.9,34.4,4,4.3,3.1
Andújar, Miguel,609280,2020,53,13.9,28.3,106.7,85.9,89.6,86.9,422,144,422,20,16.4,37.7,2,3.8,3.1
Marte, Ketel,606466,2020,163,10,28.8,115.9,89.2,92,90.5,390,154,387,66,21.1,40.5,6,3.7,3.1
Martínez, José,500874,2020,61,6.2,31.1,107,87.9,89.2,86.8,428,142,408,20,11.5,32.8,3,4.9,3.1
Gurriel, Yuli,493329,2020,189,13.9,34.4,107.1,89.3,91.4,88.4,420,183,394,69,17.9,36.5,7,3.7,3
Frazier, Adam,624428,2020,175,12.3,34.9,107.5,85.5,89.5,83,415,160,401,44,10.9,25.1,7,4,3
Biggio, Cavan,624415,2020,159,16.7,31.4,103.6,87.4,91.6,83.2,401,178,379,49,12.2,30.8,8,5,3
Hays, Austin,669720,2020,99,11,27.3,106.9,87,88.8,86.5,407,149,375,31,12.3,31.3,4,4,3
Fowler, Dexter,451594,2020,62,11.2,33.9,106.9,84.5,88.6,80,386,177,383,17,8.3,27.4,3,4.8,3
Romine, Austin,519222,2020,84,7.7,33.3,111.6,87.9,91.7,87.9,397,143,389,40,14.2,47.6,4,4.8,3
Ward, Taylor,621493,2020,66,10.4,31.8,108.6,91.1,94.2,87.5,394,169,,31,17.8,47,3,4.5,2.9
Riddle, JT,595375,2020,54,6.8,16.7,106.5,88.8,94.4,86.8,417,134,417,15,11,27.8,2,3.7,2.9
Naylor, Josh,647304,2020,85,7.8,28.2,108.8,86.8,91.6,85.6,444,141,444,29,15.7,34.1,3,3.5,2.9
Dubón, Mauricio,643289,2020,124,16.7,40.3,106.3,86.2,89.7,82.8,414,194,380,38,10.4,30.6,5,4,2.8
Reyes, Victor,622682,2020,157,10.7,39.5,108.6,90,92.1,88.7,416,168,394,65,14.8,41.4,6,3.8,2.8
Stallings, Jacob,607732,2020,88,12.4,33,105,88.6,91,86,419,184,401,33,13.9,37.5,4,4.5,2.8
Mathias, Mark,664029,2020,29,19.5,44.8,107.7,84.6,89,79.2,359,162,,7,11.5,24.1,1,3.4,2.8
Hamilton, Billy,571740,2020,27,24.6,48.1,100.3,82.2,88.2,72.2,405,203,405,2,2.8,7.4,1,3.7,2.8
Bregman, Alex,608324,2020,128,17.3,35.9,105.6,88.9,90.3,88.8,412,185,395,43,16.2,33.6,5,3.9,2.8
Heyward, Jason,518792,2020,112,11.3,42,108.1,87.6,90.9,85.1,416,163,383,45,15.2,40.2,5,4.5,2.8
Rosario, Amed,642708,2020,109,4.2,30.3,107.8,86.5,89.1,85.4,434,132,398,36,13.3,33,4,3.7,2.7
Wendle, Joey,621563,2020,134,5.1,32.8,104.9,86.7,90.7,83.7,399,153,386,43,12.9,32.1,5,3.7,2.7
Bart, Joey,663698,2020,62,12.6,29,109.5,89,95.6,85,402,143,,30,13.5,48.4,3,4.8,2.7
Hernández, César,514917,2020,177,5.6,37.3,108.2,89.1,92.5,86.6,420,153,402,66,14.4,37.3,7,4,2.7
Iglesias, José,578428,2020,126,7.6,43.7,110.2,86.2,91.5,82.5,396,155,386,46,16.7,36.5,4,3.2,2.7
Edman, Tommy,669242,2020,158,8.2,31,109,86.5,92,84.3,412,142,395,53,14.2,33.5,6,3.8,2.6
Varsho, Daulton,662139,2020,68,18.4,27.9,109.5,86.2,90.6,84.2,426,168,387,26,12.6,38.2,3,4.4,2.6
Velazquez, Andrew,623205,2020,44,6.7,11.4,108.4,82.4,86.6,81.5,396,125,,7,4.8,15.9,2,4.5,2.6
Senzel, Nick,669222,2020,56,16.3,33.9,106.7,88.3,92.2,84.5,373,181,373,19,15.2,33.9,2,3.6,2.6
Torres, Gleyber,650402,2020,108,14.9,33.3,110.2,88.6,91.1,85.9,438,180,423,41,14.5,38,4,3.7,2.5
Profar, Jurickson,595777,2020,155,11,35.5,107.7,87.2,89.8,86.3,421,158,392,43,11,27.7,5,3.2,2.5
Vogt, Stephen,519390,2020,55,21.2,23.6,105.3,87.3,90.6,82.1,363,199,363,17,12.3,30.9,2,3.6,2.5
León, Sandy,506702,2020,45,17.9,37.8,108.1,84.9,92.4,77.5,439,172,408,13,8.8,28.9,2,4.4,2.5
Cave, Jake,595909,2020,69,8.5,27.5,106.3,87.4,92.9,81.9,417,157,385,27,11.3,39.1,3,4.3,2.4
Walker, Neil,435522,2020,27,22,51.9,103.1,86.9,86.8,88.4,378,177,,3,3.8,11.1,1,3.7,2.4
García, Avisaíl,541645,2020,132,8.7,37.1,113.3,87.4,92.1,84.7,427,149,412,49,12.4,37.1,5,3.8,2.4
Suzuki, Kurt,435559,2020,95,18,31.6,104,83.9,88.2,80.8,390,184,384,23,9.7,24.2,3,3.2,2.3
LeMahieu, DJ,518934,2020,175,2.3,29.7,109.5,91.3,94.4,89.5,397,135,361,80,21.9,45.7,5,2.9,2.3
Adell, Jo,666176,2020,69,11.4,30.4,115.5,90.6,93.2,90.9,437,158,407,25,9,36.2,3,4.3,2.3
Smoak, Justin,475253,2020,78,15.3,33.3,107,89.6,95.2,85.6,416,172,379,31,13,39.7,3,3.8,2.3
Caratini, Victor,605170,2020,85,6.2,25.9,111,87.9,93.4,85,371,142,371,31,14.4,36.5,3,3.5,2.3
Owings, Chris,572008,2020,30,18,23.3,103.3,86.9,91.1,82.3,418,196,400,9,10.7,30,1,3.3,2.3
Giménez, Andrés,665926,2020,91,13.5,30.8,109.5,86.8,89.9,86.8,388,146,383,24,9.6,26.4,3,3.3,2.3
Muñoz, Yairo,622168,2020,34,13,35.3,104.4,89.2,94.6,86.6,395,152,395,13,12.4,38.2,1,2.9,2.2
Evans, Phillip,595943,2020,32,7.6,31.3,109.8,85.5,91.4,81.8,411,148,411,11,14.9,34.4,1,3.1,2.2
McGuire, Reese,624512,2020,34,1.5,8.8,103,82.1,88.7,83,379,82,379,5,6,14.7,1,2.9,2.2
Polanco, Jorge,593871,2020,177,16.1,39,109.2,86.6,89.2,84.9,391,179,378,59,15.1,33.3,5,2.8,2.2
Garneau, Dustin,572863,2020,25,24.3,32,103.1,88.2,95.7,73.3,379,201,379,7,9.2,28,1,4,2.2
Gordon, Alex,460086,2020,126,11.6,34.1,112.3,82.8,90.3,76.8,437,154,396,32,9.6,25.4,4,3.2,2.2
Sandoval, Pablo,467055,2020,66,8,28.8,112.1,91.9,94.5,89.9,379,148,379,34,17.9,51.5,2,3,2.1
Bonifacio, Jorge,593528,2020,61,18.3,32.8,106.9,82.9,90.4,78.5,402,168,400,17,8.5,27.9,2,3.3,2.1
Choi, Ji-Man,596847,2020,89,15.7,30.3,109.9,89,94.5,85.1,429,169,400,35,13.3,39.3,3,3.4,2.1
Toro, Abraham,647351,2020,64,7.6,26.6,107.9,86.1,90.6,85.2,438,140,402,18,9.3,28.1,2,3.1,2.1
Joyce, Matt,459964,2020,87,12.5,36.8,106.2,86.7,91,81.7,404,182,395,28,10.7,32.2,3,3.4,2
Dahl, David,621311,2020,66,17,30.3,103.6,85.9,88.9,82.2,416,179,,15,7,22.7,2,3,2
Berti, Jon,542932,2020,86,7.2,32.6,109.9,86.6,87.1,86.9,417,136,409,29,14.2,33.7,3,3.5,2
Heineman, Tyler,623168,2020,38,34.3,21.1,100.3,82.4,86.3,82.3,400,177,,4,5,10.5,1,2.6,2
Lopes, Tim,621005,2020,109,6.5,29.4,109.1,87.2,92.3,85.3,376,139,374,43,14,39.4,3,2.8,2
Adrianza, Ehire,501303,2020,66,16,33.3,103.1,85.9,89.7,81.6,401,185,,16,8.5,24.2,2,3,2
Mullins, Cedric,656775,2020,107,15.6,23.4,110.2,88.6,92.5,87.4,427,146,402,34,11.8,31.8,3,2.8,2
White, Eli,642201,2020,33,15.4,33.3,103.5,88.1,90.6,88.7,372,168,,11,10.7,33.3,1,3,1.9
Estrada, Thairo,642731,2020,29,2.9,24.1,104.7,83.5,88.4,83.3,411,125,411,8,6.7,27.6,1,3.4,1.9
Molina, Yadier,425877,2020,126,12.3,38.9,104.2,84.7,90.2,81.8,413,165,385,32,10.5,25.4,3,2.4,1.9
McNeil, Jeff,643446,2020,162,11.5,37,106.2,86.6,90.3,84.1,401,166,392,43,9.4,26.5,4,2.5,1.9
Haggerty, Sam,664059,2020,34,13,44.1,106.1,90.6,93.4,86.8,365,170,365,14,13.3,41.2,1,2.9,1.9
Beaty, Matt,607461,2020,36,7.9,38.9,104.8,90,92.2,88.6,430,162,392,15,16.1,41.7,1,2.8,1.9
Castro, Harold,605612,2020,38,11.6,44.7,102.7,89,94.8,83.1,374,159,,14,12.2,36.8,1,2.6,1.9
Vargas, Ildemaro,545121,2020,42,2.1,23.8,103.4,85.3,89.5,85.4,401,116,401,12,12,28.6,1,2.4,1.9
Pérez, Roberto,547379,2020,59,-2.5,23.7,109,86,93.4,84,381,109,381,19,11,32.2,2,3.4,1.8
Davis, Chris,448801,2020,35,6.2,25.7,105.3,85.8,90.9,81.5,377,136,,8,6.8,22.9,1,2.9,1.8
Kiner-Falefa, Isiah,643396,2020,180,0.8,22.2,106.2,87.2,90.5,85.8,396,119,370,56,14.8,31.1,4,2.2,1.8
Mendick, Danny,664901,2020,83,7.4,30.1,107.7,86.2,89.8,84.4,382,142,364,26,13.2,31.3,2,2.4,1.8
Lin, Tzu-Wei,624407,2020,38,13.7,31.6,102.2,85.5,86.2,84.8,396,165,,5,4.6,13.2,1,2.6,1.8
Quinn, Roman,596451,2020,70,9.7,22.9,108.3,85.8,91.2,82.3,429,132,396,18,8,25.7,2,2.9,1.7
Tucker, Cole,657061,2020,80,13.3,25,104.9,83.1,87.3,83.5,402,132,402,20,10.2,25,2,2.5,1.7
Díaz, Aledmys,649557,2020,46,10.2,37,104.7,87.3,93.7,84.1,416,172,384,12,10.3,26.1,1,2.2,1.7
Cameron, Daz,663662,2020,38,9.3,34.2,108.7,87.1,93.5,82.8,406,166,,10,8.5,26.3,1,2.6,1.7
Bemboom, Anthony,621532,2020,38,11.8,36.8,104.5,86.7,91.8,82.3,417,165,388,11,12,28.9,1,2.6,1.7
Avila, Alex,488671,2020,27,12.6,51.9,106.2,85.3,95.5,66.5,405,187,405,11,11.7,40.7,1,3.7,1.6
Starling, Bubba,605490,2020,33,8.1,36.4,109.4,84.2,88.1,81,365,139,365,10,7.9,30.3,1,3,1.6
Espinal, Santiago,669289,2020,46,14.5,45.7,104.4,87.3,91.1,81.4,372,178,,13,10,28.3,1,2.2,1.5
Guillorme, Luis,641645,2020,41,10.7,46.3,103.6,89.8,92.1,87.8,387,161,,13,10.7,31.7,1,2.4,1.5
Barrero, Jose,676480,2020,41,7.7,31.7,107.8,86.6,87,88.7,407,149,,15,10.4,36.6,1,2.4,1.5
Tapia, Raimel,606132,2020,150,1.8,28.7,107.2,85.3,88.4,84.3,410,126,410,45,11.1,30,3,2,1.5
Díaz, Yandy,650490,2020,97,-7.9,24.7,113,88.3,92.9,86.1,426,103,385,30,14.7,30.9,2,2.1,1.4
Markakis, Nick,455976,2020,107,9.5,35.5,106.1,89,90.6,89.5,392,157,392,45,19.1,42.1,2,1.9,1.4
Crawford, J.P.,641487,2020,167,11.5,34.1,110.1,85.8,89.3,85.1,420,156,393,52,13.6,31.1,3,1.8,1.3
Torrens, Luis,620443,2020,56,13.9,32.1,107.1,93,96.4,92.5,336,163,336,32,26.9,57.1,1,1.8,1.3
Locastro, Tim,641796,2020,56,17.3,39.3,108.1,85.6,88.7,81.5,427,171,400,12,8.9,21.4,1,1.8,1.2
Chirinos, Robinson,455139,2020,54,13.8,25.9,105.4,84.5,91.4,78.6,395,148,395,13,8.7,24.1,1,1.9,1.2
Straw, Myles,664702,2020,60,15.9,36.7,102.6,87.4,89,85.4,405,191,,13,8.6,21.7,1,1.7,1.2
Haseley, Adam,656514,2020,66,0.3,34.8,105.7,86.6,90.8,83.4,375,137,,21,13.3,31.8,1,1.5,1.1
Mercado, Oscar,640458,2020,61,14.4,18,110.8,88.2,89.9,91.1,371,151,371,20,11.2,32.8,1,1.6,1.1
Robles, Victor,645302,2020,118,19,37.3,109.2,82.2,86.3,78.2,385,167,376,27,7.3,22.9,2,1.7,1.1
Lopez, Nicky,670032,2020,131,1.4,30.5,104.6,84.9,91.2,81,396,133,396,35,10.6,26.7,2,1.5,1
Fuentes, Joshua,658069,2020,71,10.6,39.4,103.9,84,86.2,82.2,410,156,399,17,8.1,23.9,1,1.4,1
Villar, Jonathan,542340,2020,134,1.6,18.7,111.1,86.7,91,86.3,429,114,419,48,11.6,35.8,2,1.5,1
Barnes, Austin,605131,2020,65,16.2,21.5,105.4,86.9,91.8,84.2,419,152,419,23,13.1,35.4,1,1.5,1
Wade, Tyler,642180,2020,68,13.4,30.9,105.5,86.6,91.3,84.7,383,163,369,19,11.4,27.9,1,1.5,1
Rengifo, Luis,650859,2020,66,3.8,21.2,108,87.6,91,87.5,422,112,422,22,12,33.3,1,1.5,0.9
Holt, Brock,571788,2020,72,10.5,27.8,101.5,84,87.7,80.2,380,154,,13,6.7,18.1,1,1.4,0.9
Calhoun, Willie,641432,2020,85,14.4,25.9,106.6,89.3,90.5,92.4,371,154,371,33,17.9,38.8,1,1.2,0.9
Tauchman, Mike,643565,2020,70,10.6,34.3,111.8,84.9,86.2,84.1,373,157,,17,8.1,24.3,1,1.4,0.9
Kemp, Tony,643393,2020,82,18.8,42.7,99.8,85.8,88.3,82.9,388,190,,13,7.4,15.9,1,1.2,0.9
Alberto, Hanser,593643,2020,193,13.2,32.6,103.8,82.3,88.4,79.5,391,148,381,40,8.5,20.7,2,1,0.9
Urías, Luis,649966,2020,77,2.3,22.1,107.4,87.7,91,87.4,403,107,,21,10.7,27.3,1,1.3,0.8
DeShields, Delino,592261,2020,82,5.8,30.5,102.8,84,89.2,80.8,378,136,,16,8,19.5,1,1.2,0.8
Hoerner, Nico,663538,2020,86,0.8,27.9,106.7,87.5,93.5,84,393,132,,32,14,37.2,1,1.2,0.8
Inciarte, Ender,542255,2020,94,8.4,29.8,98.5,78.2,85.3,71.2,384,150,384,6,2.4,6.4,1,1.1,0.8
Panik, Joe,605412,2020,93,9.3,34.4,105.8,87.5,91.9,84.7,412,152,412,31,14.9,33.3,1,1.1,0.7
Rojas, Miguel,500743,2020,107,11.9,38.3,107,87.3,88.6,86.6,416,169,389,34,16.3,31.8,1,0.9,0.7
Newman, Kevin,621028,2020,138,8.7,32.6,104.7,85.5,87.7,84.5,381,152,381,39,13.6,28.3,1,0.7,0.6
Akiyama, Shogo,673451,2020,121,2.9,34.7,104,85.1,90.8,80.8,386,134,,32,9.1,26.4,1,0.8,0.5
Wong, Kolten,543939,2020,154,10.8,31.2,103.7,86.5,89.4,85.8,353,145,353,41,11.3,26.6,1,0.6,0.5
Fletcher, David,664058,2020,185,4.1,30.8,107,84.7,86.7,85.2,365,128,359,33,9.8,17.8,1,0.5,0.4
Machín, Vimael,605353,2020,53,6.4,35.8,108,89.9,90.2,89.7,382,157,,23,18.4,43.4,,0,0
Mayfield, Jack,608686,2020,30,24.4,23.3,106.5,87.4,87.6,89.3,364,166,,8,8.1,26.7,,0,0
Paredes, Isaac,670623,2020,76,7.5,35.5,107.3,86.5,89.5,85,386,152,386,20,10.6,26.3,,0,0
Simmons, Andrelton,592743,2020,102,6,27.5,105.8,86.5,87.8,89,361,114,,32,15.4,31.4,,0,0
Rojas, Josh,668942,2020,47,5.4,38.3,104.2,86,91,82.7,385,158,,13,9.8,27.7,,0,0
Butera, Drew,460077,2020,30,22.5,16.7,99.4,85.9,89,87.3,391,150,,5,5.4,16.7,,0,0
Araúz, Jonathan,660620,2020,51,9.4,41.2,106.6,85.6,86.4,86.5,347,160,347,13,9.2,25.5,,0,0
Ervin, Phillip,640447,2020,52,16,25,104.8,85.4,89.4,80.3,348,169,,13,7.7,25,,0,0
Kieboom, Carter,666198,2020,67,11.9,31.3,104.9,85.1,89.4,81.2,347,151,,14,5.9,20.9,,0,0
Wade Jr., LaMonte,664774,2020,30,15.3,26.7,105.6,85,88.8,81.2,376,162,,9,11.5,30,,0,0
Freeman, Mike,502273,2020,28,19.8,42.9,102.3,84.8,89.4,79.8,359,207,,5,6.6,17.9,,0,0
Sogard, Eric,519299,2020,96,15.2,43.8,104.6,84.4,85.8,84,380,168,380,14,7.5,14.6,,0,0
Wolters, Tony,547172,2020,72,8.2,40.3,102.4,84.1,88.2,78,410,166,,15,8.4,20.8,,0,0
Sierra, Magneuris,642423,2020,38,3.8,31.6,105.6,83.7,83.1,84.2,376,130,,7,8.5,18.4,,0,0
Smith, Mallex,605480,2020,32,2.1,12.5,100.1,83.7,85.1,83.1,324,107,,6,6.5,18.8,,0,0
Madrigal, Nick,663611,2020,96,4.3,30.2,104.7,83.7,85.9,83.4,351,129,,19,10.3,19.8,,0,0
Garcia, Greg,594824,2020,46,11.1,26.1,102.4,83.4,86.2,81.4,336,145,,5,4.6,10.9,,0,0
Hechavarría, Adeiny,588751,2020,47,11.2,21.3,105.1,82.9,85.7,81.2,361,140,,11,8,23.4,,0,0
Gallagher, Cam,595956,2020,43,14.9,37.2,102,82.7,89.4,80.1,382,152,382,10,10.1,23.3,,0,0
Dyson, Jarrod,502481,2020,51,5.7,23.5,103.3,82.7,85.6,82.3,348,123,,9,7.9,17.6,,0,0
Mejía, Francisco,642336,2020,30,23.4,36.7,100.3,81.5,91,76.1,343,157,343,4,4.1,13.3,,0,0
Strange-Gordon, Dee,543829,2020,62,14.1,30.6,96,79.2,82.5,80.4,329,140,,3,2,4.8,,0,0
