Name,Team,POS,ADP,IP,mW,mSV,mERA,mWHIP,mSO,PTS,aPOS,Dollars,playerid
Jacob deGrom,NYM,SP,24.13999939,152,2.86679416,-1.782823347,13.19258885,13.01682489,4.432468773,31.72585333,8.787425154,41.51327848,10954
Max Scherzer,NYM,SP,16.29000092,189,3.66067562,-1.782823347,6.498800638,9.76159409,5.682639369,23.82088637,8.787425154,33.60831152,3137
Gerrit Cole,NYY,SP,10.38000011,201,5.248438539,-1.782823347,4.7560118,8.5677919,6.497968018,23.28738691,8.787425154,33.07481206,13125
Corbin Burnes,MIL,SP,10.32999992,174,3.66067562,-1.782823347,7.545695857,6.750819615,4.54117926,20.71554701,8.787425154,30.50297216,19361
Zack Wheeler,PHI,SP,23.89999962,206,4.454557079,-1.782823347,4.784243669,4.553084408,4.160692557,16.16975437,8.787425154,25.95717952,10310
Shane Bieber,CLE,SP,29.70999908,193,2.86679416,-1.782823347,4.031886312,4.345361043,4.649889747,14.11110791,8.787425154,23.89853307,19427
Brandon Woodruff,MIL,SP,17.47999954,187,3.66067562,-1.782823347,3.205894489,3.732493633,3.997626827,12.81386722,8.787425154,22.60129238,16162
Aaron Nola,PHI,SP,47,194,3.66067562,-1.782823347,1.434873781,3.058512143,4.37811353,10.74935173,8.787425154,20.53677688,16149
Justin Verlander,,SP,108.7600021,175,2.86679416,-1.782823347,0.422320015,5.463970715,3.617140124,10.58740167,8.787425154,20.37482682,8700
Robbie Ray,SEA,SP,48.61999893,194,2.86679416,-1.782823347,0.303282954,2.520837251,5.845705099,9.753796116,8.787425154,19.54122127,11486
Charlie Morton,ATL,SP,95.94999695,169,2.86679416,-1.782823347,2.991100676,1.625053958,2.693100989,8.393226436,8.787425154,18.18065159,4676
Carlos Rodon,,SP,124.8099976,154,2.0729127,-1.782823347,2.340609654,3.184516058,2.530035259,8.345250324,8.787425154,18.13267548,16137
Chris Sale,BOS,SP,51.09999847,157,2.0729127,-1.782823347,1.339117031,3.087693594,2.530035259,7.246935237,8.787425154,17.03436039,10603
Liam Hendriks,CHW,RP,36.04999924,68,-3.484257519,6.148714609,3.326089577,4.705518598,-2.525002366,8.171062899,7.505149695,16.67621259,3548
Josh Hader,MIL,RP,35.66999817,67,-3.484257519,5.328210683,4.225715865,3.303993042,-1.981449933,7.392212138,7.505149695,15.89736183,14212
Joe Musgrove,SDP,SP,82.70999908,182,2.86679416,-1.782823347,0.914480964,1.295102432,2.747456232,6.041010441,8.787425154,15.82843559,12970
Logan Webb,SFG,SP,55,191,2.86679416,-1.782823347,3.567957233,-1.146064523,2.475680016,5.981543539,8.787425154,15.76896869,17995
Pablo Lopez,MIA,SP,131.8099976,166,2.0729127,-1.782823347,2.295207058,1.721876422,1.497285637,5.804458469,8.787425154,15.59188362,17085
Walker Buehler,LAD,SP,16.37999916,201,4.454557079,-1.782823347,-1.467737754,0.502668533,3.834561097,5.541225609,8.787425154,15.32865076,19374
Edwin Diaz,NYM,RP,71,67,-3.484257519,7.242719845,3.094125037,2.497480706,-2.633712852,6.716355216,7.505149695,15.22150491,14710
Sean Manaea,OAK,SP,159.1000061,179,2.0729127,-1.782823347,0.218587345,2.467274678,1.769061853,4.745013229,8.787425154,14.53243838,15873
Sandy Alcantara,MIA,SP,39.29000092,202,2.86679416,-1.782823347,1.027408441,-0.515342922,3.127942935,4.723979267,8.787425154,14.51140442,18684
Kevin Gausman,TOR,SP,61.24000168,191,3.66067562,-1.782823347,-2.089996907,1.273472487,3.236653421,4.297981275,8.787425154,14.08540643,14107
Trevor Rogers,MIA,SP,102.2900009,154,1.27903124,-1.782823347,2.340609654,0.764979048,1.605996123,4.207792718,8.787425154,13.99521787,22286
Max Fried,ATL,SP,72.13999939,185,3.66067562,-1.782823347,1.610374582,-1.490094487,2.095193313,4.093325681,8.787425154,13.88075083,13743
Blake Snell,SDP,SP,127.8600006,158,2.0729127,-1.782823347,2.136876984,-1.425204653,2.801811475,3.80357316,8.787425154,13.59099831,13543
Aroldis Chapman,NYY,RP,84.23999786,64,-3.484257519,6.969218536,2.964026833,0.981278496,-2.633712852,4.796553493,7.505149695,13.30170319,10233
Yu Darvish,SDP,SP,100.5199966,159,2.0729127,-1.782823347,-1.02593096,2.127020467,2.095193313,3.486372172,8.787425154,13.27379733,13074
Jack Flaherty,STL,SP,64.86000061,177,2.86679416,-1.782823347,-0.245341734,-0.066938987,2.584390502,3.356080594,8.787425154,13.14350575,17479
Shohei Ohtani,LAA,SP,7.949999809,165,2.0729127,-1.782823347,-0.199939137,0.589188312,2.475680016,3.155018544,8.787425154,12.9424437,19755
Frankie Montas,OAK,SP,90.86000061,179,2.0729127,-1.782823347,-0.347208069,0.585412559,2.366969529,2.895263372,8.787425154,12.68268853,14309
Raisel Iglesias,LAA,RP,59.81000137,68,-3.484257519,6.695717227,1.628703335,2.554819033,-3.231620528,4.163361547,7.505149695,12.66851124,17130
Emmanuel Clase,CLE,RP,63.09999847,67,-3.484257519,6.695717227,3.094125037,1.422130924,-3.612107231,4.115608437,7.505149695,12.62075813,21032
Clayton Kershaw,,SP,174.9499969,148,1.27903124,-1.782823347,0.948822417,1.765136311,0.464536014,2.674702636,8.787425154,12.46212779,2036
Mike Clevinger,SDP,SP,197.7599945,138,1.27903124,-1.782823347,1.458154092,0.922915592,0.736312231,2.613589809,8.787425154,12.40101496,12808
Julio Urias,LAD,SP,34.13999939,189,3.66067562,-1.782823347,-2.553925986,0.352283496,2.856166719,2.532376501,8.787425154,12.31980166,14765
Freddy Peralta,MIL,SP,57.47999954,163,2.0729127,-1.782823347,-1.22966363,-0.332000679,3.345363908,2.073788952,8.787425154,11.86121411,18679
Shane McClanahan,TBR,SP,110.7099991,159,2.0729127,-1.782823347,0.671455282,-0.561353989,1.497285637,1.897476283,8.787425154,11.68490144,21483
Jose Berrios,TOR,SP,74.23999786,198,3.66067562,-1.782823347,-2.729426786,-0.475858786,3.019232448,1.691799149,8.787425154,11.4792243,14168
Alex Wood,SFG,SP,216.8099976,164,2.0729127,-1.782823347,1.265482565,-1.081174688,1.116798934,1.591196163,8.787425154,11.37862132,13781
Ryan Pressly,HOU,RP,73.48000336,66,-3.484257519,6.422215918,2.296365084,1.095955151,-3.720817718,2.609460916,7.505149695,11.11461061,7005
Lucas Giolito,CHW,SP,42.86000061,184,2.86679416,-1.782823347,-3.713748683,0.334429304,3.345363908,1.050015342,8.787425154,10.8374405,15474
Taylor Rogers,MIN,RP,242,67,-3.484257519,4.781208065,2.528329623,1.690968369,-3.340331015,2.175917524,7.505149695,10.68106722,13449
Nathan Eovaldi,BOS,SP,134.8999939,183,2.86679416,-1.782823347,-2.814122395,0.545928423,2.040838069,0.85661491,8.787425154,10.64404006,9132
Lance Lynn,CHW,SP,60.24000168,187,2.86679416,-1.782823347,-3.583650479,-0.30006805,3.019232448,0.219484733,8.787425154,10.00690989,2520
Jordan Romano,TOR,RP,107.4300003,66,-3.484257519,5.601711992,1.73056967,0.55828026,-3.394686258,1.011618144,7.505149695,9.516767838,16122
Luis Castillo,CIN,SP,80.66999817,195,2.86679416,-1.782823347,-1.162138749,-3.873923114,3.508429638,-0.443661413,8.787425154,9.343763742,15689
Eduardo Rodriguez,DET,SP,158.4799957,187,2.0729127,-1.782823347,-1.886264237,-2.181930169,2.638745745,-1.139359307,8.787425154,8.648065847,13164
Carlos Carrasco,NYM,SP,309.519989,144,1.27903124,-1.782823347,-0.544831155,-0.614916562,0.355825528,-1.307714296,8.787425154,8.479710859,6632
Giovanny Gallegos,STL,RP,123.0999985,70,-3.484257519,4.507706756,0.961041586,1.32530846,-3.449041501,-0.139242218,7.505149695,8.365907476,14986
Dylan Cease,CHW,SP,88,170,2.0729127,-1.782823347,-3.566479752,-1.543657061,3.127942935,-1.692104525,8.787425154,8.09532063,18525
Framber Valdez,HOU,SP,130.6699982,191,3.66067562,-1.782823347,1.304775577,-6.791650879,1.660351366,-1.948671663,8.787425154,7.838753491,17295
Blake Treinen,LAD,RP,180.0500031,70,-3.484257519,5.601711992,0.961041586,-0.287716213,-3.612107231,-0.821327386,7.505149695,7.683822308,12572
Shane Baz,TBR,SP,146.2400055,118,-0.30873168,-1.782823347,-0.352159627,0.851498827,-0.676924094,-2.269139921,8.787425154,7.518285234,22264
Chris Bassitt,OAK,SP,139.0500031,186,2.0729127,-1.782823347,-3.815615018,-0.626243823,1.605996123,-2.545773365,8.787425154,7.24165179,12304
Lance McCullers Jr.,HOU,SP,152.9499969,147,1.27903124,-1.782823347,0.151062464,-3.131276036,0.736312231,-2.747693448,8.787425154,7.039731706,14120
Will Smith,ATL,RP,97.19000244,70,-3.484257519,5.8752133,-0.170549242,-0.556553659,-3.285975771,-1.622122891,7.505149695,6.883026803,8048
Andrew Kittredge,TBR,RP,281.1900024,65,-3.484257519,3.68720283,1.49860513,0.769779378,-4.155659664,-1.684329845,7.505149695,6.820819849,12828
Lucas Sims,CIN,RP,274.9500122,65,-4.278138979,5.328210683,-0.198781112,0.232104487,-3.122910042,-2.039514963,7.505149695,6.465634732,13470
Michael Kopech,CHW,SP,177.5200043,111,-1.10261314,-1.782823347,-0.844320575,0.718967981,-0.513858364,-3.524647445,8.787425154,6.262777709,17282
Zac Gallen,ARI,SP,148.1900024,178,2.0729127,-1.782823347,-3.408149678,-3.235650006,2.801811475,-3.551898856,8.787425154,6.235526298,19291
Alex Cobb,SFG,SP,273.3800049,151,1.27903124,-1.782823347,-0.052670206,-3.170760172,-0.133371662,-3.860594146,8.787425154,5.926831008,6562
David Bednar,PIT,RP,200.6699982,64,-4.278138979,4.781208065,0.700845177,-0.094071286,-3.829528204,-2.719685228,7.505149695,5.785464467,19569
Ranger Suarez,PHI,SP,179.3800049,165,2.0729127,-1.782823347,-0.765734551,-4.249885708,0.681956988,-4.043573918,8.787425154,5.743851236,17277
Steven Matz,STL,SP,256.8099976,161,1.27903124,-1.782823347,-2.259388123,-1.790864562,0.410180771,-4.14386402,8.787425154,5.643561134,13361
Alek Manoah,TOR,SP,88.09999847,147,1.27903124,-1.782823347,-3.24371002,-1.249413917,0.845022717,-4.151893326,8.787425154,5.635531828,26410
Hyun-Jin Ryu,TOR,SP,192.7100067,177,2.86679416,-1.782823347,-3.640114217,-2.486475997,0.355825528,-4.686793874,8.787425154,5.100631281,14444
Camilo Doval,SFG,RP,148.7599945,67,-4.278138979,5.328210683,0.830943381,-2.072755869,-3.394686258,-3.586427042,7.505149695,4.918722653,21992
Scott Barlow,KCR,RP,176.8600006,66,-4.278138979,5.601711992,0.033183428,-1.054744414,-3.938238691,-3.636226664,7.505149695,4.86892303,14993
Tarik Skubal,DET,SP,198.5200043,158,1.27903124,-1.782823347,-4.08687257,-1.694042098,1.334219907,-4.950486868,8.787425154,4.836938287,22267
Tylor Megill,NYM,SP,350.1000061,115,-0.30873168,-1.782823347,-1.048053245,-0.664703383,-1.220476527,-5.024788182,8.787425154,4.762636973,21318
Aaron Ashby,MIL,SP,271.3299866,81,-2.690376059,-1.509322038,2.946856106,-1.270019285,-2.579357609,-5.102218886,8.787425154,4.685206269,23550
Andrew Heaney,LAD,SP,316.519989,134,0.48514978,-1.782823347,-3.996067377,-0.381787499,0.138404555,-5.537123888,8.787425154,4.250301266,15423
Corey Knebel,PHI,RP,192.6699982,60,-4.278138979,2.319696286,0.904577847,0.483087741,-3.775172961,-4.345950067,7.505149695,4.159199628,15010
Gregory Soto,DET,RP,204.5700073,68,-4.278138979,4.781208065,0.497112507,-2.015417541,-3.503396744,-4.518632693,7.505149695,3.986517002,19677
Logan Gilbert,SEA,SP,157.9499969,141,-0.30873168,-1.782823347,-4.069701843,0.288418238,-0.024661175,-5.897499807,8.787425154,3.889925348,22250
Jordan Montgomery,NYY,SP,235.7599945,164,2.0729127,-1.782823347,-4.392471575,-2.963036807,0.953733204,-6.111685825,8.787425154,3.675739329,16511
Garrett Whitlock,BOS,RP,253.9499969,68,-3.484257519,3.68720283,-0.068682907,-0.940067759,-4.101304421,-4.907109776,7.505149695,3.598039918,20191
Trevor Bauer,LAD,SP,299.0499878,78,-2.690376059,-1.782823347,-0.012219168,0.977502742,-2.742423339,-6.250339171,8.787425154,3.537085984,12703
Pierce Johnson,SDP,RP,413.8999939,64,-4.278138979,3.68720283,0.135049763,-0.900583623,-3.720817718,-5.077287727,7.505149695,3.427861968,13435
Dinelson Lamet,SDP,RP,352.8999939,52,-4.278138979,-0.141815494,1.877838601,1.637405795,-4.210014907,-5.114724984,7.505149695,3.390424711,17186
Tyler Mahle,CIN,SP,122.0999985,176,2.0729127,-1.782823347,-6.135260413,-3.350326661,2.747456232,-6.448041489,8.787425154,3.339383666,16358
Devin Williams,MIL,RP,309.6199951,65,-3.484257519,-1.235820729,2.064400544,0.232104487,-3.122910042,-5.546483259,7.505149695,2.958666435,15816
Matt Barnes,BOS,RP,254.8099976,66,-3.484257519,1.22569105,0.598978842,-0.785906968,-3.285975771,-5.731470367,7.505149695,2.773679328,12863
Patrick Sandoval,LAA,SP,234.3800049,147,1.27903124,-1.782823347,-2.112119192,-4.744300709,0.192759798,-7.16745221,8.787425154,2.619972945,19447
Jose Alvarado,PHI,RP,567.4299927,67,-3.484257519,0.678688433,1.962534209,-2.072755869,-3.068554798,-5.984345544,7.505149695,2.52080415,17780
Rowan Wick,CHC,RP,376.4299927,64,-4.278138979,6.148714609,-1.562336479,-2.244770851,-4.210014907,-6.146546607,7.505149695,2.358603088,14646
Sixto Sanchez,MIA,SP,346.3800049,92,-1.896494599,-1.782823347,-0.1594881,-0.639297684,-3.122910042,-7.601013772,8.787425154,2.186411382,19680
Yusei Kikuchi,SEA,SP,338.519989,152,1.27903124,-1.782823347,-3.21547815,-3.919934181,0.029694068,-7.60951037,8.787425154,2.177914784,20633
Huascar Ynoa,ATL,SP,229.4799957,124,-0.30873168,-1.782823347,-2.355144874,-2.568195446,-0.731279338,-7.746174685,8.787425154,2.04125047,20468
Mark Melancon,ARI,RP,127.2399979,65,-4.278138979,6.422215918,-0.764576526,-2.99394486,-4.862277826,-6.476722273,7.505149695,2.028427422,4264
Elieser Hernandez,MIA,SP,332.8099976,140,-0.30873168,-1.782823347,-4.867461796,-0.575432426,-0.296437391,-7.83088664,8.787425154,1.956538514,16933
Craig Kimbrel,CHW,RP,135.3800049,66,-3.484257519,-0.688818112,0.033183428,0.289442814,-2.851133825,-6.701583214,7.505149695,1.80356648,6655
Pete Fairbanks,TBR,RP,488.3800049,64,-4.278138979,0.678688433,0.700845177,-0.094071286,-3.720817718,-6.713494373,7.505149695,1.791655321,17998
Anthony Bender,MIA,RP,418.2900085,63,-4.278138979,0.952189741,1.034676051,-0.420247059,-4.046949177,-6.758469423,7.505149695,1.746680272,19742
Tyler Wells,BAL,RP,438.2900085,64,-4.278138979,3.960704139,-2.128131893,-0.362908732,-3.992593934,-6.801069399,7.505149695,1.704080295,20000
Aaron Bummer,CHW,RP,588.8099976,64,-3.484257519,-1.782823347,2.964026833,-0.631746177,-3.938238691,-6.873038901,7.505149695,1.632110793,16258
Adam Wainwright,STL,SP,180.7599945,194,2.0729127,-1.782823347,-4.788875772,-4.737773778,0.953733204,-8.282826994,8.787425154,1.504598161,2233
Joe Ryan,MIN,SP,202.3300018,142,0.48514978,-1.782823347,-6.100918959,-0.998430663,0.084049312,-8.312973877,8.787425154,1.474451277,21390
Brusdar Graterol,LAD,RP,584.1900024,66,-3.484257519,0.131685815,1.164774256,-0.785906968,-4.101304421,-7.075008837,7.505149695,1.430140857,20367
Trevor May,NYM,RP,545.4299927,63,-4.278138979,-1.235820729,1.034676051,0.923940169,-3.557751988,-7.113095476,7.505149695,1.392054218,6398
Ian Anderson,ATL,SP,135.5200043,166,2.0729127,-1.782823347,-3.928542496,-6.343246945,1.497285637,-8.484414451,8.787425154,1.303010704,19951
Luis Severino,NYY,SP,165.7599945,115,-1.10261314,-1.782823347,-2.745439487,-1.202378274,-1.709673716,-8.542927964,8.787425154,1.24449719,15890
Sonny Gray,CIN,SP,181.5700073,163,1.27903124,-1.782823347,-4.624436114,-5.171074699,1.660351366,-8.638951553,8.787425154,1.148473601,12768
Seth Lugo,NYM,RP,595.8099976,70,-3.484257519,-1.509322038,0.961041586,0.249958678,-3.666462474,-7.449041768,7.505149695,1.056107927,12447
Anthony DeSclafani,SFG,SP,189.6199951,175,1.27903124,-1.782823347,-5.235634124,-3.676502434,0.681956988,-8.733971678,8.787425154,1.053453477,13050
Dylan Floro,MIA,RP,227.5700073,67,-4.278138979,3.413701521,-0.300647447,-1.803918423,-4.536146367,-7.505149695,7.505149695,1,13394
Patrick Corbin,WSN,SP,417.3299866,174,2.0729127,-1.782823347,-4.90180325,-5.346865435,1.171154177,-8.787425154,8.787425154,1,9323
Jonathan Loaisiga,NYY,RP,391.8099976,66,-3.484257519,-1.235820729,1.164774256,0.020605368,-3.992593934,-7.527292558,7.505149695,0.977857136,19753
Paul Sewald,SEA,RP,321.8999939,67,-4.278138979,-0.141815494,-0.300647447,0.615618587,-3.503396744,-7.608380077,7.505149695,0.896769617,13892
John Means,BAL,SP,233.7100067,172,0.48514978,-1.782823347,-8.194709399,-0.084793178,0.681956988,-8.895219156,8.787425154,0.892205998,16269
Jake McGee,SFG,RP,285.8099976,66,-4.278138979,0.405187124,0.033183428,0.289442814,-4.101304421,-7.651630034,7.505149695,0.853519661,7550
Luis Garcia,HOU,SP,161.8999939,168,1.27903124,-1.782823347,-6.293590487,-3.80903328,1.605996123,-9.00041975,8.787425154,0.787005404,23735
Dustin May,LAD,SP,507.7099915,43,-4.278138979,-1.782823347,1.487543988,0.583685958,-5.079698799,-9.06943118,8.787425154,0.717993975,19716
Drew Rasmussen,TBR,SP,276,114,-1.10261314,-1.782823347,-1.845813199,-2.872741275,-1.60096323,-9.20495419,8.787425154,0.582470965,25385
Tyler Matzek,ATL,RP,544.2399902,68,-3.484257519,-1.235820729,1.062907921,-1.208905205,-3.177265285,-8.043340817,7.505149695,0.461808877,10058
Kyle Finnegan,WSN,RP,406.6700134,66,-4.278138979,5.8752133,-2.229998228,-3.205443978,-4.210014907,-8.048382792,7.505149695,0.456766903,15009
Zach Eflin,PHI,SP,453.7600098,130,-0.30873168,-1.782823347,-4.358130121,-1.417653146,-1.492252743,-9.359591037,8.787425154,0.427834118,13774
Stephen Strasburg,WSN,SP,326.6700134,153,0.48514978,-1.782823347,-4.680899853,-3.862595854,0.410180771,-9.430988502,8.787425154,0.356436652,10131
Genesis Cabrera,STL,RP,593.8099976,66,-3.484257519,-1.509322038,1.164774256,-0.785906968,-3.612107231,-8.226819501,7.505149695,0.278330194,17490
Chad Green,NYY,RP,389.1400146,63,-4.278138979,-1.509322038,-0.096914777,1.46161506,-3.829528204,-8.252288938,7.505149695,0.252860756,15552
Caleb Ferguson,LAD,RP,999,50,-4.278138979,-1.782823347,1.413909522,0.447379358,-4.318725394,-8.518398839,7.505149695,-0.013249145,19349
Mike Minor,KCR,SP,454.5700073,176,1.27903124,-1.782823347,-6.701055827,-3.350326661,0.573246501,-9.981928094,8.787425154,-0.194502939,10021
Tommy Kahnle,LAD,RP,999,54,-4.278138979,-1.782823347,1.210176852,0.407895222,-4.26437015,-8.707260402,7.505149695,-0.202110707,11384
Lou Trivino,OAK,RP,281.6199951,65,-4.278138979,4.781208065,-1.896167354,-2.725107414,-4.59050161,-8.708707292,7.505149695,-0.203557597,15043
Jose Quintana,PIT,SP,553.0499878,156,0.48514978,-1.782823347,-3.419210821,-5.572442991,0.247115041,-10.04221234,8.787425154,-0.254787182,11423
James Karinchak,CLE,RP,398,66,-4.278138979,-1.235820729,0.598978842,-0.785906968,-3.068554798,-8.769442633,7.505149695,-0.264292938,20151
Diego Castillo,SEA,RP,368.6199951,65,-4.278138979,-0.688818112,0.367014302,-0.305570404,-4.046949177,-8.95246237,7.505149695,-0.447312675,17496
Diego Castillo,SEA,RP,599.0499878,65,-4.278138979,-0.688818112,0.367014302,-0.305570404,-4.046949177,-8.95246237,7.505149695,-0.447312675,17496
Matthew Boyd,,SP,585.8099976,81,-2.690376059,-1.782823347,-2.14530262,-0.194669503,-3.449041501,-10.26221303,8.787425154,-0.474787876,15440
Danny Duffy,,SP,551.6699829,98,-1.896494599,-1.782823347,-2.728268761,-1.639454948,-2.307581392,-10.35462305,8.787425154,-0.567197893,3542
Jake Diekman,,RP,588.5700073,69,-3.484257519,-1.782823347,0.729077046,-1.420404323,-3.122910042,-9.081318184,7.505149695,-0.57616849,5003
Chris Paddack,SDP,SP/RP,396.2900085,62,-3.484257519,-1.782823347,-0.89467473,0.32892695,-4.536146367,-10.36897501,8.787425154,-0.581549858,20099
Miles Mikolas,STL,SP,468.480011,145,0.48514978,-1.782823347,-4.273434513,-2.708277799,-2.090160419,-10.3695463,8.787425154,-0.582121144,9803
Marcus Stroman,CHC,SP,158.8999939,191,2.0729127,-1.782823347,-4.918973977,-6.522813434,0.736312231,-10.41538583,8.787425154,-0.627960672,13431
Taijuan Walker,NYM,SP,352.7099915,166,1.27903124,-1.782823347,-6.191724152,-4.461384826,0.736312231,-10.42058885,8.787425154,-0.633163699,11836
Trevor Williams,NYM,SP,598,82,-2.690376059,-1.782823347,-1.347542666,-0.943843513,-3.720817718,-10.4854033,8.787425154,-0.697978148,16977
Garrett Crochet,CHW,RP,499.9500122,69,-3.484257519,-1.782823347,0.163281632,-0.882729432,-3.340331015,-9.32685968,7.505149695,-0.821709986,27463
Daniel Hudson,LAD,RP,539.1400146,61,-4.278138979,-0.688818112,-0.560843856,0.002751177,-3.829528204,-9.354577973,7.505149695,-0.849428279,7146
Tanner Houck,BOS,SP,209.5200043,99,-1.896494599,-1.782823347,-2.496304221,-2.388628957,-2.144515663,-10.70876679,8.787425154,-0.921341633,19879
Jon Gray,TEX,SP,279.1000061,178,1.27903124,-1.782823347,-6.802922162,-5.117512125,1.605996123,-10.81823027,8.787425154,-1.030805116,14916
Ken Giles,SEA,RP,248.5700073,54,-4.278138979,0.405187124,-0.48720939,-0.398617114,-4.807922583,-9.566700943,7.505149695,-1.061551248,12910
Alex Reyes,STL,RP,272,68,-3.484257519,0.678688433,-0.634478321,-2.821929878,-3.449041501,-9.711018787,7.505149695,-1.205869092,15015
JT Brubaker,PIT,SP,514.0999756,138,-0.30873168,-1.782823347,-4.765595461,-3.647320982,-0.622568851,-11.12704032,8.787425154,-1.339615166,17578
A.J. Puk,OAK,RP,525.5700073,73,-3.484257519,-0.415316803,-0.606246452,-1.459888459,-3.883883447,-9.84959268,7.505149695,-1.344442985,19343
Jesus Luzardo,MIA,SP,306.8099976,83,-2.690376059,-1.782823347,-1.115578127,-2.230692413,-3.340331015,-11.15980096,8.787425154,-1.372375806,19959
Michael Fulmer,DET,RP,366.3299866,65,-4.278138979,0.131685815,-0.764576526,-0.57440785,-4.481791123,-9.967228663,7.505149695,-1.462078969,13218
Hector Neris,HOU,RP,461.5700073,72,-3.484257519,-0.96231942,-0.838210991,-1.248389341,-3.449041501,-9.982218773,7.505149695,-1.477069078,11804
David Peterson,NYM,SP,582.9500122,69,-2.690376059,-1.782823347,-0.402513782,-2.226916659,-4.210014907,-11.31264475,8.787425154,-1.5252196,20302
Luis Garcia,SDP,RP,545.2399902,60,-4.278138979,-1.509322038,0.904577847,-0.861099487,-4.373080637,-10.11706329,7.505149695,-1.611913599,6984
Andres Munoz,SEA,RP,521.289978,46,-5.072020439,-1.509322038,1.051846778,-0.050811397,-4.59050161,-10.17080871,7.505149695,-1.665659011,20373
Bailey Ober,MIN,SP,277.4299927,145,0.48514978,-1.782823347,-7.668206997,-2.439440354,-0.133371662,-11.53869258,8.787425154,-1.751267424,21224
Corey Kluber,TBR,SP,362.2399902,148,0.48514978,-1.782823347,-5.84072255,-4.149287491,-0.350792635,-11.63847624,8.787425154,-1.851051088,2429
Sam Coonrod,PHI,RP,999,59,-4.278138979,-1.235820729,0.106817893,-0.649600369,-4.318725394,-10.37546758,7.505149695,-1.870317883,17264
Richard Bleier,MIA,RP,598.6400146,62,-4.278138979,-1.235820729,1.368506926,-1.015260278,-5.297119773,-10.45783283,7.505149695,-1.952683138,7803
Collin McHugh,,RP,530.1400146,63,-4.278138979,-1.782823347,-0.096914777,-0.151409614,-4.155659664,-10.46494638,7.505149695,-1.959796685,7531
Bailey Falter,PHI,SP/RP,592.8099976,61,-4.278138979,-1.782823347,-0.560843856,-0.534923714,-4.59050161,-11.74723151,8.787425154,-1.959806351,20070
Reid Detmers,LAA,SP,451.1900024,90,-1.896494599,-1.782823347,-3.452394248,-1.829324121,-2.796778582,-11.7578149,8.787425154,-1.970389744,27468
Jordan Hicks,STL,RP,528.289978,57,-4.278138979,-0.96231942,1.340275056,-2.108464251,-4.481791123,-10.49043872,7.505149695,-1.985289023,19618
Luke Jackson,ATL,RP,581.7600098,66,-3.484257519,-1.509322038,0.033183428,-1.592419305,-3.992593934,-10.54540937,7.505149695,-2.040259674,11752
Domingo German,NYY,SP,407.4299927,90,-2.690376059,-1.782823347,-3.452394248,-1.022811785,-2.905489068,-11.85389451,8.787425154,-2.066469353,17149
Art Warren,CIN,RP,523.8599854,54,-4.278138979,-1.782823347,0.078586024,-0.398617114,-4.26437015,-10.64536357,7.505149695,-2.140213872,18251
Joe Barlow,TEX,RP,231.3800049,66,-4.278138979,4.781208065,-3.361589056,-3.743118869,-4.101304421,-10.70294326,7.505149695,-2.197793565,22296
Alex Vesia,LAD,RP,593.3800049,62,-4.278138979,-1.235820729,-0.328879316,-1.284097723,-3.612107231,-10.73904398,7.505149695,-2.233894284,25007
David Price,LAD,SP,577.4299927,91,-1.896494599,-1.782823347,-2.654634295,-2.578498131,-3.122910042,-12.03536041,8.787425154,-2.247935259,3184
Luis Patino,TBR,SP,307.7099915,98,-1.896494599,-1.782823347,-3.859859588,-2.177129839,-2.361936636,-12.07824401,8.787425154,-2.290818855,22815
Jake Cousins,MIL,RP,593.710022,60,-4.278138979,-1.782823347,0.338782433,-1.129936932,-3.992593934,-10.84471076,7.505149695,-2.339561065,21620
Adbert Alzolay,CHC,SP,345.519989,95,-1.896494599,-1.782823347,-3.424162379,-2.349144821,-2.688068095,-12.14069324,8.787425154,-2.353268087,17859
A.J. Minter,ATL,RP,595.4799805,62,-4.278138979,-1.782823347,0.236916098,-1.015260278,-4.046949177,-10.88625568,7.505149695,-2.381105988,18655
Kirby Yates,ATL,RP,553.1900024,36,-5.072020439,-1.235820729,0.429587625,0.451155112,-5.514540746,-10.94163918,7.505149695,-2.436489482,9073
Tim Mayza,TOR,RP,600.1400146,62,-4.278138979,-1.235820729,0.236916098,-1.284097723,-4.42743588,-10.98857721,7.505149695,-2.483427519,15042
Luke Weaver,ARI,SP,463.7099915,140,-0.30873168,-1.782823347,-5.999052624,-3.801481773,-0.405147878,-12.2972373,8.787425154,-2.509812147,16918
Matt Wisler,TBR,RP,999,60,-4.278138979,-1.235820729,-1.358603809,0.214250295,-4.373080637,-11.03139386,7.505149695,-2.526244164,12804
Jake Odorizzi,HOU,SP,458.6199951,70,-3.484257519,-1.782823347,-2.433730898,-0.556553659,-4.155659664,-12.41302509,8.787425154,-2.625599932,6397
Tanner Scott,BAL,RP,600.5700073,60,-4.278138979,-1.235820729,0.338782433,-1.936449269,-4.046949177,-11.15857572,7.505149695,-2.653426027,17586
Craig Stammen,SDP,RP,583.1400146,60,-4.278138979,-1.509322038,-0.227012981,-0.323424596,-4.862277826,-11.20017642,7.505149695,-2.695026726,7274
Tim Hill,SDP,RP,999,60,-4.278138979,-1.509322038,0.338782433,-1.129936932,-4.75356734,-11.33218286,7.505149695,-2.827033162,16814
Nick Sandlin,CLE,RP,600.4799805,62,-4.278138979,-1.509322038,-0.328879316,-1.284097723,-3.938238691,-11.33867675,7.505149695,-2.833527053,20517
Brooks Raley,TBR,RP,591.9500122,52,-4.278138979,-1.782823347,0.180452359,-0.513293769,-4.970988313,-11.36479205,7.505149695,-2.859642354,10061
Drew Steckenrider,SEA,RP,314.5700073,66,-4.278138979,2.319696286,-2.795793642,-2.130094196,-4.481791123,-11.36612165,7.505149695,-2.86097196,18806
Brady Singer,KCR,SP,433.1900024,150,0.48514978,-1.782823347,-4.810998057,-5.916472955,-0.676924094,-12.70206867,8.787425154,-2.914643519,25377
Kyle Gibson,PHI,SP,356.8099976,189,2.0729127,-1.782823347,-5.948698469,-8.519352207,1.442930393,-12.73503093,8.787425154,-2.947605776,10123
Eric Lauer,MIL,SP,321.7099915,95,-1.896494599,-1.782823347,-3.424162379,-2.886819712,-2.796778582,-12.78707862,8.787425154,-2.999653465,19316
Roansy Contreras,PIT,SP,482.6700134,64,-3.484257519,-1.782823347,-1.562336479,-1.438258514,-4.536146367,-12.80382223,8.787425154,-3.016397071,22810
Josh Taylor,BOS,RP,999,60,-4.278138979,-1.509322038,-0.227012981,-1.398774378,-4.155659664,-11.56890804,7.505149695,-3.063758345,17359
Emilio Pagan,SDP,RP,522.2399902,63,-4.278138979,-1.235820729,-1.794301019,-0.151409614,-4.155659664,-11.61533,7.505149695,-3.11018031,14771
Miguel Castro,NYM,RP,600.8099976,63,-4.278138979,-1.782823347,0.468880637,-2.033271732,-3.992593934,-11.61794736,7.505149695,-3.11279766,15684
Julian Merryweather,TOR,RP,584.3800049,54,-4.278138979,-1.235820729,-0.48720939,-0.936292005,-4.699212097,-11.6366732,7.505149695,-3.131523506,16703
JT Chargois,TBR,RP,597.3800049,63,-4.278138979,-0.96231942,-0.662710191,-1.495596841,-4.26437015,-11.66313558,7.505149695,-3.157985887,13767
Mike Mayers,LAA,RP,569.5200195,66,-4.278138979,-1.235820729,-1.664202814,-0.517069523,-3.992593934,-11.68782598,7.505149695,-3.182676284,15451
Zack Greinke,,SP,309.519989,160,0.48514978,-1.782823347,-7.017715974,-3.730065008,-0.948700311,-12.99415486,8.787425154,-3.206729705,1943
Colin Poche,TBR,RP,999,44,-5.072020439,-1.782823347,0.022122285,0.103349394,-5.025343556,-11.75471566,7.505149695,-3.249565968,19403
Jorge Alcala,MIN,RP,446.0499878,62,-4.278138979,-0.688818112,-1.460470144,-1.015260278,-4.318725394,-11.76141291,7.505149695,-3.256263211,19459
Kendall Graveman,CHW,RP,452.1900024,62,-4.278138979,-1.509322038,-0.328879316,-1.284097723,-4.373080637,-11.77351869,7.505149695,-3.268368999,15514
Aaron Loup,LAA,RP,550.3300171,62,-4.278138979,-1.509322038,-0.328879316,-1.015260278,-4.644856853,-11.77645746,7.505149695,-3.27130777,10343
Steven Okert,MIA,RP,999,56,-4.278138979,-1.782823347,-0.589075725,-0.552777905,-4.59050161,-11.79331757,7.505149695,-3.288167872,13580
Mike Soroka,ATL,SP,542.1400146,102,-1.896494599,-1.782823347,-2.932001431,-3.291963757,-3.177265285,-13.08054842,8.787425154,-3.293123265,18383
Edward Cabrera,MIA,SP,499.2900085,39,-5.072020439,-1.782823347,-0.006109584,-0.721017134,-5.514540746,-13.09651125,8.787425154,-3.309086095,21690
Tanner Rainey,WSN,RP,355.480011,65,-4.278138979,0.131685815,-1.33037194,-2.99394486,-3.394686258,-11.86545622,7.505149695,-3.360306527,17610
Phil Bickford,LAD,RP,585.1900024,56,-4.278138979,-1.782823347,-0.589075725,-0.821615351,-4.42743588,-11.89908928,7.505149695,-3.393939587,18519
Jay Jackson,ATL,RP,999,56,-4.278138979,-1.782823347,-0.589075725,-1.090452796,-4.210014907,-11.95050575,7.505149695,-3.44535606,7432
Anthony Misiewicz,SEA,RP,999,58,-4.278138979,-1.509322038,-0.69094206,-0.706938696,-4.807922583,-11.99326436,7.505149695,-3.488114662,18152
Nicholas Lodolo,CIN,SP,517.9500122,37,-5.072020439,-1.782823347,-0.470038663,-0.298018897,-5.731961719,-13.35486307,8.787425154,-3.567437911,sa917947
Reynaldo Lopez,CHW,SP/RP,515.7600098,53,-4.278138979,-1.782823347,-1.850764757,-0.455955442,-5.025343556,-13.39302608,8.787425154,-3.605600927,16400
Dominic Leone,SFG,RP,596.6400146,62,-4.278138979,-1.782823347,-0.328879316,-1.552935169,-4.210014907,-12.15279172,7.505149695,-3.647642023,13763
Ryne Stanek,HOU,RP,586.9000244,70,-3.484257519,-1.509322038,-1.867935484,-1.900740886,-3.394686258,-12.15694219,7.505149695,-3.651792491,15947
Jose Urquidy,HOU,SP,191.7599945,136,-0.30873168,-1.782823347,-8.05850161,-1.880135518,-1.4378975,-13.46808965,8.787425154,-3.6806645,18413
Chris Stratton,PIT,RP,480.7099915,68,-4.278138979,0.405187124,-1.766069149,-2.284254987,-4.26437015,-12.18764614,7.505149695,-3.682496447,13761
Kenley Jansen,,RP,91.86000061,67,-4.278138979,-1.782823347,-1.432238275,-0.997406086,-3.720817718,-12.2114244,7.505149695,-3.70627471,3096
Joe Kelly,,RP,999,59,-4.278138979,-1.782823347,0.106817893,-1.724950151,-4.536146367,-12.21524095,7.505149695,-3.710091255,9761
Austin Adams,SDP,RP,596.8099976,48,-4.278138979,-1.782823347,-0.181610385,-1.28032197,-4.699212097,-12.22210678,7.505149695,-3.716957082,13801
Brad Wieck,CHC,RP,999,55,-4.278138979,-1.509322038,-0.821040264,-1.416628569,-4.210014907,-12.23514476,7.505149695,-3.729995063,16390
Louis Head,MIA,RP,598.2000122,52,-4.278138979,-1.782823347,-0.385343055,-0.782131215,-5.025343556,-12.25378015,7.505149695,-3.748630457,13259
Ryan Thompson,TBR,RP,999,55,-4.278138979,-1.509322038,-0.25524485,-1.147791124,-5.079698799,-12.27019579,7.505149695,-3.765046096,16647
Matthew Brash,SEA,SP,580.9000244,77,-3.484257519,-1.782823347,-1.94156995,-2.843559823,-3.503396744,-13.55560738,8.787425154,-3.768182229,sa3010616
Jorge Lopez,BAL,RP,999,56,-4.278138979,-1.235820729,-1.154871139,-0.821615351,-4.862277826,-12.35272402,7.505149695,-3.84757433,14527
Dane Dunning,TEX,SP,412.7600098,151,0.48514978,-1.782823347,-5.710624346,-6.127972073,-0.568213608,-13.70448359,8.787425154,-3.917058439,19409
Daniel Norris,,RP,999,56,-4.278138979,-1.782823347,-0.589075725,-1.090452796,-4.75356734,-12.49405819,7.505149695,-3.988908492,13475
Joely Rodriguez,NYY,RP,600.8800049,56,-4.278138979,-1.782823347,-0.023280311,-1.628127687,-4.807922583,-12.52029291,7.505149695,-4.015143213,11487
Ryan Tepera,,RP,557.5700073,66,-4.278138979,-1.782823347,-1.0984074,-1.323581859,-4.046949177,-12.52990076,7.505149695,-4.024751068,10291
Josh Staumont,KCR,RP,458.2900085,64,-4.278138979,-0.415316803,-1.562336479,-2.244770851,-4.046949177,-12.54751229,7.505149695,-4.042362594,18335
Connor Brogdon,PHI,RP,598.289978,63,-4.278138979,-1.509322038,-1.228505605,-1.226759396,-4.318725394,-12.56145141,7.505149695,-4.056301717,21205
Chris Flexen,SEA,SP,353.0499878,171,0.48514978,-1.782823347,-7.860878524,-4.443530635,-0.242082148,-13.84416487,8.787425154,-4.056739719,13896
Nestor Cortes,NYY,SP,358.480011,110,-1.896494599,-1.782823347,-6.168443841,-2.295582247,-1.709673716,-13.85301775,8.787425154,-4.065592596,17874
Michael King,NYY,SP/RP,596.6699829,63,-4.278138979,-1.782823347,-1.794301019,-1.495596841,-4.536146367,-13.88700655,8.787425154,-4.099581398,19853
Tucker Davidson,ATL,SP,574.710022,72,-2.690376059,-1.782823347,-1.969801819,-3.399088905,-4.046949177,-13.88903931,8.787425154,-4.101614153,19871
James Paxton,BOS,SP,573,44,-4.278138979,-1.782823347,-1.675263957,-0.703162942,-5.460185502,-13.89957473,8.787425154,-4.112149573,11828
Reiver Sanmartin,CIN,SP,536.5700073,72,-3.484257519,-1.782823347,-1.969801819,-2.323739123,-4.373080637,-13.93370244,8.787425154,-4.146277291,19754
Nate Pearson,TOR,SP,422.4299927,76,-2.690376059,-1.782823347,-3.305125317,-2.632060704,-3.557751988,-13.96813742,8.787425154,-4.180712261,20160
Jake Brentz,KCR,RP,600,60,-4.278138979,-1.509322038,-0.227012981,-2.47412416,-4.210014907,-12.69861307,7.505149695,-4.193463371,17783
Cole Sulser,BAL,RP,500.8099976,66,-4.278138979,-0.141815494,-2.229998228,-1.86125675,-4.210014907,-12.72122436,7.505149695,-4.216074664,15256
James Kaprielian,OAK,SP,319.2399902,105,-1.896494599,-1.782823347,-5.630880296,-2.313436439,-2.416291879,-14.03992656,8.787425154,-4.252501406,18331
Chris Martin,,RP,594.5999756,58,-4.278138979,-1.782823347,-1.256737474,-0.43810125,-5.025343556,-12.78114461,7.505149695,-4.275994912,11847
Dylan Coleman,KCR,RP,595.9000244,60,-4.278138979,-1.782823347,-0.792808395,-1.667611823,-4.26437015,-12.78575269,7.505149695,-4.280603,22276
Casey Sadler,SEA,RP,600.5700073,60,-4.278138979,-1.782823347,-0.792808395,-1.129936932,-4.807922583,-12.79163024,7.505149695,-4.286480542,11209
Caleb Thielbar,MIN,RP,999,62,-4.278138979,-1.509322038,-1.460470144,-1.284097723,-4.318725394,-12.85075428,7.505149695,-4.345604583,10078
Jose Leclerc,TEX,RP,999,36,-5.072020439,-1.782823347,-0.136207789,-0.355357225,-5.514540746,-12.86094954,7.505149695,-4.35579985,14524
David Robertson,,RP,600.3200073,60,-4.278138979,-1.782823347,-0.792808395,-1.667611823,-4.373080637,-12.89446318,7.505149695,-4.389313487,8241
Brent Suter,MIL,RP,587.1400146,65,-4.278138979,-1.509322038,-0.764576526,-1.649757632,-4.699212097,-12.90100727,7.505149695,-4.395857577,13942
Cody Morris,CLE,RP,590.4799805,58,-4.278138979,-1.782823347,-1.256737474,-0.975776142,-4.644856853,-12.93833279,7.505149695,-4.4331831,sa3008653
Andrew Chafin,,RP,593.9000244,70,-3.484257519,-1.782823347,-1.30214007,-2.169578332,-4.210014907,-12.94881418,7.505149695,-4.443664481,12988
Javy Guerra,SDP,RP,999,42,-5.072020439,-1.782823347,0.12398862,-0.817839597,-5.405830259,-12.95452502,7.505149695,-4.449375327,17292
Yonny Chirinos,TBR,SP,600.2000122,97,-2.690376059,-1.782823347,-4.091824128,-2.234468166,-3.503396744,-14.30288845,8.787425154,-4.515463291,16401
Sean Newcomb,ATL,RP,999,40,-5.072020439,-1.782823347,0.225854955,-0.932516252,-5.460185502,-13.02169058,7.505149695,-4.51654089,16943
Carlos Estevez,COL,RP,472.6700134,63,-4.278138979,3.413701521,-4.623278088,-3.108621515,-4.42743588,-13.02377294,7.505149695,-4.518623247,14542
Jameson Taillon,NYY,SP,316,152,0.48514978,-1.782823347,-9.439227704,-3.38225929,-0.187726905,-14.30688747,8.787425154,-4.519462311,11674
Tony Gonsolin,LAD,SP,341.6199951,139,0.48514978,-1.782823347,-7.362607992,-5.740682219,0.084049312,-14.31691447,8.787425154,-4.529489311,19388
Zack Littell,SFG,RP,598.710022,56,-4.278138979,-1.782823347,-0.589075725,-1.628127687,-4.807922583,-13.08608832,7.505149695,-4.580938627,15823
Anthony Bass,MIA,RP,598.710022,63,-4.278138979,-1.235820729,-0.662710191,-2.302109178,-4.644856853,-13.12363593,7.505149695,-4.618486236,7982
Jarlin Garcia,SFG,RP,596.5499878,58,-4.278138979,-1.782823347,-0.69094206,-1.513451033,-4.862277826,-13.12763324,7.505149695,-4.62248355,18282
Yimi Garcia,TOR,RP,533.3800049,60,-4.278138979,-1.509322038,-1.924399223,-0.861099487,-4.59050161,-13.16346134,7.505149695,-4.658311642,12095
Ian Kennedy,,RP,352.3299866,62,-4.278138979,-1.782823347,-2.026265558,-0.746422832,-4.373080637,-13.20673135,7.505149695,-4.701581658,6986
Glenn Otto,TEX,SP,586.5200195,97,-1.896494599,-1.782823347,-4.657619542,-3.309817949,-2.851133825,-14.49788926,8.787425154,-4.710464108,21366
Dillon Peters,PIT,SP,600.1400146,98,-2.690376059,-1.782823347,-3.294064175,-3.521317067,-3.231620528,-14.52020118,8.787425154,-4.732776021,18790
Derek Holland,,RP,999,60,-4.278138979,-1.782823347,-1.358603809,-1.398774378,-4.42743588,-13.24577639,7.505149695,-4.740626698,4141
Amir Garrett,CIN,RP,593.8599854,61,-4.278138979,-1.509322038,-1.12663927,-2.416785833,-3.938238691,-13.26912481,7.505149695,-4.763975116,14375
Cristian Javier,HOU,SP,330.0499878,79,-3.484257519,-1.782823347,-3.740822527,-2.728883168,-2.851133825,-14.58792039,8.787425154,-4.800495231,17606
Sammy Long,SFG,SP,576.1900024,77,-3.484257519,-1.782823347,-2.507365364,-2.843559823,-3.992593934,-14.61059999,8.787425154,-4.823174832,25379
Sam Howard,PIT,RP,999,58,-4.278138979,-1.782823347,-0.69094206,-2.319963369,-4.26437015,-13.33623791,7.505149695,-4.831088211,16265
Heath Hembree,,RP,999,58,-4.278138979,-1.782823347,-1.822532888,-1.244613587,-4.210014907,-13.33812371,7.505149695,-4.832974013,11632
Brandon Williamson,SEA,SP,599.9000244,37,-5.072020439,-1.782823347,-1.035834077,-0.835693789,-5.895027449,-14.6213991,8.787425154,-4.833973946,sa3011494
Triston McKenzie,CLE,SP,242.2400055,122,-1.10261314,-1.782823347,-6.779641851,-4.295896774,-0.676924094,-14.63789921,8.787425154,-4.850474052,18000
Josh Sborz,TEX,RP,595.9000244,60,-4.278138979,-1.509322038,-1.358603809,-1.936449269,-4.318725394,-13.40123949,7.505149695,-4.896089794,18323
Seranthony Dominguez,PHI,RP,999,52,-4.278138979,-0.415316803,-1.516933883,-2.126318442,-5.079698799,-13.41640691,7.505149695,-4.911257212,19249
Noah Syndergaard,LAA,SP,179.7599945,163,0.48514978,-1.782823347,-8.585004012,-4.095724917,-0.731279338,-14.70968183,8.787425154,-4.922256679,11762
Christian Greene,CIN,SP,425.8099976,111,-1.896494599,-1.782823347,-5.370683887,-4.120106039,-1.546607987,-14.71671586,8.787425154,-4.929290705,sa3005315
Ross Stripling,TOR,SP,518.1900024,80,-2.690376059,-1.782823347,-4.074653401,-2.133869949,-4.046949177,-14.72867193,8.787425154,-4.94124678,13273
Daulton Jefferies,OAK,SP,582.9000244,78,-3.484257519,-1.782823347,-3.406991652,-1.442034268,-4.644856853,-14.76096364,8.787425154,-4.973538485,19345
Matt Strahm,,RP,999,42,-5.072020439,-1.782823347,-1.007602208,-0.011327261,-5.623251232,-13.49702449,7.505149695,-4.991874792,13799
Caleb Smith,ARI,RP,547.6199951,65,-4.278138979,-1.235820729,-2.461962767,-1.649757632,-3.883883447,-13.50956356,7.505149695,-5.004413861,14875
Sam Hentges,CLE,SP/RP,999,56,-4.278138979,-1.782823347,-1.720666553,-2.165802579,-4.862277826,-14.80970928,8.787425154,-5.022284129,18548
Victor Gonzalez,LAD,RP,999,36,-5.072020439,-1.782823347,0.429587625,-1.161869561,-5.949382692,-13.53650841,7.505149695,-5.031358719,16408
Jose Quijada,LAA,RP,999,56,-4.278138979,-1.782823347,-1.154871139,-1.896965133,-4.42743588,-13.54023448,7.505149695,-5.035084783,19200
Phil Maton,HOU,RP,597.0999756,64,-4.278138979,-1.782823347,-1.562336479,-1.70709596,-4.210014907,-13.54040967,7.505149695,-5.035259977,18064
Will Harris,WSN,RP,999,56,-4.278138979,-1.509322038,-1.154871139,-1.628127687,-4.970988313,-13.54144816,7.505149695,-5.036298462,3192
Patrick Murphy,WSN,RP,999,53,-4.278138979,-1.782823347,-0.719173929,-1.80014267,-4.970988313,-13.55126724,7.505149695,-5.046117543,19712
Erik Swanson,SEA,RP,999,40,-5.072020439,-1.782823347,-0.905735873,-0.126003915,-5.677606475,-13.56419005,7.505149695,-5.059040355,16587
Trevor Richards,TOR,RP,999,56,-4.278138979,-1.782823347,-1.720666553,-1.090452796,-4.699212097,-13.57129377,7.505149695,-5.066144077,19309
Brad Hand,,RP,518.6199951,67,-4.278138979,-1.782823347,-1.998033689,-1.535080977,-4.046949177,-13.64102617,7.505149695,-5.135876475,9111
Trevor Rosenthal,,RP,474.8599854,59,-4.278138979,-1.782823347,-1.024772934,-2.531462488,-4.046949177,-13.66414693,7.505149695,-5.158997231,10745
Touki Toussaint,ATL,SP/RP,596.6699829,58,-4.278138979,-1.782823347,-1.822532888,-2.588800815,-4.481791123,-14.95408715,8.787425154,-5.166661998,16929
Hansel Robles,,RP,591.710022,68,-4.278138979,-1.782823347,-1.766069149,-2.015417541,-3.829528204,-13.67197722,7.505149695,-5.166827526,11801
Nick Pivetta,BOS,SP,369.2399902,165,1.27903124,-1.782823347,-9.252665761,-6.669422718,1.442930393,-14.98295019,8.787425154,-5.195525038,15454
Zach Pop,MIA,RP,999,58,-4.278138979,-1.782823347,-0.69094206,-2.051125924,-4.91663307,-13.71966338,7.505149695,-5.214513685,20185
John Brebbia,SFG,RP,999,44,-5.072020439,-1.782823347,-1.109468543,-0.434325497,-5.351475016,-13.75011284,7.505149695,-5.244963147,12777
Sean Reid-Foley,NYM,RP,999,40,-5.072020439,-1.782823347,-0.339940459,-1.201353698,-5.405830259,-13.8019682,7.505149695,-5.296818507,17034
Clay Holmes,NYY,RP,999,60,-4.278138979,-1.509322038,-0.792808395,-2.742961606,-4.481791123,-13.80502214,7.505149695,-5.299872447,13649
Griffin Canning,LAA,SP/RP,591.0499878,37,-5.072020439,-1.782823347,-1.601629491,-0.835693789,-5.840672205,-15.13283927,8.787425154,-5.345414116,19867
Tyler Duffey,MIN,RP,557.0499878,66,-4.278138979,-0.688818112,-2.229998228,-2.398931641,-4.26437015,-13.86025711,7.505149695,-5.355107416,13758
John King,TEX,RP,999,55,-4.278138979,-1.782823347,-0.821040264,-1.685466015,-5.351475016,-13.91894362,7.505149695,-5.413793926,22051
Angel Perdomo,MIL,RP,999,38,-5.072020439,-1.782823347,-0.238074124,-1.584867798,-5.242764529,-13.92055024,7.505149695,-5.415400542,17759
Kent Emanuel,HOU,RP,999,38,-5.072020439,-1.782823347,-0.238074124,-0.778355461,-6.058093178,-13.92936655,7.505149695,-5.424216854,15849
Adam Ottavino,,RP,575.3800049,68,-4.278138979,-1.782823347,-1.766069149,-2.553092432,-3.612107231,-13.99223114,7.505149695,-5.487081444,1247
Austin Voth,WSN,RP,999,63,-4.278138979,-1.509322038,-2.360096432,-1.495596841,-4.42743588,-14.07059017,7.505149695,-5.565440477,15047
Codi Heuer,CHC,RP,529.6199951,68,-4.278138979,-0.688818112,-1.766069149,-2.821929878,-4.536146367,-14.09110248,7.505149695,-5.58595279,23293
Justin Steele,CHC,SP,586.9500122,91,-2.690376059,-1.782823347,-3.220429709,-4.729197695,-2.959844312,-15.38267112,8.787425154,-5.595245968,17312
Ryan Helsley,STL,RP,999,60,-4.278138979,-1.782823347,-1.358603809,-2.205286715,-4.481791123,-14.10664397,7.505149695,-5.601494278,18138
Jesse Chavez,,RP,999,56,-4.278138979,-1.782823347,-1.720666553,-1.359290242,-4.970988313,-14.11190743,7.505149695,-5.606757739,5448
Matthew Liberatore,STL,SP,585.0999756,46,-4.278138979,-1.782823347,-1.777130292,-1.66383607,-5.895027449,-15.39695614,8.787425154,-5.609530982,sa3008163
Tony Santillan,CIN,SP/RP,598.7600098,61,-4.278138979,-1.782823347,-2.824025511,-2.416785833,-4.101304421,-15.40307809,8.787425154,-5.615652936,19926
Jose Cisnero,DET,RP,999,61,-4.278138979,-1.509322038,-1.692434683,-2.147948387,-4.536146367,-14.16399045,7.505149695,-5.65884076,6399
Mychal Givens,,RP,580.4799805,66,-4.278138979,-1.782823347,-2.229998228,-1.86125675,-4.046949177,-14.19916648,7.505149695,-5.694016787,10430
Hunter Harvey,SFG,RP,999,48,-5.072020439,-1.782823347,-0.747405799,-1.28032197,-5.351475016,-14.23404657,7.505149695,-5.728896876,15507
Nick Nelson,NYY,RP,999,46,-5.072020439,-1.782823347,-0.645539464,-1.66383607,-5.079698799,-14.24391812,7.505149695,-5.738768424,20153
JC Mejia,CLE,SP/RP,999,55,-4.278138979,-1.782823347,-1.952631092,-2.491978351,-5.025343556,-15.53091533,8.787425154,-5.743490171,20617
Kyle Wright,ATL,SP,593.6699829,41,-5.072020439,-1.782823347,-1.239566747,-1.681690261,-5.786316962,-15.56241776,8.787425154,-5.774992602,19665
Paul Blackburn,OAK,SP,999,41,-5.072020439,-1.782823347,-1.239566747,-1.14401537,-6.329869395,-15.5682953,8.787425154,-5.780870143,14739
Drew Smith,NYM,RP,999,60,-4.278138979,-1.782823347,-1.924399223,-1.667611823,-4.644856853,-14.29783023,7.505149695,-5.792680531,17755
Tyler Rogers,SFG,RP,481.8999939,70,-4.278138979,-0.415316803,-1.867935484,-2.707253223,-5.079698799,-14.34834329,7.505149695,-5.843193594,15541
Jeurys Familia,,RP,591.9000244,65,-4.278138979,-1.782823347,-1.33037194,-2.725107414,-4.26437015,-14.38081183,7.505149695,-5.875662136,5114
T.J. Zeuch,STL,SP/RP,999,36,-5.072020439,-1.782823347,-0.702003203,-1.699544453,-6.438579881,-15.69497132,8.787425154,-5.907546168,19269
Anthony Banda,PIT,RP,999,62,-4.278138979,-1.509322038,-1.460470144,-2.359447505,-4.862277826,-14.46965649,7.505149695,-5.964506798,14706
Trevor Stephan,CLE,RP,999,54,-4.278138979,-1.782823347,-2.184595632,-1.473966897,-4.75356734,-14.47309219,7.505149695,-5.9679425,19932
Ross Detwiler,,RP,999,45,-5.072020439,-1.782823347,-0.877504003,-1.183499506,-5.568895989,-14.48474328,7.505149695,-5.97959359,2859
Junior Fernandez,STL,RP,999,42,-5.072020439,-1.782823347,-0.441806794,-1.624351934,-5.568895989,-14.4898985,7.505149695,-5.984748808,18496
Jonathan Hernandez,TEX,RP,999,38,-5.072020439,-1.782823347,-0.803869538,-1.047192907,-5.786316962,-14.49222319,7.505149695,-5.987073498,17464
Ryne Nelson,ARI,SP,999,37,-5.072020439,-1.782823347,-1.601629491,-1.37336868,-5.949382692,-15.77922465,8.787425154,-5.991799494,sa3011524
MacKenzie Gore,SDP,SP,999,37,-5.072020439,-1.782823347,-1.035834077,-1.911043571,-6.003737935,-15.80545937,8.787425154,-6.018034214,sa3005068
Manuel Rodriguez,CHC,RP,999,58,-4.278138979,-1.235820729,-1.256737474,-3.126475706,-4.644856853,-14.54202974,7.505149695,-6.036880047,20794
Sean Poppen,ARI,RP,999,42,-5.072020439,-1.782823347,-0.441806794,-1.624351934,-5.623251232,-14.54425375,7.505149695,-6.039104051,19583
Ryan Weathers,SDP,SP/RP,586.0999756,36,-5.072020439,-1.782823347,-1.267798617,-1.430707007,-6.275514151,-15.82886356,8.787425154,-6.041438406,23796
Joe Ross,WSN,SP,581.5700073,91,-2.690376059,-1.782823347,-4.917815951,-3.116173022,-3.340331015,-15.84751939,8.787425154,-6.060094239,12972
Jeff Hoffman,CIN,SP/RP,999,68,-4.278138979,-1.509322038,-3.463455391,-2.821929878,-3.775172961,-15.84801925,8.787425154,-6.060594092,17432
Ryan Borucki,TOR,RP,999,46,-5.072020439,-1.782823347,-0.645539464,-1.66383607,-5.405830259,-14.57004958,7.505149695,-6.064899884,16350
Domingo Acevedo,OAK,RP,999,62,-4.278138979,-1.782823347,-2.592060972,-1.284097723,-4.644856853,-14.58197787,7.505149695,-6.07682818,17092
Darwinzon Hernandez,BOS,RP,999,52,-4.278138979,-1.782823347,-0.951138469,-3.201668225,-4.373080637,-14.58684966,7.505149695,-6.081699962,19848
Paul Fry,BAL,RP,999,52,-4.278138979,-1.782823347,-0.951138469,-2.663993334,-4.91663307,-14.5927272,7.505149695,-6.087577503,15832
Nick Wittgren,CLE,RP,999,57,-4.278138979,-1.782823347,-2.054497427,-1.57078936,-4.91663307,-14.60288218,7.505149695,-6.097732488,15594
Nick Snyder,TEX,RP,999,44,-5.072020439,-1.782823347,-1.109468543,-1.240837834,-5.405830259,-14.61098042,7.505149695,-6.105830727,23493
Tony Watson,,RP,999,60,-4.278138979,-1.782823347,-1.924399223,-1.667611823,-5.025343556,-14.67831693,7.505149695,-6.173167234,3132
Daniel Bard,COL,RP,525.5700073,65,-4.278138979,0.678688433,-3.593553595,-3.531619751,-3.992593934,-14.71721783,7.505149695,-6.212068132,7115
Dylan Lee,ATL,RP,999,44,-5.072020439,-1.782823347,-1.109468543,-1.240837834,-5.514540746,-14.71969091,7.505149695,-6.214541213,19996
Danny Coulombe,MIN,RP,999,40,-5.072020439,-1.782823347,-0.905735873,-1.201353698,-5.786316962,-14.74825032,7.505149695,-6.243100623,13293
Rafael Montero,HOU,RP,999,46,-5.072020439,-1.782823347,-1.211334878,-1.126161179,-5.568895989,-14.76123583,7.505149695,-6.256086137,12760
Justus Sheffield,SEA,SP/RP,599.5,49,-5.072020439,-1.782823347,-1.647032087,-2.029495979,-5.514540746,-16.0459126,8.787425154,-6.258487443,17285
Evan Phillips,LAD,RP,999,40,-5.072020439,-1.782823347,-0.905735873,-1.470191143,-5.568895989,-14.79966679,7.505149695,-6.294517096,17734
Andrew Wantz,LAA,RP,999,60,-4.278138979,-1.782823347,-2.490194637,-1.667611823,-4.59050161,-14.8092704,7.505149695,-6.304120702,24933
Jose Alvarez,SFG,RP,999,52,-4.278138979,-1.782823347,-0.951138469,-2.126318442,-5.677606475,-14.81602571,7.505149695,-6.310876018,5358
Kervin Castro,SFG,RP,598.0999756,53,-4.278138979,-1.782823347,-1.284969343,-2.337817561,-5.134054043,-14.81780327,7.505149695,-6.312653578,21656
Lucas Luetge,NYY,RP,999,44,-5.072020439,-1.782823347,-1.109468543,-1.240837834,-5.623251232,-14.82840139,7.505149695,-6.3232517,8337
Anthony Castro,TOR,RP,999,40,-5.072020439,-1.782823347,-0.905735873,-1.470191143,-5.623251232,-14.85402203,7.505149695,-6.348872339,19789
German Marquez,COL,SP,238.1000061,196,2.0729127,-1.782823347,-9.982900833,-8.924496253,2.475680016,-16.14162772,8.787425154,-6.354202562,15038
Adam Morgan,,RP,999,56,-4.278138979,-1.782823347,-1.720666553,-2.165802579,-4.91663307,-14.86406453,7.505149695,-6.358914832,12580
Spencer Patton,TEX,RP,596.0499878,64,-4.278138979,-0.96231942,-2.693927307,-2.513608296,-4.42743588,-14.87542988,7.505149695,-6.370280188,12361
Joe Mantiply,ARI,RP,999,58,-4.278138979,-1.782823347,-1.256737474,-2.588800815,-4.970988313,-14.87748893,7.505149695,-6.372339233,14857
Brent Honeywell,TBR,SP/RP,586.9500122,61,-4.278138979,-1.782823347,-2.824025511,-2.147948387,-5.134054043,-16.16699027,8.787425154,-6.379565113,16466
Sam Moll,OAK,RP,999,56,-4.278138979,-1.782823347,-1.154871139,-2.70347747,-4.970988313,-14.89029925,7.505149695,-6.385149553,14874
Luis Gil,NYY,SP,438.1400146,63,-3.484257519,-1.782823347,-3.49168726,-3.37745896,-4.046949177,-16.18317626,8.787425154,-6.39575111,21052
T.J. McFarland,STL,RP,999,55,-4.278138979,-1.782823347,-0.25524485,-2.760815797,-5.840672205,-14.91769518,7.505149695,-6.412545484,3237
Blake Cederlind,PIT,RP,999,36,-5.072020439,-1.782823347,-0.702003203,-1.430707007,-5.949382692,-14.93693669,7.505149695,-6.431786993,20344
J.B. Wendelken,ARI,RP,599.3300171,60,-4.278138979,-1.509322038,-1.924399223,-2.47412416,-4.75356734,-14.93955174,7.505149695,-6.434402045,14506
Oliver Drake,,RP,999,42,-5.072020439,-1.782823347,-1.007602208,-1.355514488,-5.731961719,-14.9499222,7.505149695,-6.444772506,8823
Deolis Guerra,OAK,RP,999,64,-4.278138979,-0.96231942,-3.259722721,-1.70709596,-4.75356734,-14.96084442,7.505149695,-6.455694725,8410
Luis Cessa,CIN,RP,590.8099976,66,-4.278138979,-0.688818112,-2.795793642,-2.667769087,-4.536146367,-14.96666619,7.505149695,-6.461516492,13345
Jose Ruiz,CHW,RP,999,57,-4.278138979,-1.782823347,-2.054497427,-2.108464251,-4.75356734,-14.97749134,7.505149695,-6.47234165,14552
Jalen Beeks,TBR,RP,999,38,-5.072020439,-1.782823347,-0.803869538,-1.316030352,-6.003737935,-14.97848161,7.505149695,-6.473331916,17192
Kyle McGowin,,RP,999,40,-5.072020439,-1.782823347,-1.471531287,-0.932516252,-5.731961719,-14.99085304,7.505149695,-6.485703349,15071
Josh Fleming,TBR,SP/RP,555.2399902,43,-5.072020439,-1.782823347,-1.341433082,-1.835851052,-6.275514151,-16.30764207,8.787425154,-6.520216917,20418
Brad Boxberger,,RP,522.9000244,65,-4.278138979,-1.782823347,-2.461962767,-2.456269969,-4.046949177,-15.02614424,7.505149695,-6.520994545,10133
Grayson Rodriguez,BAL,SP,498.2399902,74,-3.484257519,-1.782823347,-4.33484981,-2.746737359,-3.992593934,-16.34126197,8.787425154,-6.553836815,sa3008130
Brett Martin,TEX,RP,999,61,-4.278138979,-1.235820729,-1.692434683,-2.685623278,-5.188409286,-15.08042696,7.505149695,-6.575277262,17369
Trevor Gott,MIL,RP,999,54,-4.278138979,-1.782823347,-2.184595632,-2.011641788,-4.862277826,-15.11947757,7.505149695,-6.614327877,15046
Kodi Whitley,STL,RP,999,46,-5.072020439,-1.782823347,-1.211334878,-1.66383607,-5.405830259,-15.13584499,7.505149695,-6.630695298,19731
Nicholas Mikolajchak,CLE,RP,999,42,-5.072020439,-1.782823347,-1.573397622,-1.086677043,-5.623251232,-15.13816968,7.505149695,-6.633019988,sa3010303
Scott Effross,CHC,RP,599.2399902,62,-4.278138979,-1.782823347,-2.026265558,-2.09061006,-4.970988313,-15.14882626,7.505149695,-6.643676562,18384
Dillon Tate,BAL,RP,597.9500122,58,-4.278138979,-1.509322038,-1.822532888,-2.319963369,-5.242764529,-15.1727218,7.505149695,-6.667572109,17796
Josiah Gray,WSN,SP,278.6199951,139,-0.30873168,-1.782823347,-9.059994233,-5.203007328,-0.133371662,-16.48792825,8.787425154,-6.700503095,24580
Logan Allen,CLE,SP/RP,592.3300171,57,-4.278138979,-1.782823347,-2.620292841,-2.646139142,-5.188409286,-16.5158036,8.787425154,-6.728378441,18555
Jackson Kowar,KCR,SP/RP,598.6199951,40,-5.072020439,-1.782823347,-2.037326701,-1.739028589,-5.895027449,-16.52622652,8.787425154,-6.738801369,21549
Gabe Speier,KCR,RP,999,54,-4.278138979,-1.782823347,-1.618800218,-2.280479233,-5.297119773,-15.25736155,7.505149695,-6.752211855,17170
Jesse Hahn,,RP,999,46,-5.072020439,-1.782823347,-1.211334878,-1.932673516,-5.297119773,-15.29597195,7.505149695,-6.790822257,13287
Michael Wacha,BOS,SP,489.7099915,106,-1.896494599,-1.782823347,-6.530506584,-3.600285339,-2.796778582,-16.60688845,8.787425154,-6.819463297,14078
Francisco Perez,WSN,RP,999,42,-5.072020439,-1.782823347,-1.007602208,-2.162026825,-5.351475016,-15.37594783,7.505149695,-6.87079814,21018
Justin Bruihl,LAD,RP,999,44,-5.072020439,-1.782823347,-1.109468543,-1.778512725,-5.677606475,-15.42043153,7.505149695,-6.915281834,23779
Oliver Perez,CLE,RP,999,40,-5.072020439,-1.782823347,-1.471531287,-1.201353698,-5.895027449,-15.42275622,7.505149695,-6.917606524,1514
Ethan Small,MIL,SP,600.8099976,46,-4.278138979,-1.782823347,-2.342925706,-2.739185852,-5.568895989,-16.71196987,8.787425154,-6.924544718,sa3011621
Jakob Junis,,SP,999,80,-2.690376059,-1.782823347,-5.206244229,-2.940382286,-4.101304421,-16.72113034,8.787425154,-6.933705188,13619
Jandel Gustave,MIL,RP,999,48,-5.072020439,-1.782823347,-1.313201213,-1.817996861,-5.460185502,-15.44622736,7.505149695,-6.941077667,14665
Dellin Betances,,RP,999,41,-5.072020439,-1.782823347,-1.239566747,-1.681690261,-5.677606475,-15.45370727,7.505149695,-6.948557575,6216
Tommy Nance,CHC,RP,999,46,-5.072020439,-1.782823347,-1.211334878,-1.932673516,-5.460185502,-15.45903768,7.505149695,-6.953887987,19178
Eli Morgan,CLE,SP,591.9000244,62,-4.278138979,-1.782823347,-4.289447214,-1.552935169,-4.862277826,-16.76562253,8.787425154,-6.97819738,20203
Aaron Civale,CLE,SP,262.2900085,160,-0.30873168,-1.782823347,-9.28089763,-4.80541479,-0.622568851,-16.8004363,8.787425154,-7.013011143,19479
Joe Jimenez,DET,RP,999,54,-4.278138979,-1.782823347,-2.750391046,-2.011641788,-4.699212097,-15.52220726,7.505149695,-7.017057561,15761
Tobias Myers,TBR,RP,999,43,-5.072020439,-1.782823347,-1.907228496,-1.029338715,-5.731961719,-15.52337272,7.505149695,-7.018223022,sa918088
Kyle Muller,ATL,SP/RP,564.289978,44,-4.278138979,-1.782823347,-2.241059371,-3.122699952,-5.460185502,-16.88490715,8.787425154,-7.097481997,20167
Scott Kazmir,,SP/RP,999,53,-4.278138979,-1.782823347,-2.982355585,-2.337817561,-5.514540746,-16.89567622,8.787425154,-7.108251063,4897
Ryan Sherriff,PHI,RP,999,58,-4.278138979,-1.782823347,-1.822532888,-2.85763826,-4.91663307,-15.65776654,7.505149695,-7.152616849,12249
Juan Minaya,,RP,999,41,-5.072020439,-1.782823347,-1.239566747,-1.950527707,-5.623251232,-15.66818947,7.505149695,-7.163039777,10341
Taylor Widener,ARI,SP/RP,598.0499878,65,-4.278138979,-1.782823347,-3.593553595,-2.99394486,-4.318725394,-16.96718617,8.787425154,-7.179761021,19266
Mitch Keller,PIT,SP,590,81,-2.690376059,-1.782823347,-4.408484276,-4.227231187,-3.883883447,-16.99279832,8.787425154,-7.205373161,17594
Jacob Webb,ATL,RP,999,60,-4.278138979,-1.782823347,-2.490194637,-2.47412416,-4.699212097,-15.72449322,7.505149695,-7.219343525,19274
Tyler Chatwood,,RP,999,57,-4.278138979,-1.782823347,-1.488702013,-3.452651479,-4.75356734,-15.75588316,7.505149695,-7.250733463,4338
Fernando Abad,,RP,999,37,-5.072020439,-1.782823347,-1.601629491,-1.104531234,-6.221158908,-15.78216342,7.505149695,-7.277013725,4994
Jake Reed,NYM,RP,999,47,-5.072020439,-1.782823347,-1.545165752,-1.875335188,-5.514540746,-15.78988547,7.505149695,-7.284735777,16209
Wandy Peralta,NYY,RP,999,58,-4.278138979,-1.782823347,-1.822532888,-2.85763826,-5.079698799,-15.82083227,7.505149695,-7.315682579,14295
Steven Cavalli,WSN,SP,550.2399902,55,-4.278138979,-1.782823347,-2.518426506,-3.567328134,-4.970988313,-17.11770528,8.787425154,-7.330280124,sa3014421
Marco Gonzales,SEA,SP,284.4299927,184,0.48514978,-1.782823347,-10.50329365,-5.311157052,-0.024661175,-17.13678544,8.787425154,-7.34936029,15467
Alex Colome,,RP,461.480011,68,-4.278138979,-1.782823347,-2.331864563,-2.821929878,-4.644856853,-15.85961362,7.505149695,-7.354463926,6661
Chaz Roe,,RP,999,42,-5.072020439,-1.782823347,-1.573397622,-1.893189379,-5.623251232,-15.94468202,7.505149695,-7.439532325,9866
Michael Pineda,,SP,394.1000061,167,0.48514978,-1.782823347,-10.48612292,-4.94172139,-0.513858364,-17.23937624,8.787425154,-7.45195109,5372
Michael Rucker,CHC,RP,999,48,-5.072020439,-1.782823347,-1.878996627,-1.817996861,-5.405830259,-15.95766753,7.505149695,-7.452517838,19454
Jordan Yamamoto,NYM,SP/RP,999,47,-5.072020439,-1.782823347,-2.67675658,-2.144172634,-5.568895989,-17.24466899,8.787425154,-7.457243834,17585
Jace Fry,,RP,999,41,-5.072020439,-1.782823347,-0.673771333,-2.757040043,-5.677606475,-15.96326164,7.505149695,-7.458111943,16159
Hirokazu Sawamura,BOS,RP,589.5700073,56,-4.278138979,-1.782823347,-2.286461967,-2.972314915,-4.644856853,-15.96459606,7.505149695,-7.459446367,27515
Jimmy Lambert,CHW,SP/RP,999,49,-4.278138979,-1.782823347,-3.344418329,-2.56717087,-5.297119773,-17.2696713,8.787425154,-7.482246143,19541
Cionel Perez,CIN,RP,999,44,-5.072020439,-1.782823347,-1.109468543,-2.585025061,-5.460185502,-16.00952289,7.505149695,-7.504373198,19614
Cody Stashak,MIN,RP,999,45,-5.072020439,-1.782823347,-2.574890245,-1.183499506,-5.460185502,-16.07341904,7.505149695,-7.568269345,18088
Sean Hjelle,SFG,SP,597,37,-5.072020439,-1.782823347,-1.601629491,-2.448718462,-6.492935125,-17.39812686,8.787425154,-7.610701709,sa3007989
Austin Warren,LAA,RP,999,61,-4.278138979,-1.509322038,-2.258230097,-3.223298169,-4.862277826,-16.13126711,7.505149695,-7.626117416,24937
Chris Archer,,SP,599.8599854,105,-1.896494599,-1.782823347,-6.762471124,-4.464136003,-2.525002366,-17.43092744,8.787425154,-7.643502284,6345
Sean Doolittle,,RP,999,52,-5.072020439,-1.782823347,-2.648524711,-1.588643551,-5.079698799,-16.17171085,7.505149695,-7.666561153,1581
Casey Mize,DET,SP,265.480011,171,0.48514978,-1.782823347,-9.558264766,-6.325392753,-0.296437391,-17.47776848,8.787425154,-7.690343323,20492
Wander Suero,,RP,999,40,-5.072020439,-1.782823347,-2.037326701,-1.470191143,-5.840672205,-16.20303383,7.505149695,-7.69788414,15855
Paul Campbell,MIA,RP,999,44,-5.072020439,-1.782823347,-1.675263957,-1.778512725,-5.895027449,-16.20364792,7.505149695,-7.698498221,22248
Jovani Moran,MIN,RP,999,46,-5.072020439,-1.782823347,-1.211334878,-3.008023298,-5.134054043,-16.208256,7.505149695,-7.703106309,20422
Cole Hamels,,SP,999,64,-3.484257519,-1.782823347,-3.825518135,-3.320120633,-5.079698799,-17.49241843,8.787425154,-7.704993279,4972
Duane Underwood Jr.,PIT,RP,999,60,-4.278138979,-1.782823347,-2.490194637,-2.742961606,-4.91663307,-16.21075164,7.505149695,-7.705601944,14677
Merrill Kelly,ARI,SP,444.1900024,171,0.48514978,-1.782823347,-9.558264766,-6.594230199,-0.079016418,-17.52918495,8.787425154,-7.741759796,11156
Kolby Allard,TEX,SP/RP,591.2399902,44,-5.072020439,-1.782823347,-2.806854785,-2.04735017,-5.895027449,-17.60407619,8.787425154,-7.816651035,18694
Joe Smith,,RP,999,48,-5.072020439,-1.782823347,-1.878996627,-1.817996861,-5.786316962,-16.33815424,7.505149695,-7.833004541,3281
Nick Mears,PIT,RP,999,56,-4.278138979,-1.782823347,-2.286461967,-3.241152361,-4.807922583,-16.39649924,7.505149695,-7.891349542,25376
Rafael Dolis,,RP,999,60,-4.278138979,-1.782823347,-2.490194637,-3.549473942,-4.42743588,-16.52806679,7.505149695,-8.022917091,4185
Martin Perez,,SP,598.4799805,120,-1.10261314,-1.782823347,-6.111980102,-6.292435548,-2.525002366,-17.8148545,8.787425154,-8.027429347,6902
Miguel Del Pozo,DET,RP,999,46,-5.072020439,-1.782823347,-1.777130292,-2.470348407,-5.460185502,-16.56250799,7.505149695,-8.057358292,18792
Greg Holland,,RP,590.3300171,50,-5.072020439,-1.782823347,-1.980862962,-2.509832543,-5.242764529,-16.58830382,7.505149695,-8.083154125,7196
Kwang-hyun Kim,,SP,518.6699829,129,-0.30873168,-1.782823347,-6.853276316,-6.582902938,-2.361936636,-17.88967092,8.787425154,-8.102245763,27458
Ryan Hendrix,CIN,RP,999,38,-5.072020439,-1.782823347,-1.935460366,-2.122542689,-5.731961719,-16.64480856,7.505149695,-8.139658864,19535
Tyler Alexander,DET,SP,553.7600098,106,-1.896494599,-1.782823347,-7.096301998,-3.869122785,-3.285975771,-17.9307185,8.787425154,-8.143293346,17735
Zach Thompson,MIA,SP,484.4299927,115,-1.896494599,-1.782823347,-6.140211971,-5.503777403,-2.633712852,-17.95702017,8.787425154,-8.169595018,16094
Dauri Moreta,CIN,RP,597,44,-5.072020439,-1.782823347,-2.806854785,-1.509675279,-5.514540746,-16.6859146,7.505149695,-8.180764901,21101
Shane Greene,,RP,999,42,-5.072020439,-1.782823347,-2.139193036,-1.893189379,-5.840672205,-16.72789841,7.505149695,-8.222748712,10756
Dillon Maples,,RP,999,38,-5.072020439,-1.782823347,-1.369664952,-2.929055026,-5.623251232,-16.776815,7.505149695,-8.271665301,14672
Jose Suarez,LAA,SP,447.3800049,131,-0.30873168,-1.782823347,-7.520938065,-6.737063729,-1.709673716,-18.05923054,8.787425154,-8.271805383,19911
Jordan Holloway,MIA,RP,999,38,-5.072020439,-1.782823347,-1.369664952,-2.66021758,-5.895027449,-16.77975377,7.505149695,-8.274604071,20631
Robert Stephenson,COL,RP,598.0499878,63,-4.278138979,-1.235820729,-4.057482674,-3.108621515,-4.101304421,-16.78136832,7.505149695,-8.276218623,13594
Justin Wilson,CIN,RP,999,58,-4.278138979,-1.509322038,-2.954123716,-3.395313152,-4.644856853,-16.78175474,7.505149695,-8.276605043,4301
Jon Heasley,KCR,SP,999,37,-5.072020439,-1.782823347,-2.733220319,-2.179881016,-6.329869395,-18.09781452,8.787425154,-8.310389361,22224
Justin Anderson,TEX,RP,999,36,-5.072020439,-1.782823347,-1.833594031,-2.237219344,-5.895027449,-16.82068461,7.505149695,-8.315534914,16201
Noe Ramirez,ARI,RP,999,64,-4.278138979,-1.509322038,-3.825518135,-2.513608296,-4.699212097,-16.82579954,7.505149695,-8.32064985,12800
Thyago Vieira,,RP,598.5499878,47,-5.072020439,-1.782823347,-2.110961166,-2.413010079,-5.460185502,-16.83900053,7.505149695,-8.333850839,14510
Blake Parker,,RP,999,48,-5.072020439,-1.782823347,-2.444792041,-2.086834306,-5.460185502,-16.84665564,7.505149695,-8.341505941,5224
Paolo Espino,WSN,SP/RP,586.4799805,61,-4.278138979,-1.782823347,-4.521411753,-2.416785833,-5.134054043,-18.13321395,8.787425154,-8.3457888,8246
Hunter Strickland,,RP,599.7600098,58,-4.278138979,-1.782823347,-3.51991913,-2.319963369,-4.970988313,-16.87183314,7.505149695,-8.366683443,7836
Alex Claudio,,RP,999,40,-5.072020439,-1.782823347,-1.471531287,-2.27670348,-6.275514151,-16.8785927,7.505149695,-8.373443009,12890
Richard Rodriguez,,RP,478.2399902,65,-4.278138979,-1.782823347,-4.159349009,-1.918595078,-4.75356734,-16.89247375,7.505149695,-8.387324058,13549
Brad Brach,,RP,999,45,-5.072020439,-1.782823347,-2.009094831,-2.527686734,-5.514540746,-16.9061661,7.505149695,-8.401016402,6627
Drew Smyly,,SP,515.9500122,121,-1.10261314,-1.782823347,-8.143197218,-5.428584884,-1.76402896,-18.22124755,8.787425154,-8.433822394,11760
Kyle Tyler,LAA,RP,999,42,-5.072020439,-1.782823347,-2.139193036,-1.893189379,-6.058093178,-16.94531938,7.505149695,-8.440169685,22092
Kyle Funkhouser,DET,RP,999,64,-4.278138979,-1.782823347,-2.128131893,-4.12663297,-4.644856853,-16.96058404,7.505149695,-8.455434347,19456
J.P. Feyereisen,TBR,RP,586,58,-4.278138979,-1.509322038,-2.954123716,-3.395313152,-4.862277826,-16.99917571,7.505149695,-8.494026016,16610
J.B. Bukauskas,ARI,RP,599,52,-5.072020439,-1.782823347,-2.082729297,-2.932830779,-5.134054043,-17.0044579,7.505149695,-8.49930821,20491
Spencer Howard,TEX,SP,576.5700073,111,-1.10261314,-1.782823347,-7.633865543,-5.464293267,-2.307581392,-18.29117669,8.787425154,-8.503751534,23252
Kyle Hendricks,CHC,SP,279.480011,184,1.27903124,-1.782823347,-11.06908906,-6.386506834,-0.350792635,-18.31018064,8.787425154,-8.522755486,12049
Adrian Houser,MIL,SP,406.519989,149,0.48514978,-1.782823347,-6.174553425,-9.468698074,-1.383542257,-18.32446732,8.787425154,-8.537042168,12718
Adam Cimber,TOR,RP,999,68,-4.278138979,-1.509322038,-2.897659977,-3.090767323,-5.297119773,-17.07300809,7.505149695,-8.567858396,15288
Tommy Hunter,,RP,999,41,-5.072020439,-1.782823347,-2.371157575,-1.681690261,-6.166803665,-17.07449529,7.505149695,-8.569345592,1157
Wil Crowe,PIT,SP,588.9500122,97,-2.690376059,-1.782823347,-5.78921037,-4.922842622,-3.177265285,-18.36251768,8.787425154,-8.575092528,19800
Andrew Miller,,RP,999,54,-4.278138979,-1.782823347,-2.750391046,-3.08699157,-5.188409286,-17.08675423,7.505149695,-8.581604533,6785
Ryan Brasier,BOS,RP,999,64,-4.278138979,-1.235820729,-3.825518135,-3.051283187,-4.699212097,-17.08997313,7.505149695,-8.584823432,5615
Michael Feliz,BOS,RP,999,38,-5.072020439,-1.235820729,-3.067051193,-1.853705243,-5.895027449,-17.12362505,7.505149695,-8.618475359,11903
Daniel Lynch,KCR,SP,467.9500122,70,-3.484257519,-1.782823347,-4.13111714,-4.051440451,-4.970988313,-18.42062677,8.787425154,-8.633201615,21537
Alexander Wells,BAL,SP/RP,999,45,-5.072020439,-1.782823347,-3.706481073,-1.721174397,-6.166803665,-18.44930292,8.787425154,-8.661877767,19845
Matt Peacock,ARI,RP,999,36,-5.072020439,-1.782823347,-1.267798617,-2.506056789,-6.547290368,-17.17598956,7.505149695,-8.670839865,20339
Joel Payamps,KCR,RP,999,52,-5.072020439,-1.782823347,-2.648524711,-2.126318442,-5.568895989,-17.19858293,7.505149695,-8.693433233,14332
Albert Abreu,NYY,RP,999,42,-5.072020439,-1.782823347,-2.139193036,-2.699701716,-5.514540746,-17.20827928,7.505149695,-8.703129589,17485
Jake Woodford,STL,SP/RP,597.8599854,58,-4.278138979,-1.782823347,-3.51991913,-3.395313152,-5.514540746,-18.49073535,8.787425154,-8.703310199,18674
Ervin Santana,,RP,999,40,-5.072020439,-1.782823347,-2.603122115,-1.739028589,-6.058093178,-17.25508767,7.505149695,-8.749937973,3200
Chad Kuhl,,SP,999,93,-2.690376059,-1.782823347,-5.5854777,-5.421033377,-3.068554798,-18.54826528,8.787425154,-8.760840127,14975
Austin Davis,BOS,RP,999,48,-5.072020439,-1.782823347,-2.444792041,-2.624509197,-5.351475016,-17.27562004,7.505149695,-8.770470345,17117
Ryan Burr,CHW,RP,999,46,-5.072020439,-1.782823347,-2.342925706,-2.470348407,-5.623251232,-17.29136913,7.505149695,-8.786219436,17536
Cole Irvin,OAK,SP,517.3800049,165,0.48514978,-1.782823347,-10.38425659,-5.32523549,-1.60096323,-18.60812888,8.787425154,-8.820703721,19244
Mason Thompson,WSN,RP,999,48,-5.072020439,-1.782823347,-1.878996627,-3.162184089,-5.460185502,-17.35621,7.505149695,-8.851060309,21850
Kris Bubic,KCR,SP,450.0499878,124,-1.10261314,-1.782823347,-6.315712772,-7.407269466,-2.035805176,-18.6442239,8.787425154,-8.856798746,21455
Vince Velasquez,,SP,999,108,-1.896494599,-1.782823347,-7.763963747,-5.098633358,-2.144515663,-18.68643071,8.787425154,-8.89900556,11189
Ryne Harper,,RP,999,38,-5.072020439,-1.782823347,-2.50125578,-1.853705243,-6.221158908,-17.43096372,7.505149695,-8.925814022,12680
Blake Taylor,HOU,RP,999,58,-4.278138979,-1.782823347,-2.954123716,-3.395313152,-5.025343556,-17.43574275,7.505149695,-8.930593055,16418
Andre Jackson,LAD,RP,597.4299927,36,-5.072020439,-1.782823347,-2.399389444,-1.968381898,-6.221158908,-17.44377404,7.505149695,-8.938624342,21298
Robert Gsellman,,RP,999,39,-5.072020439,-1.782823347,-2.26929124,-2.065204362,-6.275514151,-17.46485354,7.505149695,-8.959703844,13696
Adam Kolarek,OAK,RP,999,38,-5.072020439,-1.782823347,-1.369664952,-2.66021758,-6.656000854,-17.54072717,7.505149695,-9.035577477,10843
Nick Neidert,MIA,SP/RP,999,40,-5.072020439,-1.782823347,-3.168917529,-2.545540925,-6.275514151,-18.84481639,8.787425154,-9.057391237,18699
Harrison Holmes,OAK,RP,999,44,-5.072020439,-1.782823347,-2.241059371,-2.585025061,-5.895027449,-17.57595567,7.505149695,-9.070805972,sa828669
Alex Lange,DET,RP,999,58,-4.278138979,-1.782823347,-2.954123716,-3.664150597,-4.91663307,-17.59586971,7.505149695,-9.090720014,19883
Kyle Bradish,BAL,RP,999,40,-5.072020439,-1.782823347,-2.603122115,-2.27670348,-5.895027449,-17.62969683,7.505149695,-9.124547134,sa3008605
Brandon Kintzler,,RP,999,42,-5.072020439,-1.782823347,-2.139193036,-2.430864271,-6.221158908,-17.64606,7.505149695,-9.140910306,9939
Caleb Baragar,SFG,RP,999,36,-5.072020439,-1.782823347,-2.399389444,-2.237219344,-6.166803665,-17.65825624,7.505149695,-9.153106544,19231
Jason Foley,DET,RP,999,38,-5.072020439,-1.782823347,-1.935460366,-2.66021758,-6.221158908,-17.67168064,7.505149695,-9.166530945,19531
Zach Plesac,CLE,SP,314,171,0.48514978,-1.782823347,-11.25565101,-5.787717862,-0.676924094,-19.01796653,8.787425154,-9.230541377,19979
Brandon Workman,,RP,999,40,-5.072020439,-1.782823347,-2.037326701,-3.083215816,-5.786316962,-17.76170326,7.505149695,-9.25655357,11428
Hunter Stratton,PIT,RP,999,48,-5.072020439,-1.782823347,-2.444792041,-3.162184089,-5.351475016,-17.81329493,7.505149695,-9.308145236,sa3004216
Dennis Santana,TEX,RP,999,48,-5.072020439,-1.782823347,-2.444792041,-3.162184089,-5.351475016,-17.81329493,7.505149695,-9.308145236,17878
Hans Crouse,PHI,SP,999,36,-5.072020439,-1.782823347,-3.530980272,-2.506056789,-6.221158908,-19.11303976,8.787425154,-9.325614601,22192
Taylor Clarke,KCR,RP,999,44,-5.072020439,-1.782823347,-2.806854785,-2.316187616,-5.895027449,-17.87291363,7.505149695,-9.36776394,17611
Junior Guerra,,RP,999,37,-5.072020439,-1.782823347,-2.167424905,-2.717555907,-6.166803665,-17.90662826,7.505149695,-9.401478569,5702
Demarcus Evans,TEX,RP,999,40,-5.072020439,-1.235820729,-3.168917529,-2.814378371,-5.623251232,-17.9143883,7.505149695,-9.409238605,21087
Josh Tomlin,,RP,999,43,-5.072020439,-1.782823347,-3.604614738,-1.298176161,-6.166803665,-17.92443835,7.505149695,-9.419288655,9388
Tyler Clippard,,RP,595.5,60,-4.278138979,-1.782823347,-4.753376293,-2.205286715,-4.91663307,-17.9362584,7.505149695,-9.431108708,5640
Matt Shoemaker,,SP,999,70,-3.484257519,-1.782823347,-5.262707968,-3.782603005,-4.91663307,-19.22902491,8.787425154,-9.441599755,4776
Erick Fedde,WSN,SP,576.5200195,121,-1.10261314,-1.782823347,-7.01160639,-7.041609557,-2.307581392,-19.24623383,8.787425154,-9.458808672,17425
Sergio Romo,,RP,597.3300171,64,-4.278138979,-1.782823347,-4.391313549,-2.782445742,-4.75356734,-17.98828896,7.505149695,-9.483139262,9817
Yency Almonte,,RP,999,38,-5.072020439,-1.782823347,-2.50125578,-2.66021758,-6.003737935,-18.02005508,7.505149695,-9.514905386,15068
Archie Bradley,,RP,596.4799805,61,-4.278138979,-1.782823347,-3.389820925,-3.492135615,-5.079698799,-18.02261767,7.505149695,-9.517467971,12918
Chasen Shreve,,RP,999,42,-5.072020439,-1.782823347,-2.70498845,-2.699701716,-5.786316962,-18.04585091,7.505149695,-9.540701219,10855
Madison Bumgarner,ARI,SP,458.9500122,184,0.48514978,-1.782823347,-12.76647531,-5.848831943,0.573246501,-19.33973432,8.787425154,-9.552309161,5524
Eric Hanhold,PIT,RP,999,44,-5.072020439,-1.782823347,-2.241059371,-3.122699952,-5.895027449,-18.11363056,7.505149695,-9.608480863,18332
Matt Harvey,,SP,999,108,-1.896494599,-1.782823347,-7.763963747,-4.560958466,-3.394686258,-19.39892642,8.787425154,-9.611501264,11713
Jharel Cotton,MIN,RP,999,58,-4.278138979,-1.782823347,-4.085714544,-3.126475706,-4.862277826,-18.1354304,7.505149695,-9.630280707,13654
Andres Machado,WSN,RP,999,60,-4.278138979,-1.782823347,-3.621785465,-3.549473942,-4.970988313,-18.20321005,7.505149695,-9.698060351,14681
Dakota Hudson,STL,SP,435.1400146,111,-1.896494599,-1.782823347,-4.804888473,-7.614992831,-3.449041501,-19.54824075,8.787425154,-9.760815597,19206
Jimmy Herget,LAA,RP,999,54,-4.278138979,-1.782823347,-3.881981874,-3.08699157,-5.242764529,-18.2727003,7.505149695,-9.767550604,17556
Keegan Thompson,CHC,SP,999,81,-3.484257519,-1.782823347,-5.540075104,-5.033743523,-3.720817718,-19.56171721,8.787425154,-9.774292056,19795
Tanner Roark,,SP/RP,999,53,-4.278138979,-1.782823347,-4.679741827,-3.144329897,-5.677606475,-19.56264053,8.787425154,-9.775215371,8753
Alec Mills,CHC,SP,576.8599854,81,-3.484257519,-1.782823347,-5.540075104,-4.227231187,-4.644856853,-19.67924401,8.787425154,-9.891818855,13834
Dan Winkler,,RP,999,48,-5.072020439,-1.782823347,-3.010587455,-3.162184089,-5.405830259,-18.43344559,7.505149695,-9.928295894,12237
Ryan Yarbrough,TBR,SP,492,140,-0.30873168,-1.782823347,-9.959620522,-4.876831555,-2.796778582,-19.72478569,8.787425154,-9.937360531,16502
Justin Dunn,SEA,SP,570.710022,86,-3.484257519,-1.782823347,-6.643434062,-4.478214441,-3.340331015,-19.72906038,8.787425154,-9.941635229,19268
Cole Winn,TEX,SP,593.9500122,46,-5.072020439,-1.782823347,-4.040311948,-3.276860743,-5.677606475,-19.84962295,8.787425154,-10.0621978,sa3008662
AJ Ramos,,RP,999,47,-5.072020439,-1.782823347,-3.242551994,-2.95068497,-5.568895989,-18.61697674,7.505149695,-10.11182704,8350
Joey Krehbiel,BAL,RP,999,48,-5.072020439,-1.782823347,-3.576382869,-2.624509197,-5.568895989,-18.62463184,7.505149695,-10.11948215,13707
Wade Miley,CHC,SP,424.7600098,167,0.48514978,-1.782823347,-7.657145854,-10.04963286,-0.948700311,-19.95315259,8.787425154,-10.16572743,8779
Tyler Beede,SFG,RP,583.289978,60,-4.278138979,-1.782823347,-3.621785465,-4.087148833,-4.91663307,-18.68652969,7.505149695,-10.18138,16981
Brad Keller,KCR,SP,545.710022,159,0.48514978,-1.782823347,-7.815475928,-9.970664583,-0.948700311,-20.03251439,8.787425154,-10.24508923,15734
Cal Quantrill,CLE,SP,233.7599945,169,0.48514978,-1.782823347,-11.15378467,-7.246581745,-0.350792635,-20.04883262,8.787425154,-10.26140746,19312
Bryan Shaw,,RP,597.4799805,72,-4.278138979,-1.782823347,-3.667188061,-4.743276133,-4.373080637,-18.84450716,7.505149695,-10.33935746,8110
Phillips Valdez,BOS,RP,999,44,-5.072020439,-1.782823347,-2.806854785,-3.391537398,-5.840672205,-18.89390817,7.505149695,-10.38875848,15605
Trevor Cahill,,SP,999,87,-2.690376059,-1.782823347,-6.411469523,-5.22738845,-4.101304421,-20.2133618,8.787425154,-10.42593665,6249
Felix Bautista,BAL,RP,999,38,-5.072020439,-1.782823347,-3.067051193,-3.197892471,-5.840672205,-18.96045966,7.505149695,-10.45530996,sa737480
Brett Anderson,,SP,599.0499878,116,-1.10261314,-1.782823347,-5.908247432,-7.328301194,-4.155659664,-20.27764478,8.787425154,-10.49021962,8223
Jaime Barria,LAA,SP,999,70,-3.484257519,-1.782823347,-6.394298796,-3.51376556,-5.134054043,-20.30919926,8.787425154,-10.52177411,18356
Corbin Martin,ARI,SP/RP,595.7299805,53,-4.278138979,-1.782823347,-4.679741827,-4.219679679,-5.351475016,-20.31185885,8.787425154,-10.52443369,19884
Jordan Balazovic,MIN,SP,600.8599854,46,-5.072020439,-1.782823347,-4.040311948,-3.545698189,-5.949382692,-20.39023661,8.787425154,-10.60281146,sa918017
Johnny Cueto,,SP,567.3300171,143,-0.30873168,-1.782823347,-10.39531773,-6.586678692,-1.492252743,-20.56580419,8.787425154,-10.77837904,6893
Garrett Richards,,SP,585.0999756,130,-1.10261314,-1.782823347,-7.752902605,-8.138589284,-1.818384203,-20.59531258,8.787425154,-10.80788742,9784
J.A. Happ,,SP,589.0999756,140,-0.30873168,-1.782823347,-10.52541594,-6.489856228,-1.546607987,-20.65343518,8.787425154,-10.86601002,7410
Domingo Tapia,KCR,RP,999,67,-4.278138979,-1.509322038,-3.69541993,-5.02996777,-4.91663307,-19.42948179,7.505149695,-10.92433209,12178
Wade LeBlanc,,SP/RP,999,60,-4.278138979,-1.782823347,-5.319171707,-3.818311388,-5.623251232,-20.82169665,8.787425154,-11.0342715,5221
Lewis Thorpe,MIN,SP/RP,999,61,-4.278138979,-1.782823347,-5.087207167,-4.298647952,-5.405830259,-20.8526477,8.787425154,-11.06522255,15906
Tyler Kinley,COL,RP,999,58,-4.278138979,-1.782823347,-4.651509958,-4.201825488,-4.699212097,-19.61350987,7.505149695,-11.10836017,18297
Tyler Anderson,,SP,516.9500122,188,1.27903124,-1.782823347,-13.53600339,-7.232503307,0.301470285,-20.97082852,8.787425154,-11.18340337,12880
Dean Kremer,BAL,SP,999,77,-3.484257519,-1.782823347,-7.033728675,-4.456584496,-4.373080637,-21.13047467,8.787425154,-11.34304952,19350
Michael Lorenzen,LAA,SP,503.6700134,98,-2.690376059,-1.782823347,-6.688836658,-6.478528968,-3.557751988,-21.19831702,8.787425154,-11.41089187,14843
Jhoulys Chacin,COL,RP,999,62,-4.278138979,-1.782823347,-4.855242628,-4.241309624,-4.862277826,-20.0197924,7.505149695,-11.51464271,2608
Keegan Akin,BAL,SP,598.6699829,111,-1.896494599,-1.782823347,-8.765456371,-6.539643049,-2.470647122,-21.45506449,8.787425154,-11.66763933,19362
Pedro Baez,HOU,RP,999,54,-5.072020439,-1.782823347,-4.447777288,-3.355829015,-5.568895989,-20.22734608,7.505149695,-11.72219638,5420
Steve Cishek,,RP,999,71,-4.278138979,-1.782823347,-4.464948014,-5.338289351,-4.481791123,-20.34599082,7.505149695,-11.84084112,6483
Bryan Garcia,DET,RP,999,42,-5.072020439,-1.782823347,-3.836579278,-3.506214053,-6.166803665,-20.36444078,7.505149695,-11.85929109,19457
Nick Martinez,,SP,473.3299866,91,-6.659783359,-1.782823347,-6.615202193,-3.385010467,-3.231620528,-21.67443989,8.787425154,-11.88701474,12730
Mike Baumann,BAL,RP,999,48,-5.072020439,-1.782823347,-4.142178283,-3.69985898,-5.731961719,-20.42884277,7.505149695,-11.92369307,20206
Ralph Garza,MIN,RP,999,54,-5.072020439,-1.782823347,-4.447777288,-3.893503907,-5.297119773,-20.49324475,7.505149695,-11.98809506,17682
Rich Hill,BOS,SP,399.3299866,104,-1.896494599,-1.782823347,-9.257617319,-5.865661558,-3.068554798,-21.87115162,8.787425154,-12.08372647,4806
Tyler Gilbert,ARI,SP,597.4799805,102,-2.690376059,-1.782823347,-7.458364742,-6.518013104,-3.449041501,-21.89861875,8.787425154,-12.1111936,17964
Josh Winder,MIN,SP,999,92,-2.690376059,-1.782823347,-8.646419309,-4.940696813,-3.883883447,-21.94419898,8.787425154,-12.15677382,sa3007993
Bruce Zimmermann,BAL,SP,999,126,-1.896494599,-1.782823347,-9.246556177,-6.75491792,-2.307581392,-21.98837344,8.787425154,-12.20094828,20370
Ryan Rolison,COL,SP,999,55,-4.278138979,-1.782823347,-5.91319899,-4.642677916,-5.460185502,-22.07702473,8.787425154,-12.28959958,sa3008244
Zac Lowther,BAL,SP,999,89,-3.484257519,-1.782823347,-7.079131272,-5.919224132,-3.829528204,-22.09496447,8.787425154,-12.30753932,20243
Taylor Hearn,TEX,SP,571.6699829,127,-1.10261314,-1.782823347,-9.580387051,-8.041766821,-1.60096323,-22.10855359,8.787425154,-12.32112843,18325
Dylan Bundy,MIN,SP,447.8999939,166,0.48514978,-1.782823347,-13.54706453,-7.687434172,0.247115041,-22.28505723,8.787425154,-12.49763208,12917
Justin Lawrence,COL,RP,999,42,-5.072020439,-1.782823347,-3.836579278,-4.581563835,-5.840672205,-21.1136591,7.505149695,-12.60850941,17639
Jake Arrieta,,SP,999,83,-2.690376059,-1.782823347,-7.339327681,-5.994416651,-4.59050161,-22.39744535,8.787425154,-12.61002019,4153
Joseph Wentz,DET,SP,999,55,-4.278138979,-1.782823347,-5.91319899,-4.911515361,-5.568895989,-22.45457267,8.787425154,-12.66714751,sa917946
Yusmeiro Petit,,RP,597.4799805,75,-4.278138979,-1.782823347,-6.93186234,-3.495911369,-5.134054043,-21.62279008,7.505149695,-13.11764038,4020
Carlos Hernandez,KCR,SP,427.6700134,134,-1.10261314,-1.782823347,-9.654021517,-8.715748312,-1.655318473,-22.91052479,8.787425154,-13.12309963,22713
Jose Urena,,SP,999,113,-1.896494599,-1.782823347,-8.301527292,-7.500316176,-3.503396744,-22.98455816,8.787425154,-13.197133,11589
Randy Dobnak,MIN,SP,595.3800049,99,-2.690376059,-1.782823347,-7.022667533,-6.958865532,-4.536146367,-22.99087884,8.787425154,-13.20345368,23798
Lucas Gilbreath,COL,RP,596.3599854,54,-5.072020439,-1.782823347,-5.013572702,-4.968853689,-5.134054043,-21.97132422,7.505149695,-13.46617452,21290
Matt Manning,DET,SP,516.8599854,140,-1.10261314,-1.782823347,-10.52541594,-7.834043456,-2.144515663,-23.38941154,8.787425154,-13.60198639,20369
Josh Rogers,WSN,SP,999,64,-4.278138979,-1.782823347,-7.220290619,-4.664307861,-5.568895989,-23.51445679,8.787425154,-13.72703164,18510
Ryan Feltner,COL,SP,999,46,-5.072020439,-1.782823347,-6.303493603,-4.621047971,-5.895027449,-23.67441281,8.787425154,-13.88698765,21446
Bryse Wilson,PIT,SP,594.0999756,121,-1.896494599,-1.782823347,-9.84058346,-7.041609557,-3.231620528,-23.79313149,8.787425154,-14.00570634,19990
Jordan Sheffield,COL,RP,999,48,-5.072020439,-1.782823347,-5.273769111,-5.312883653,-5.405830259,-22.84732681,7.505149695,-14.34217711,19682
Austin Gomber,COL,SP,494.480011,158,0.48514978,-1.782823347,-12.57380378,-10.5656778,0.247115041,-24.19004011,8.787425154,-14.40261495,16561
Steven Brault,,SP,999,120,-1.10261314,-1.782823347,-9.506752586,-9.518484895,-2.796778582,-24.70745255,8.787425154,-14.92002739,15291
Wily Peralta,,SP,589.4799805,143,-0.30873168,-1.782823347,-10.39531773,-10.35040293,-1.92709469,-24.76437038,8.787425154,-14.97694522,7738
Peter Lambert,COL,SP,999,69,-4.278138979,-1.782823347,-7.757854163,-5.990640897,-4.970988313,-24.7804457,8.787425154,-14.99302054,17969
Mike Foltynewicz,,SP,600.5700073,126,-1.896494599,-1.782823347,-11.50973783,-7.023755366,-2.579357609,-24.79216875,8.787425154,-15.0047436,10811
Julio Teheran,,SP,999,96,-2.690376059,-1.782823347,-9.981742807,-7.399717959,-3.449041501,-25.30370167,8.787425154,-15.51627652,6797
Matt Moore,,SP,999,104,-2.690376059,-1.782823347,-9.823412733,-8.016361123,-3.177265285,-25.49023855,8.787425154,-15.70281339,1890
Carlos Martinez,,SP,600.710022,133,-1.10261314,-1.782823347,-10.45178147,-9.848436421,-2.307581392,-25.49323577,8.787425154,-15.70581062,11682
Aaron Sanchez,,SP,999,79,-3.484257519,-1.782823347,-7.701390424,-7.567957188,-5.025343556,-25.56177203,8.787425154,-15.77434688,11490
Dallas Keuchel,CHW,SP,560.4299927,161,0.48514978,-1.782823347,-10.18052392,-11.73785005,-2.361936636,-25.57798417,8.787425154,-15.79055901,9434
Robert Suarez,SDP,RP,465.8999939,58,-6.659783359,-1.782823347,-6.3488962,-4.739500379,-4.862277826,-24.39328111,7.505149695,-15.88813142,sa869798
Anthony Gose,CLE,RP,600.4699707,58,-6.659783359,-1.782823347,-6.3488962,-4.739500379,-4.862277826,-24.39328111,7.505149695,-15.88813142,5097
A.J. Alexy,TEX,SP,592,118,-1.896494599,-1.782823347,-11.10227249,-9.633161549,-2.198870906,-26.61362289,8.787425154,-16.82619774,22343
Chase Anderson,TEX,SP,999,102,-2.690376059,-1.782823347,-11.41893264,-7.055687995,-3.829528204,-26.77734825,8.787425154,-16.98992309,6895
Griffin Jax,MIN,SP,594.9500122,98,-2.690376059,-1.782823347,-12.3467908,-7.55387875,-3.938238691,-28.31210764,8.787425154,-18.52468249,20253
Jon Lester,,SP,600.1400146,123,-1.896494599,-1.782823347,-12.20563145,-9.346469913,-3.340331015,-28.57175032,8.787425154,-18.78432517,4930
Dan Straily,,SP,590.9500122,109,-2.690376059,-1.782823347,-13.18995335,-7.998506931,-3.340331015,-29.0019907,8.787425154,-19.21456555,9460
Kyle Freeland,COL,SP,535.9500122,163,-0.30873168,-1.782823347,-14.24295815,-12.16084828,-0.622568851,-29.11793031,8.787425154,-19.33050516,16256
Vladimir Gutierrez,CIN,SP,539.2399902,134,-1.10261314,-1.782823347,-14.74618024,-9.791098094,-1.709673716,-29.13238854,8.787425154,-19.34496338,19278
Mike Fiers,,SP,999,127,-1.896494599,-1.782823347,-14.67254578,-8.310604266,-3.340331015,-30.002799,8.787425154,-20.21537385,7754
Zach Davies,,SP,575.8099976,156,-0.30873168,-1.782823347,-14.16932369,-12.56221657,-1.60096323,-30.42405852,8.787425154,-20.63663336,13183
Jordan Lyles,,SP,563.4299927,158,-1.10261314,-1.782823347,-18.23175792,-10.29684036,-1.166121284,-32.58015604,8.787425154,-22.79273089,7593
Antonio Senzatela,COL,SP,561.5200195,180,0.48514978,-1.782823347,-17.65490136,-13.60563373,-1.003055554,-33.56126421,8.787425154,-23.77383906,15488
