Name,Team,GS,G,IP,W,L,SV,HLD,H,ER,HR,SO,BB,WHIP,K/9,BB/9,ERA,FIP,-1,WAR,RA9-WAR,-1,ADP,playerid
Gerrit Cole,NYY,32,32,199,16,8,0,0,154,68,25,267,52,1.03,12.09,2.34,3.06,2.97,,5.8,5.8,,7.6,13125
Jacob deGrom,NYM,26,26,153,11,5,0,0,105,41,15,218,34,0.91,12.83,2.01,2.42,2.33,,5.6,5.4,,25.2,10954
Zack Wheeler,PHI,32,32,207,14,9,0,0,185,79,22,214,51,1.14,9.31,2.21,3.43,3.36,,5.1,4.9,,24.8,10310
Corbin Burnes,MIL,29,29,174,12,7,0,0,135,58,17,224,53,1.08,11.6,2.72,3.01,2.91,,5,5.1,,11.6,19361
Shane Bieber,CLE,31,31,189,13,8,0,0,160,68,23,237,49,1.1,11.25,2.33,3.24,3.14,,4.8,5.1,,32.8,19427
Max Scherzer,NYM,31,31,188,13,8,0,0,146,68,27,247,47,1.03,11.86,2.27,3.25,3.27,,4.5,4.4,,20.3,3137
Brandon Woodruff,MIL,31,31,183,12,8,0,0,155,69,22,210,49,1.12,10.36,2.42,3.41,3.35,,4.2,4.4,,20.5,16162
Aaron Nola,PHI,32,32,191,12,9,0,0,166,78,27,217,54,1.15,10.26,2.54,3.68,3.68,,4.1,3.9,,42.4,16149
Logan Webb,SFG,32,32,184,12,8,0,0,170,69,15,183,53,1.21,8.94,2.58,3.36,3.26,,4,4.1,,67.9,17995
Lucas Giolito,CHW,31,31,181,13,9,0,0,150,74,27,215,58,1.15,10.69,2.89,3.69,3.75,,3.9,3.8,,45,15474
Eduardo Rodriguez,DET,32,32,183,12,11,0,0,169,74,21,193,58,1.24,9.49,2.86,3.66,3.62,,3.9,4,,156.5,13164
Walker Buehler,LAD,32,32,196,13,8,0,0,173,80,27,207,52,1.15,9.48,2.4,3.68,3.74,,3.8,3.6,,18.1,19374
Nathan Eovaldi,BOS,31,31,178,12,8,0,0,172,76,22,185,43,1.2,9.34,2.15,3.84,3.57,,3.8,3.9,,139.3,9132
Robbie Ray,SEA,32,32,193,12,9,0,0,151,77,30,253,66,1.12,11.77,3.05,3.57,3.7,,3.7,4,,50.7,11486
Luis Castillo,CIN,32,32,192,14,10,0,0,175,82,22,202,71,1.29,9.49,3.35,3.84,3.82,,3.7,3.9,,93.4,15689
Sandy Alcantara,MIA,32,32,200,12,10,0,0,180,81,21,195,60,1.21,8.78,2.72,3.65,3.64,,3.5,3.6,,42.9,18684
Justin Verlander,,29,29,180,14,8,0,0,145,70,31,220,40,1.03,10.99,2.01,3.51,3.73,,3.4,4.1,,102.2,8700
Max Fried,ATL,31,31,183,14,9,0,0,170,72,20,174,50,1.2,8.59,2.44,3.56,3.62,,3.4,4,,73.2,13743
Kevin Gausman,TOR,32,32,187,13,9,0,0,168,79,26,202,49,1.16,9.73,2.37,3.77,3.73,,3.4,4.1,,71.1,14107
Julio Urías,LAD,32,32,186,13,9,0,0,169,78,26,189,47,1.16,9.11,2.26,3.75,3.86,,3.4,3.3,,37.5,14765
Chris Sale,BOS,28,28,149,11,7,0,0,128,59,18,185,42,1.14,11.2,2.56,3.56,3.36,,3.3,3.6,,60.1,10603
Charlie Morton,ATL,29,29,165,12,7,0,0,142,65,18,184,54,1.19,10.04,2.95,3.57,3.58,,3.2,3.7,,98.2,4676
José Berríos,TOR,32,32,196,13,9,0,0,180,85,27,201,53,1.19,9.26,2.44,3.9,3.93,,3.2,4,,79.1,14168
Freddy Peralta,MIL,29,29,159,11,8,0,0,124,68,22,207,68,1.2,11.7,3.83,3.86,3.85,,3.2,2.9,,55.4,18679
Frankie Montas,OAK,31,31,177,12,10,0,0,159,71,23,190,53,1.2,9.67,2.71,3.63,3.7,,3.2,3.5,,94.3,14309
Germán Márquez,COL,32,32,191,12,11,0,0,198,96,27,185,62,1.36,8.7,2.9,4.53,4.1,,3.2,3.1,,264.6,15038
Lance Lynn,CHW,31,31,181,12,10,0,0,166,80,28,193,59,1.24,9.6,2.91,3.99,4.11,,3.1,3.1,,70.4,2520
Dylan Cease,CHW,31,31,163,11,9,0,0,137,72,22,200,71,1.28,11.06,3.91,3.96,3.95,,3.1,2.9,,84.7,18525
Shohei Ohtani,LAA,28,28,156,9,7,0,0,131,63,19,183,56,1.2,10.55,3.25,3.67,3.7,,3.1,3.3,,9.3,19755
Joe Musgrove,SDP,31,31,179,12,9,0,0,159,74,24,190,51,1.17,9.58,2.56,3.72,3.83,,3.1,3.1,,74.7,12970
Sean Manaea,OAK,31,31,175,12,10,0,0,164,72,24,176,41,1.17,9.01,2.12,3.67,3.78,,3,3.4,,145.1,15873
Carlos Rodón,,28,28,150,11,8,0,0,125,62,21,185,52,1.18,11.14,3.16,3.75,3.74,,3,3,,126.5,16137
Clayton Kershaw,,26,26,148,11,7,0,0,133,58,22,158,33,1.12,9.61,2,3.55,3.67,,3,3.3,,168.9,2036
Framber Valdez,HOU,31,31,187,13,9,0,0,173,79,17,174,78,1.35,8.41,3.76,3.79,3.95,,2.9,3.4,,147.5,17295
Noah Syndergaard,LAA,28,28,161,9,8,0,0,164,76,23,143,42,1.28,7.98,2.34,4.24,4.13,,2.8,2.2,,209.2,11762
Ranger Suárez,PHI,29,29,173,11,9,0,0,162,76,20,160,61,1.29,8.29,3.16,3.93,4,,2.8,2.9,,176.1,17277
Jordan Montgomery,NYY,29,29,158,9,7,0,0,150,70,23,162,47,1.25,9.21,2.7,3.97,3.97,,2.8,2.7,,213.5,16511
Nick Martínez,,23,23,136,9,6,0,0,123,57,14,134,46,1.25,8.86,3.07,3.79,3.61,,2.7,2.2,,503.3,12730
Marcus Stroman,CHC,32,32,184,12,11,0,0,187,82,22,152,53,1.31,7.42,2.61,4.01,4.06,,2.7,3,,182.4,13431
Michael Kopech,CHW,23,43,147,10,7,0,1,121,62,20,190,61,1.24,11.62,3.75,3.79,3.79,,2.7,2.6,,166.5,17282
Tyler Mahle,CIN,31,31,169,10,9,0,0,159,81,27,184,61,1.31,9.82,3.27,4.35,4.27,,2.7,2.5,,130.2,16358
Yu Darvish,SDP,29,29,165,10,9,0,0,146,73,25,185,50,1.18,10.06,2.7,3.98,3.94,,2.7,2.4,,101.5,13074
Hyun Jin Ryu,TOR,31,31,175,13,9,0,0,174,76,24,150,39,1.22,7.71,2,3.9,3.98,,2.7,3.6,,206.4,14444
Trevor Rogers,MIA,28,28,146,10,8,0,0,126,58,17,166,52,1.21,10.19,3.17,3.54,3.59,,2.7,2.8,,94.6,22286
Pablo López,MIA,29,29,155,10,9,0,0,143,64,18,154,41,1.19,8.98,2.4,3.71,3.71,,2.7,2.6,,139.9,17085
Mike Clevinger,SDP,24,24,141,10,7,0,0,120,56,18,155,47,1.19,9.87,3.01,3.6,3.73,,2.6,2.7,,188.1,12808
Blake Snell,SDP,29,29,151,10,8,0,0,123,62,20,185,67,1.26,11.07,3.97,3.73,3.79,,2.6,2.7,,117.1,13543
Chris Bassitt,OAK,31,31,178,10,9,0,0,163,76,22,168,51,1.2,8.48,2.6,3.86,3.97,,2.6,3,,136.7,12304
Stephen Strasburg,WSN,26,26,151,10,9,0,0,141,69,21,156,51,1.27,9.27,3.01,4.09,4.03,,2.5,2.5,,282.7,10131
Sonny Gray,CIN,29,29,157,10,9,0,0,143,73,21,167,63,1.31,9.53,3.58,4.16,4.15,,2.5,2.6,,178.6,12768
John Means,BAL,29,29,165,11,11,0,0,159,79,31,150,38,1.19,8.19,2.07,4.32,4.6,,2.5,2.4,,221.6,16269
Luis Severino,NYY,24,38,151,11,8,0,1,141,65,21,157,44,1.22,9.34,2.64,3.85,3.84,,2.5,2.6,,179.9,15890
Lance McCullers Jr.,HOU,24,24,137,9,6,0,0,117,55,14,151,58,1.28,9.9,3.82,3.63,3.73,,2.5,2.8,,178.9,14120
Jack Flaherty,STL,31,31,168,11,9,0,0,144,70,24,183,56,1.19,9.82,2.98,3.74,3.96,,2.4,2.9,,79.1,17479
Luis Garcia,HOU,29,29,160,11,9,0,0,146,73,24,170,57,1.27,9.57,3.19,4.11,4.13,,2.4,2.4,,148.9,23735
Trevor Bauer,LAD,21,21,128,9,6,0,0,106,53,19,153,43,1.16,10.73,3.01,3.7,3.83,,2.4,2.3,,210.4,12703
Alex Wood,SFG,29,29,158,10,8,0,0,149,66,19,159,47,1.24,9.07,2.66,3.77,3.82,,2.3,2.6,,221.7,13781
Zac Gallen,ARI,31,31,173,11,10,0,0,159,80,25,186,64,1.29,9.69,3.32,4.2,4.14,,2.3,2.6,,135,19291
Shane McClanahan,TBR,28,28,148,11,8,0,0,132,61,20,165,51,1.23,10.01,3.08,3.72,3.78,,2.3,2.7,,111,21483
Alek Manoah,TOR,26,26,141,10,7,0,0,119,60,19,160,51,1.21,10.26,3.26,3.84,4.01,,2.2,3,,98.4,26410
Patrick Corbin,WSN,29,29,172,11,10,0,0,175,83,26,161,55,1.34,8.41,2.87,4.33,4.28,,2.2,2.2,,413.8,9323
Ian Anderson,ATL,29,29,156,10,8,0,0,141,71,19,160,68,1.34,9.24,3.92,4.09,4.12,,2.2,2.4,,151.7,19951
Liam Hendriks,CHW,0,68,68,5,3,29,2,49,21,9,100,16,0.97,13.21,2.17,2.84,2.75,,2.2,2.2,,32,3548
Patrick Sandoval,LAA,26,26,143,9,8,0,0,130,64,20,155,59,1.32,9.75,3.7,4.02,4.16,,2.2,2.4,,206.5,19447
Jon Gray,TEX,31,31,169,11,11,0,0,161,79,23,172,62,1.32,9.19,3.33,4.22,4.16,,2.1,2.3,,243.8,14916
Mike Minor,KCR,29,29,170,10,10,0,0,168,84,26,153,49,1.28,8.06,2.59,4.43,4.35,,2.1,2.4,,491.4,10021
Tarik Skubal,DET,29,29,153,10,10,0,0,141,71,25,165,51,1.26,9.7,2.99,4.19,4.24,,2.1,2.4,,198.7,22267
Josh Hader,MIL,0,67,67,5,2,26,2,40,20,8,111,27,0.99,14.91,3.6,2.64,2.74,,2.1,2.4,,31.1,14212
Jameson Taillon,NYY,28,28,146,9,8,0,0,142,72,24,139,42,1.27,8.59,2.61,4.46,4.41,,2,1.8,,305.1,11674
Antonio Senzatela,COL,31,31,174,8,10,0,0,204,97,24,122,49,1.45,6.3,2.51,5.01,4.58,,2,2,,579,15488
Alex Cobb,SFG,28,28,149,10,9,0,0,147,67,17,135,48,1.31,8.13,2.88,4.04,3.91,,2,1.9,,254.2,6562
Carlos Carrasco,NYM,26,26,140,10,8,0,0,133,63,21,145,42,1.25,9.28,2.71,4.05,4.04,,2,1.6,,291.6,6632
Anthony DeSclafani,SFG,31,31,168,10,10,0,0,165,80,24,149,48,1.27,7.97,2.56,4.28,4.16,,2,1.8,,215.8,13050
Shane Baz,TBR,21,21,104,7,5,0,0,89,42,13,119,34,1.18,10.27,2.95,3.62,3.67,,2,2,,137.8,22264
Brady Singer,KCR,28,28,141,9,9,0,0,142,66,17,130,53,1.38,8.33,3.36,4.24,4.16,,1.9,2.3,,463.7,25377
Emmanuel Clase,CLE,0,67,67,5,3,31,2,54,20,5,79,20,1.1,10.65,2.73,2.69,2.7,,1.9,2.3,,58.1,21032
Yusei Kikuchi,SEA,28,28,149,9,9,0,0,145,70,21,143,52,1.32,8.65,3.16,4.24,4.21,,1.9,2,,347.7,20633
Zack Greinke,,28,28,159,9,9,0,0,163,76,25,126,36,1.25,7.14,2.01,4.3,4.37,,1.9,2,,314.3,1943
Taylor Rogers,MIN,0,67,67,5,3,24,4,55,21,6,84,18,1.09,11.31,2.4,2.86,2.8,,1.9,2.1,,194.1,13449
Dane Dunning,TEX,28,28,140,9,8,0,0,141,66,17,127,49,1.36,8.18,3.16,4.26,4.17,,1.9,1.8,,445.4,19409
Adam Wainwright,STL,31,31,190,12,11,0,0,190,89,27,151,55,1.29,7.17,2.63,4.25,4.41,,1.8,2.1,,204.1,2233
Steven Matz,STL,29,29,155,10,10,0,0,152,72,22,139,49,1.3,8.08,2.84,4.14,4.29,,1.8,1.9,,252.3,13361
Joe Ryan,MIN,24,24,129,8,7,0,0,118,61,21,135,36,1.2,9.41,2.48,4.24,4.15,,1.8,1.9,,227.6,21390
Nick Pivetta,BOS,29,29,157,10,9,0,0,151,83,25,163,63,1.36,9.33,3.62,4.74,4.47,,1.8,1.8,,372,15454
Bailey Ober,MIN,26,26,132,7,6,0,0,131,64,23,130,33,1.25,8.88,2.28,4.37,4.3,,1.8,1.8,,266.6,21224
Kyle Gibson,PHI,32,32,187,11,11,0,0,189,96,28,162,71,1.39,7.78,3.43,4.6,4.64,,1.8,1.7,,383.2,10123
Marco Gonzales,SEA,31,31,181,10,12,0,0,183,90,30,140,49,1.29,6.99,2.43,4.49,4.67,,1.8,1.8,,318.8,15467
Raisel Iglesias,LAA,0,70,70,6,3,31,2,55,24,9,95,19,1.05,12.2,2.41,3.03,3.03,,1.8,2,,49.6,17130
Casey Mize,DET,31,31,161,9,10,0,0,162,79,23,133,49,1.3,7.39,2.73,4.39,4.46,,1.8,2,,280.4,20492
José Quintana,PIT,28,28,149,8,9,0,0,150,74,21,140,58,1.39,8.47,3.47,4.49,4.36,,1.8,1.4,,555.7,11423
Ryan Yarbrough,TBR,24,24,161,9,9,0,0,167,78,23,119,37,1.26,6.67,2.05,4.35,4.43,,1.8,1.6,,518.9,16502
Corey Kluber,TBR,26,26,142,9,7,0,0,134,64,20,137,46,1.27,8.68,2.93,4.05,4.15,,1.7,2,,342.7,2429
Wade Miley,CHC,29,29,163,10,10,0,0,172,79,21,120,56,1.4,6.58,3.09,4.35,4.51,,1.7,2,,454,8779
Drew Rasmussen,TBR,24,41,141,8,7,0,1,125,61,17,151,57,1.28,9.64,3.61,3.9,3.92,,1.7,2,,283.7,25385
José Urquidy,HOU,26,26,137,8,8,0,0,135,68,24,122,33,1.23,8.05,2.2,4.48,4.51,,1.7,1.5,,209.1,18413
Logan Gilbert,SEA,26,26,133,8,8,0,0,123,61,22,138,37,1.21,9.37,2.53,4.17,4.23,,1.7,1.8,,163.7,22250
Zach Eflin,PHI,23,23,128,8,8,0,0,133,62,21,113,32,1.28,7.9,2.23,4.33,4.35,,1.7,1.6,,484.6,13774
Brad Keller,KCR,28,28,156,10,10,0,0,159,77,18,127,65,1.44,7.36,3.77,4.45,4.43,,1.7,2.1,,562.7,15734
Kyle Freeland,COL,29,29,158,9,11,0,0,180,91,25,124,56,1.5,7.06,3.19,5.17,4.81,,1.7,1.5,,560.4,16256
Chris Flexen,SEA,29,29,166,9,10,0,0,172,81,25,133,46,1.31,7.19,2.47,4.37,4.47,,1.7,1.8,,384.5,13896
Ryan Pressly,HOU,0,66,66,5,3,30,2,54,22,7,81,18,1.1,11.1,2.48,2.96,2.98,,1.6,2,,66.9,7005
Kyle Hendricks,CHC,31,31,179,10,11,0,0,195,92,29,131,41,1.32,6.58,2.04,4.61,4.68,,1.6,1.7,,279.5,12049
Aroldis Chapman,NYY,0,64,64,5,3,32,2,41,21,7,104,35,1.17,14.57,4.87,2.95,3.12,,1.6,1.8,,81.9,10233
Andrew Heaney,LAD,24,24,135,9,8,0,0,128,65,25,148,38,1.23,9.84,2.52,4.36,4.4,,1.6,1.4,,297.2,15423
Edwin Díaz,NYM,0,67,67,5,3,33,2,47,22,8,100,26,1.09,13.44,3.45,2.96,3.06,,1.6,1.6,,65.1,14710
Huascar Ynoa,ATL,23,23,119,7,6,0,0,112,55,17,126,43,1.3,9.49,3.25,4.18,4.11,,1.5,1.8,,242.5,20468
Devin Williams,MIL,0,65,65,6,3,2,12,46,22,7,96,31,1.18,13.3,4.3,2.99,3.1,,1.5,1.8,,306.2,15816
Sixto Sánchez,MIA,16,16,91,6,6,0,0,88,38,10,78,25,1.25,7.79,2.52,3.8,3.81,,1.5,1.5,,363.1,19680
Michael Pineda,,29,29,158,10,10,0,0,169,81,27,128,36,1.3,7.3,2.07,4.6,4.57,,1.5,1.5,,451.4,5372
Jonathan Loáisiga,NYY,0,70,70,6,4,2,13,60,26,7,78,22,1.18,9.98,2.88,3.35,3.37,,1.5,1.5,,401.5,19753
Cal Quantrill,CLE,29,29,165,10,11,0,0,169,83,25,138,52,1.34,7.54,2.86,4.53,4.59,,1.5,1.8,,265.4,19312
Dylan Bundy,MIN,29,29,156,10,10,0,0,157,83,26,147,54,1.35,8.51,3.09,4.78,4.64,,1.4,1.4,,467.1,12917
Miles Mikolas,STL,26,26,141,9,8,0,0,148,67,21,100,31,1.27,6.4,1.97,4.3,4.47,,1.4,1.4,,485.8,9803
Merrill Kelly,ARI,29,29,171,10,11,0,0,184,92,28,137,52,1.38,7.19,2.72,4.85,4.73,,1.4,1.3,,486.6,11156
Austin Gomber,COL,29,29,148,10,10,0,0,157,84,26,142,57,1.44,8.63,3.44,5.08,4.8,,1.4,1.6,,522.3,16561
Randy Dobnak,MIN,23,35,139,9,9,0,1,157,71,17,89,41,1.43,5.79,2.69,4.58,4.49,,1.4,1.4,,595.3,23798
JT Brubaker,PIT,24,24,132,8,9,0,0,132,66,20,125,45,1.34,8.5,3.05,4.51,4.45,,1.4,1.2,,500,17578
Danny Duffy,,18,18,97,6,6,0,0,89,46,16,102,35,1.28,9.49,3.22,4.29,4.4,,1.4,1.3,,580.2,3542
Giovanny Gallegos,STL,0,76,76,5,3,23,7,61,29,10,91,23,1.1,10.76,2.71,3.43,3.48,,1.3,1.3,,115,14986
Tanner Houck,BOS,18,49,119,7,6,0,1,111,57,16,129,45,1.31,9.72,3.41,4.31,4.03,,1.3,1.4,,208.7,19879
Andrew Kittredge,TBR,0,70,70,5,3,20,7,61,25,7,77,17,1.12,9.88,2.23,3.19,3.19,,1.3,1.5,,274,12828
Blake Treinen,LAD,0,70,70,6,3,27,6,59,27,7,78,26,1.22,10.02,3.37,3.43,3.44,,1.3,1.2,,172.1,12572
Nestor Cortes,NYY,19,50,140,7,6,0,1,134,70,27,148,45,1.28,9.53,2.91,4.49,4.6,,1.3,1.3,,352,17874
Tyler Anderson,,29,29,163,8,10,0,0,169,87,30,136,46,1.31,7.49,2.51,4.78,4.84,,1.3,1.3,,557.3,12880
Scott Barlow,KCR,0,74,74,4,3,27,4,63,30,8,91,31,1.27,11.05,3.75,3.68,3.56,,1.3,1.4,,165.3,14993
Adbert Alzolay,CHC,23,27,124,8,8,0,1,119,63,20,127,44,1.31,9.19,3.2,4.54,4.45,,1.3,1.2,,360.4,17859
Josiah Gray,WSN,24,24,129,6,7,0,0,124,69,25,138,50,1.35,9.56,3.51,4.82,4.84,,1.3,1,,287,24580
Dallas Keuchel,CHW,29,29,162,10,10,0,0,176,82,23,109,56,1.44,6.08,3.11,4.57,4.81,,1.3,1.6,,558.8,9434
Taijuan Walker,NYM,29,29,159,9,10,0,0,154,80,26,149,57,1.32,8.39,3.2,4.53,4.62,,1.3,0.9,,366.6,11836
José Suarez,LAA,24,24,133,9,9,0,0,132,67,20,121,52,1.37,8.15,3.48,4.53,4.65,,1.3,1.4,,497.2,19911
James Karinchak,CLE,0,66,66,6,4,2,13,47,24,8,98,33,1.21,13.32,4.54,3.31,3.32,,1.3,1.4,,422.3,20151
Hunter Greene,CIN,19,19,103,8,8,0,0,100,53,17,106,40,1.36,9.34,3.54,4.65,4.58,,1.2,1.1,,437.8,sa3005315
Adrian Houser,MIL,28,28,145,9,9,0,0,148,74,18,111,60,1.44,6.87,3.72,4.57,4.64,,1.2,1.4,,442.4,12718
Mike Soroka,ATL,18,18,100,7,6,0,0,105,48,13,79,29,1.34,7.12,2.62,4.34,4.28,,1.2,1.2,,525.8,18383
Tylor Megill,NYM,21,21,109,6,7,0,0,102,51,17,115,38,1.29,9.55,3.15,4.24,4.29,,1.2,1,,320.5,21318
Triston McKenzie,CLE,23,23,114,7,7,0,0,100,58,20,130,49,1.31,10.23,3.88,4.56,4.6,,1.2,1.2,,237.9,18000
Matthew Boyd,,15,15,81,5,5,0,0,77,39,13,84,23,1.25,9.4,2.61,4.33,4.28,,1.2,1,,592,15440
Zach Plesac,CLE,29,29,164,9,11,0,0,171,85,28,130,44,1.31,7.13,2.42,4.65,4.73,,1.2,1.6,,340.4,19979
Matt Barnes,BOS,0,66,66,6,4,11,10,52,27,8,90,31,1.26,12.27,4.26,3.69,3.54,,1.2,1.2,,272,12863
Johnny Cueto,,26,26,141,8,9,0,0,150,75,23,112,43,1.37,7.14,2.74,4.77,4.76,,1.2,1.1,,591.2,6893
Zach Thompson,PIT,23,51,154,8,9,0,1,156,79,23,132,56,1.38,7.69,3.29,4.6,4.61,,1.2,1,,498.1,16094
Eric Lauer,MIL,23,27,127,7,8,0,1,122,64,21,123,48,1.34,8.77,3.38,4.57,4.62,,1.2,1.3,,310.7,19316
Chad Green,NYY,0,77,77,7,4,1,18,63,31,12,97,22,1.11,11.3,2.59,3.64,3.7,,1.2,1.1,,385.5,15552
Lucas Sims,CIN,0,65,65,4,3,26,4,50,27,10,93,30,1.23,12.89,4.19,3.77,3.84,,1.2,1.1,,232.6,13470
Yonny Chirinos,TBR,16,48,130,7,7,0,1,126,60,18,111,35,1.24,7.64,2.42,4.14,4.21,,1.2,1.2,,601,16401
Aaron Bummer,CHW,0,64,64,4,2,0,16,51,22,5,76,28,1.24,10.62,3.94,3.05,3.22,,1.2,1.3,,585.9,16258
Michael Lorenzen,LAA,18,45,131,6,7,0,1,128,64,17,117,54,1.39,8.02,3.74,4.4,4.46,,1.2,1.3,,526.3,14843
Jordan Romano,TOR,0,66,66,5,3,27,3,51,25,8,86,25,1.16,11.77,3.48,3.37,3.49,,1.1,1.7,,93.5,16122
Luke Weaver,ARI,26,26,132,8,9,0,0,134,70,23,127,43,1.34,8.66,2.89,4.74,4.54,,1.1,1,,470.2,16918
Michael Wacha,BOS,23,41,133,7,7,0,1,144,73,22,119,40,1.39,8.06,2.73,4.94,4.58,,1.1,1.1,,521.3,14078
Aaron Civale,CLE,28,28,154,9,11,0,0,161,81,27,127,41,1.31,7.43,2.41,4.73,4.72,,1.1,1.3,,267.3,19479
Tyler Matzek,ATL,0,68,68,4,2,2,14,52,26,6,88,35,1.29,11.62,4.65,3.4,3.44,,1.1,1.4,,555.1,10058
Kwang Hyun Kim,,24,24,122,7,8,0,0,126,62,18,94,42,1.38,6.93,3.12,4.57,4.69,,1.1,1.2,,563.5,27458
Kris Bubic,KCR,23,23,128,7,8,0,0,126,66,18,113,56,1.42,7.94,3.92,4.66,4.7,,1.1,1.5,,499.1,21455
Matt Manning,DET,26,26,131,7,9,0,0,139,69,19,100,46,1.42,6.9,3.17,4.73,4.71,,1.1,1.3,,527.1,20369
Garrett Richards,,24,24,130,7,7,0,0,137,70,20,110,52,1.45,7.62,3.57,4.84,4.77,,1.1,0.9,,600.2,9784
Tyler Alexander,DET,21,45,136,7,9,0,1,143,71,22,111,40,1.35,7.31,2.64,4.71,4.7,,1.1,1.1,,576.5,17735
Aaron Ashby,MIL,6,61,89,7,5,1,10,74,35,9,105,41,1.3,10.67,4.15,3.55,3.66,,1.1,1.3,,270.6,23550
Cristian Javier,HOU,11,45,110,5,4,0,1,87,51,17,139,52,1.27,11.37,4.28,4.21,4.28,,1.1,1.1,,305.5,17606
Cole Irvin,OAK,29,29,165,10,12,0,0,178,86,27,117,42,1.33,6.37,2.29,4.66,4.77,,1.1,1.2,,511.1,19244
Domingo Germán,NYY,13,51,109,7,6,0,1,102,53,19,117,32,1.23,9.65,2.67,4.34,4.31,,1.1,0.9,,398.4,17149
Madison Bumgarner,ARI,31,31,177,9,11,0,0,187,99,34,145,49,1.34,7.38,2.52,5.04,5.05,,1,1,,470.5,5524
Carlos Hernández,KCR,24,24,132,7,8,0,0,130,70,19,117,59,1.44,8,4.06,4.8,4.75,,1,1.4,,439.8,22713
Elieser Hernandez,MIA,26,26,128,6,7,0,0,124,65,23,129,39,1.27,9.03,2.72,4.58,4.62,,1,0.9,,332.8,16933
Reid Detmers,LAA,16,16,79,5,5,0,0,74,38,13,86,31,1.33,9.84,3.51,4.36,4.4,,1,1,,432.9,27468
Keegan Akin,BAL,21,21,106,6,7,0,0,109,58,19,97,42,1.42,8.26,3.58,4.91,4.99,,1,0.8,,598.1,19362
Joe Ross,WSN,16,16,89,5,6,0,0,90,46,14,84,31,1.36,8.47,3.1,4.64,4.55,,1,0.9,,600,12972
Spencer Howard,TEX,23,23,101,6,6,0,0,99,53,15,99,41,1.39,8.84,3.68,4.69,4.58,,1,0.9,,552.8,23252
Brusdar Graterol,LAD,0,66,66,5,3,7,13,61,26,6,64,22,1.25,8.68,2.97,3.53,3.72,,1,0.9,,562.5,20367
Glenn Otto,TEX,18,18,92,6,7,0,0,90,46,13,90,39,1.4,8.85,3.8,4.54,4.43,,1,0.9,,569.8,21366
James Kaprielian,OAK,23,37,135,7,9,0,1,129,69,23,134,49,1.32,8.92,3.25,4.59,4.67,,1,1,,369.4,18331
Garrett Whitlock,BOS,0,70,70,5,3,20,8,66,30,8,72,23,1.26,9.2,2.91,3.82,3.65,,0.9,1.2,,234.2,20191
J.A. Happ,,26,26,138,8,9,0,0,144,74,23,109,44,1.37,7.12,2.9,4.85,4.86,,0.9,1,,590.3,7410
Garrett Crochet,CHW,3,59,75,6,4,0,10,60,29,8,94,33,1.25,11.24,4.01,3.47,3.58,,0.9,1,,520,27463
Drew Smyly,,23,23,120,7,7,0,0,122,64,22,113,42,1.37,8.49,3.15,4.83,4.81,,0.9,0.9,,566.4,11760
Paul Sewald,SEA,0,67,67,5,4,6,13,54,28,10,87,24,1.16,11.7,3.16,3.78,3.68,,0.9,0.9,,302,13892
Bruce Zimmermann,BAL,23,23,117,6,8,0,0,125,66,21,99,45,1.45,7.56,3.47,5.04,5.15,,0.9,0.8,,597,20370
Chris Archer,,19,19,97,5,6,0,0,96,50,16,98,38,1.38,9.06,3.52,4.64,4.55,,0.9,0.8,,600.8,6345
Mitch Keller,PIT,23,44,133,7,9,0,1,138,70,19,120,58,1.48,8.16,3.92,4.75,4.64,,0.9,0.7,,515.2,17594
Erick Fedde,WSN,23,23,118,7,7,0,0,125,65,19,97,45,1.45,7.43,3.42,4.94,4.85,,0.9,0.8,,576.4,17425
Pete Fairbanks,TBR,0,64,64,6,4,9,10,52,24,7,82,26,1.22,11.48,3.7,3.4,3.45,,0.9,1.1,,500.8,17998
Dakota Hudson,STL,24,38,146,9,9,0,1,146,71,17,105,63,1.43,6.46,3.84,4.36,4.65,,0.9,1.2,,457.2,19206
Grayson Rodriguez,BAL,13,13,63,4,4,0,0,60,32,10,63,24,1.33,9.01,3.44,4.56,4.53,,0.9,0.8,,472.4,sa3008130
David Bednar,PIT,0,64,64,3,3,24,3,54,26,8,76,25,1.22,10.74,3.45,3.67,3.6,,0.8,0.9,,197.4,19569
Reiver Sanmartin,CIN,13,33,90,6,6,0,1,94,45,14,79,29,1.36,7.85,2.93,4.47,4.51,,0.8,0.8,,518,19754
Luis Patiño,TBR,15,55,112,6,6,0,1,102,54,17,118,46,1.31,9.44,3.68,4.33,4.41,,0.8,0.8,,291.2,22815
Tanner Scott,BAL,0,60,60,4,3,2,13,49,24,6,76,32,1.36,11.35,4.87,3.62,3.78,,0.8,0.9,,600.8,17586
Craig Kimbrel,CHW,0,66,66,5,4,4,12,47,27,10,98,32,1.21,13.4,4.41,3.7,3.83,,0.8,1,,149.3,6655
Cole Sulser,BAL,0,66,66,4,4,6,12,58,30,10,73,26,1.28,9.93,3.58,4.05,4.16,,0.8,0.8,,461.4,15256
Nate Pearson,TOR,15,33,88,6,5,0,1,79,43,14,97,40,1.36,9.94,4.1,4.44,4.53,,0.8,1,,432.7,20160
Martín Pérez,,23,23,115,7,7,0,0,126,63,18,90,43,1.48,7.08,3.39,4.97,4.85,,0.8,0.6,,600.8,6902
Roansy Contreras,PIT,13,13,65,4,4,0,0,64,31,9,61,23,1.33,8.4,3.16,4.31,4.31,,0.7,0.8,,467.8,22810
Dylan Floro,MIA,0,67,67,5,4,19,7,63,27,6,60,24,1.3,8.04,3.2,3.69,3.71,,0.7,0.7,,230.1,13394
Pierce Johnson,SDP,0,64,64,4,3,15,9,53,27,8,77,28,1.27,10.89,3.94,3.85,3.86,,0.7,0.5,,408.2,13435
Mike Mayers,LAA,0,68,68,4,3,2,13,61,30,10,79,24,1.25,10.42,3.24,3.94,3.92,,0.7,0.7,,582,15451
David Price,LAD,11,45,91,5,5,0,1,90,42,14,87,29,1.3,8.6,2.87,4.18,4.39,,0.7,0.6,,571.6,3184
Brett Anderson,,23,23,109,7,8,0,0,123,57,15,63,33,1.43,5.24,2.73,4.73,4.79,,0.7,0.8,,600.9,8223
Tim Mayza,TOR,0,62,62,4,3,2,14,54,25,7,66,23,1.25,9.62,3.41,3.61,3.68,,0.7,1,,591.9,15042
Gregory Soto,DET,0,68,68,4,4,24,4,56,29,7,82,38,1.38,10.91,4.99,3.89,3.92,,0.7,0.9,,201.4,19677
Corey Knebel,PHI,0,60,60,3,3,15,8,49,25,8,77,25,1.23,11.48,3.79,3.76,3.73,,0.7,0.7,,165.6,15010
Ross Stripling,TOR,15,37,95,6,6,0,1,97,50,17,87,28,1.32,8.19,2.65,4.69,4.65,,0.7,0.8,,555.9,13273
Jesús Luzardo,MIA,16,34,100,6,7,0,1,97,49,15,100,41,1.38,8.97,3.71,4.36,4.46,,0.7,0.7,,291.2,19959
Michael Fulmer,DET,0,65,65,4,4,7,10,63,29,9,63,21,1.29,8.79,2.96,4.05,4.08,,0.7,0.6,,341.9,13218
Bryse Wilson,PIT,23,38,135,7,10,0,1,148,75,23,96,42,1.41,6.41,2.83,5.03,5.05,,0.7,0.4,,596,19990
Wily Peralta,,26,26,131,6,8,0,0,138,72,19,97,58,1.5,6.68,3.98,4.99,5.07,,0.7,0.8,,599.7,7738
Tony Gonsolin,LAD,26,26,122,7,7,0,0,116,64,23,125,53,1.38,9.23,3.9,4.75,4.91,,0.7,0.6,,305,19388
Chris Paddack,SDP,10,24,65,4,4,0,1,63,30,10,64,15,1.19,8.74,2.1,4.09,4.12,,0.7,0.6,,406.3,20099
Josh Winder,MIN,16,26,96,4,5,0,1,101,52,16,80,31,1.37,7.51,2.91,4.83,4.76,,0.7,0.7,,999,sa3007993
Will Smith,ATL,0,70,70,5,3,28,3,59,30,11,87,26,1.21,11.16,3.37,3.87,3.97,,0.7,0.9,,99.3,8048
Codi Heuer,CHC,0,68,68,5,4,4,15,66,31,8,62,24,1.32,8.17,3.15,4.07,4.06,,0.7,0.6,,491.3,23293
Justin Steele,CHC,15,48,106,6,7,0,1,101,53,15,103,50,1.43,8.78,4.25,4.53,4.68,,0.7,0.7,,592.6,17312
Vince Velasquez,,21,21,98,6,7,0,0,95,54,18,101,43,1.4,9.3,3.9,4.93,4.95,,0.7,0.6,,600.9,11189
Trevor May,NYM,0,63,63,4,4,2,15,51,25,9,81,24,1.2,11.56,3.45,3.64,3.64,,0.6,0.6,,552.2,6398
Zac Lowther,BAL,18,36,108,6,8,0,1,109,60,18,95,48,1.46,7.93,4.03,4.97,5.09,,0.6,0.6,,999,20243
A.J. Minter,ATL,0,62,62,5,3,0,14,54,25,7,73,24,1.26,10.62,3.54,3.62,3.49,,0.6,0.7,,596.3,18655
Aaron Loup,LAA,0,62,62,4,3,1,14,57,25,7,62,20,1.23,8.98,2.87,3.64,3.75,,0.6,0.8,,587.1,10343
Matt Brash,SEA,11,43,92,5,5,0,1,84,44,13,93,41,1.36,9.1,4,4.28,4.43,,0.6,0.7,,576.5,sa3010616
José Alvarado,PHI,0,67,67,4,3,9,12,52,28,6,87,45,1.44,11.75,6.01,3.73,3.99,,0.6,0.9,,573.2,17780
David Peterson,NYM,13,13,65,4,4,0,0,62,30,8,60,27,1.36,8.31,3.67,4.19,4.38,,0.6,0.6,,583.7,20302
Luis Gil,NYY,10,34,72,3,4,0,1,63,37,11,84,39,1.41,10.47,4.82,4.55,4.62,,0.6,0.5,,484.3,21052
Jakob Junis,,15,15,75,4,5,0,0,81,41,13,67,23,1.38,7.96,2.78,4.9,4.79,,0.6,0.4,,999,13619
James Paxton,BOS,8,8,43,3,3,0,0,41,21,6,46,15,1.31,9.63,3.08,4.32,4.04,,0.6,0.7,,562.4,11828
Tucker Davidson,ATL,13,13,67,4,4,0,0,65,33,9,64,32,1.44,8.63,4.27,4.49,4.49,,0.6,0.7,,577,19871
Dean Kremer,BAL,15,15,71,4,5,0,0,74,41,14,62,29,1.46,7.94,3.67,5.29,5.26,,0.6,0.3,,999,19350
Taylor Hearn,TEX,23,23,132,7,9,0,0,132,75,23,125,60,1.45,8.51,4.09,5.08,5.04,,0.6,0.5,,582.1,18325
A.J. Alexy,TEX,21,21,111,6,7,0,0,109,63,17,100,58,1.5,8.09,4.67,5.08,5.1,,0.6,0.4,,591.3,22343
Trevor Cahill,,16,16,85,5,6,0,0,88,46,13,69,35,1.45,7.33,3.72,4.9,4.85,,0.6,0.6,,999,6249
Rich Hill,BOS,19,19,100,5,6,0,0,102,56,17,86,36,1.39,7.79,3.22,5.03,4.95,,0.6,0.9,,446.3,4806
Héctor Neris,HOU,0,75,75,5,4,3,16,62,32,11,93,31,1.24,11.19,3.73,3.81,3.97,,0.6,0.8,,482,11804
Mark Melancon,ARI,0,65,65,4,3,30,2,66,28,6,53,23,1.37,7.39,3.16,3.94,3.89,,0.6,0.7,,134.6,4264
Tyler Wells,BAL,0,64,64,3,4,21,4,58,32,12,72,20,1.22,10.19,2.86,4.52,4.44,,0.5,0.3,,393.6,20000
Nick Lodolo,CIN,6,6,32,2,2,0,0,30,15,5,33,10,1.28,9.41,2.94,4.15,4.11,,0.5,0.5,,525.5,sa917947
Sammy Long,SFG,16,27,100,5,5,0,1,99,50,15,91,39,1.37,8.19,3.5,4.51,4.57,,0.5,0.7,,585.3,25379
Josh Taylor,BOS,0,60,60,3,2,1,12,52,26,7,71,26,1.3,10.7,3.86,3.84,3.72,,0.5,0.6,,999,17359
Kyle Finnegan,WSN,0,66,66,5,4,28,4,62,31,8,69,30,1.39,9.38,4.15,4.17,4.15,,0.5,0.5,,350.5,15009
Dustin May,LAD,5,29,50,3,2,0,1,46,21,6,52,15,1.21,9.38,2.65,3.73,3.73,,0.5,0.6,,537.6,19716
Connor Brogdon,PHI,0,63,63,4,4,1,13,57,30,10,66,24,1.28,9.5,3.4,4.28,4.32,,0.5,0.3,,600.4,21205
Jake Cousins,MIL,0,60,60,3,2,0,12,48,24,7,76,26,1.24,11.37,3.89,3.6,3.71,,0.5,0.7,,593.6,21620
Andrew Chafin,,0,70,70,4,3,0,0,63,30,8,69,25,1.25,8.92,3.16,3.89,3.9,,0.5,0.5,,593.2,12988
Cole Hamels,,13,13,70,4,4,0,0,71,36,11,62,26,1.39,7.99,3.38,4.56,4.82,,0.5,0.7,,599.5,4972
Cody Morris,CLE,6,38,64,3,3,0,1,59,29,9,67,23,1.29,9.48,3.29,4.07,4.08,,0.5,0.6,,566.6,sa3008653
Carlos Martínez,,24,24,133,7,10,0,0,144,76,20,99,57,1.51,6.72,3.85,5.15,5.14,,0.5,0.4,,600.4,11682
A.J. Puk,OAK,3,63,80,5,5,5,10,74,36,10,81,33,1.34,9.16,3.74,4,4.19,,0.5,0.5,,536.3,19343
Joely Rodríguez,NYY,0,55,55,4,2,0,9,49,21,5,60,21,1.26,9.78,3.41,3.42,3.48,,0.5,0.6,,600.9,11487
Jordan Lyles,,28,28,157,8,12,0,0,172,97,35,128,54,1.44,7.32,3.12,5.55,5.57,,0.5,0.2,,570.8,7593
Richard Bleier,MIA,0,62,62,3,3,2,12,63,24,5,45,13,1.22,6.55,1.89,3.52,3.61,,0.5,0.6,,600.7,7803
Justin Dunn,SEA,16,16,82,4,5,0,0,76,44,14,82,39,1.41,9.01,4.29,4.87,4.99,,0.5,0.4,,566.6,19268
Josh Staumont,KCR,0,64,64,4,3,5,13,54,29,8,74,34,1.38,10.44,4.82,4.15,4.13,,0.5,0.5,,462.7,18335
Daniel Lynch,KCR,13,13,66,4,4,0,0,70,36,10,53,26,1.45,7.27,3.52,4.9,4.83,,0.5,0.6,,510.1,21537
Alex Reyes,STL,0,68,68,6,5,9,12,52,30,8,87,40,1.36,11.57,5.31,3.91,4.08,,0.5,0.5,,303.3,15015
Will Harris,WSN,0,56,56,3,2,1,12,53,25,7,56,19,1.28,9.05,3.04,3.97,3.85,,0.5,0.3,,599.9,3192
Art Warren,CIN,0,54,54,4,3,0,10,43,22,7,70,23,1.23,11.67,3.85,3.64,3.61,,0.5,0.4,,517.9,18251
Camilo Doval,SFG,0,67,67,5,4,26,5,54,28,6,82,38,1.37,10.98,5.09,3.7,3.8,,0.5,0.7,,161,21992
Lewis Thorpe,MIN,11,31,79,4,5,0,1,85,44,13,64,29,1.45,7.3,3.37,5.03,4.95,,0.5,0.3,,599.9,15906
Jake Odorizzi,HOU,6,50,76,5,4,0,3,72,36,12,75,23,1.26,8.89,2.79,4.21,4.33,,0.5,0.5,,495.9,6397
Anthony Bender,MIA,0,63,63,3,3,10,11,55,26,7,68,26,1.28,9.66,3.67,3.77,3.82,,0.5,0.4,,397.2,19742
Dylan Coleman,KCR,0,60,60,4,3,0,11,53,25,7,67,26,1.32,10.01,3.93,3.82,3.83,,0.5,0.5,,589.2,22276
Seth Lugo,NYM,0,70,70,4,4,1,15,62,30,10,77,21,1.18,9.91,2.67,3.81,3.92,,0.5,0.5,,594.7,12447
Craig Stammen,SDP,0,66,66,4,3,1,12,64,27,7,59,15,1.2,8.07,2.07,3.75,3.66,,0.4,0.3,,599.4,7274
Cade Cavalli,WSN,10,10,51,3,3,0,0,51,27,8,49,25,1.47,8.6,4.38,4.81,4.78,,0.4,0.4,,567.5,sa3014421
Jake Diekman,,0,69,69,4,3,0,0,53,28,7,91,39,1.34,11.84,5.09,3.59,3.85,,0.4,0.7,,597.9,5003
Kendall Graveman,CHW,0,62,62,4,3,1,12,55,26,7,65,24,1.29,9.5,3.55,3.78,3.97,,0.4,0.6,,502,15514
Mike Fiers,,23,23,126,6,9,0,0,138,72,25,83,36,1.38,5.96,2.59,5.15,5.4,,0.4,0.5,,999,7754
Daulton Jefferies,OAK,6,58,87,4,4,0,8,90,41,12,69,18,1.24,7.06,1.88,4.21,4.23,,0.4,0.5,,593.2,19345
Chris Stratton,PIT,0,76,76,4,4,8,13,74,38,11,75,30,1.37,8.89,3.58,4.47,4.26,,0.4,0.1,,509.6,13761
Brandon Williamson,SEA,6,6,34,2,2,0,0,31,16,5,36,13,1.3,9.44,3.44,4.16,4.27,,0.4,0.4,,599.8,sa3011494
Matt Wisler,TBR,0,60,60,4,3,2,11,53,26,9,69,19,1.19,10.39,2.86,3.84,3.84,,0.4,0.5,,599.7,12804
Jake McGee,SFG,0,66,66,3,3,8,13,61,29,10,67,18,1.2,9.07,2.41,4.02,4.06,,0.4,0.3,,261.8,7550
Matthew Liberatore,STL,8,8,49,3,3,0,0,50,24,7,40,16,1.34,7.26,2.89,4.42,4.59,,0.4,0.4,,591.2,sa3008163
Daniel Bard,COL,0,65,65,6,5,9,9,62,33,9,73,33,1.46,10.12,4.52,4.59,4.48,,0.4,0.6,,566.5,7115
Sam Coonrod,PHI,0,59,59,3,3,2,12,52,25,7,63,25,1.31,9.64,3.77,3.88,3.98,,0.4,0.5,,599.3,17264
Tyler Duffey,MIN,0,66,66,3,3,4,12,61,30,9,69,25,1.3,9.35,3.4,4.11,4.08,,0.4,0.6,,574.7,13758
Tyler Gilbert,ARI,13,19,78,4,5,0,1,82,42,13,62,28,1.41,7.2,3.23,4.91,4.9,,0.4,0.5,,600.7,17964
Adrian Morejon,SDP,3,12,27,2,2,0,1,23,11,3,33,11,1.24,10.75,3.63,3.66,3.5,,0.4,0.3,,999,20039
Luke Jackson,ATL,0,66,66,3,3,1,17,61,29,8,73,28,1.35,9.93,3.86,3.95,3.97,,0.4,0.6,,598.4,11752
Chad Kuhl,,16,44,109,6,8,0,0,107,59,16,104,54,1.47,8.55,4.45,4.83,4.91,,0.4,0.5,,600.8,14975
Michael King,NYY,3,51,67,4,3,0,4,64,31,10,67,22,1.27,8.99,2.93,4.14,4.19,,0.4,0.4,,598.6,19853
Daniel Hudson,LAD,0,61,61,4,3,4,13,52,27,10,73,23,1.23,10.81,3.4,4.02,4.06,,0.4,0.3,,566.5,7146
Kyle Bradish,BAL,6,20,47,3,3,0,1,46,25,7,47,22,1.44,8.9,4.23,4.75,4.75,,0.4,0.3,,999,sa3008605
Tommy Kahnle,LAD,0,54,54,3,2,0,11,44,22,8,71,20,1.18,11.84,3.36,3.62,3.66,,0.4,0.3,,999,11384
Caleb Thielbar,MIN,0,62,62,3,3,1,12,57,29,9,66,21,1.26,9.64,3.03,4.14,4.11,,0.4,0.3,,999,10078
José Ureña,,23,23,116,6,8,0,0,127,66,19,82,44,1.48,6.39,3.45,5.14,5.15,,0.4,0.4,,999,11589
Jackson Kowar,KCR,6,14,41,3,3,0,1,40,21,6,39,17,1.41,8.65,3.77,4.63,4.47,,0.4,0.4,,593.2,21549
Deolis Guerra,OAK,0,68,68,3,3,3,12,64,32,10,67,23,1.27,8.87,3.03,4.22,4.29,,0.4,0.3,,598.5,8410
Adam Cimber,TOR,0,72,72,4,3,1,14,74,33,8,51,21,1.32,6.39,2.59,4.14,4.31,,0.3,0.7,,600.9,15288
Jorge Alcala,MIN,0,62,62,4,3,4,13,58,29,9,66,23,1.3,9.53,3.3,4.23,4.09,,0.3,0.4,,432.8,19459
Zach Davies,,29,29,148,8,10,0,0,160,85,25,108,61,1.5,6.57,3.73,5.16,5.23,,0.3,0.6,,592.4,13183
Edward Cabrera,MIA,6,28,44,2,3,0,0,39,20,6,49,21,1.36,9.9,4.2,4.14,4.23,,0.3,0.4,,485.6,21690
Luis Cessa,CIN,0,66,66,3,3,4,12,66,33,10,60,24,1.36,8.24,3.26,4.54,4.41,,0.3,0.2,,586,13345
Jordan Balazovic,MIN,8,8,42,2,3,0,0,45,23,6,35,17,1.45,7.35,3.58,4.82,4.76,,0.3,0.3,,600.3,sa918017
Nick Sandlin,CLE,0,62,62,3,2,1,15,50,27,8,77,33,1.34,11.22,4.81,3.89,4.12,,0.3,0.6,,599.8,20517
Ryne Stanek,HOU,0,70,70,4,3,1,13,57,32,11,88,34,1.31,11.27,4.42,4.15,4.29,,0.3,0.5,,597.8,15947
Trevor Richards,TOR,0,56,56,4,3,0,11,49,25,8,63,21,1.24,10.19,3.31,3.98,4.03,,0.3,0.5,,600.6,19309
Steven Brault,,23,23,117,6,8,0,0,120,65,17,93,57,1.52,7.18,4.43,5.04,5.15,,0.3,0.6,,999,15291
Rowan Wick,CHC,0,64,64,3,2,29,3,57,29,8,70,30,1.36,9.87,4.25,4.03,4.16,,0.3,0.6,,316.5,14646
Clay Holmes,NYY,0,60,60,4,3,1,12,52,26,6,66,32,1.4,9.88,4.77,3.97,4.05,,0.3,0.5,,600.3,13649
Casey Sadler,SEA,0,60,60,3,2,0,12,54,26,8,58,19,1.23,8.69,2.92,3.84,4.09,,0.3,0.5,,600.9,11209
Ken Giles,SEA,0,54,54,3,2,8,7,46,22,8,65,18,1.18,10.78,2.98,3.69,3.72,,0.3,0.3,,295.5,12910
Dillon Peters,PIT,8,52,86,4,5,0,4,90,45,14,73,30,1.39,7.63,3.15,4.74,4.72,,0.3,0.2,,600.9,18790
Robert Suarez,SDP,0,58,58,3,2,5,9,52,24,7,60,20,1.25,9.37,3.09,3.74,3.81,,0.3,0.3,,436.5,sa869798
Bailey Falter,PHI,3,51,66,3,3,0,6,64,31,11,64,18,1.25,8.76,2.52,4.24,4.34,,0.3,0.3,,600.7,20070
Paolo Espino,WSN,11,27,73,4,5,0,1,80,43,15,61,21,1.37,7.54,2.59,5.28,5.13,,0.3,0.1,,599.4,8246
Mike Foltynewicz,,23,23,124,6,9,0,0,133,73,25,95,42,1.41,6.9,3.04,5.32,5.35,,0.3,0.2,,598.4,10811
Jake Arrieta,,16,16,81,5,7,0,0,88,45,13,60,32,1.49,6.72,3.6,5.05,5.07,,0.3,0.3,,999,4153
Alec Mills,CHC,16,32,103,5,7,0,1,115,59,18,75,32,1.42,6.55,2.76,5.11,5.12,,0.3,0.3,,589.5,13834
Griffin Canning,LAA,5,21,41,3,2,0,1,39,20,7,43,15,1.31,9.45,3.37,4.43,4.5,,0.3,0.3,,579.6,19867
Brett Martin,TEX,0,61,61,3,3,2,14,63,27,7,51,19,1.34,7.45,2.83,3.98,4.03,,0.3,0.5,,999,17369
Wade LeBlanc,,11,11,61,3,4,0,0,68,35,11,43,19,1.42,6.39,2.83,5.11,5.14,,0.3,0.2,,999,5221
Tim Hill,SDP,0,56,56,4,3,1,11,51,23,6,54,20,1.28,8.61,3.22,3.68,3.96,,0.3,0.4,,999,16814
Miguel Castro,NYM,0,63,63,3,3,0,14,52,27,7,73,34,1.37,10.38,4.92,3.88,4.02,,0.3,0.3,,600.9,15684
Ryan Rolison,COL,10,10,50,2,3,0,0,57,31,9,40,19,1.52,7.17,3.41,5.56,5.23,,0.3,0.3,,601,sa3008244
JT Chargois,TBR,0,63,63,4,3,3,14,54,26,7,68,28,1.31,9.75,3.99,3.75,3.96,,0.3,0.6,,600.9,13767
Alex Vesia,LAD,0,62,62,4,3,2,16,50,28,10,81,31,1.3,11.72,4.48,4.08,4.31,,0.3,0.3,,594.6,25007
Adam Ottavino,,0,68,68,5,3,0,0,57,30,7,81,37,1.39,10.69,4.92,3.98,4.03,,0.3,0.3,,596.7,1247
Tanner Rainey,WSN,0,65,65,4,4,7,12,52,33,10,89,43,1.46,12.3,5.91,4.53,4.51,,0.3,0.1,,383.6,17610
George Kirby,SEA,5,5,25,1,2,0,0,26,12,4,22,8,1.31,7.75,2.76,4.29,4.38,,0.3,0.3,,582.1,sa3011526
Ethan Small,MIL,8,8,39,2,2,0,0,38,21,6,37,19,1.46,8.42,4.41,4.75,4.88,,0.3,0.3,,600.3,sa3011621
Paul Fry,BAL,0,52,52,3,3,0,8,45,23,5,57,29,1.44,9.83,5.08,4.05,4.15,,0.3,0.3,,999,15832
José Cisnero,DET,0,61,61,4,4,1,11,55,28,7,63,30,1.39,9.26,4.36,4.2,4.32,,0.3,0.3,,999,6399
Tyler Rogers,SFG,0,77,77,4,4,5,17,81,35,8,52,22,1.33,6.12,2.57,4.05,4.13,,0.3,0.5,,522.8,15541
Spencer Strider,ATL,3,21,34,2,2,0,1,31,16,5,37,14,1.33,9.87,3.76,4.3,4.29,,0.3,0.2,,600.4,27498
Josh Sborz,TEX,0,60,60,4,3,1,12,53,28,9,70,26,1.32,10.49,3.92,4.19,4.09,,0.3,0.2,,599.9,18323
Josh Fleming,TBR,5,29,56,4,4,0,1,60,26,7,39,15,1.34,6.25,2.46,4.27,4.41,,0.3,0.4,,599,20418
Scott Kazmir,,10,10,46,3,3,0,0,48,25,7,37,18,1.43,7.35,3.46,4.85,4.88,,0.3,0.4,,999,4897
Tanner Roark,,10,10,53,3,4,0,0,57,30,10,43,18,1.43,7.32,3.15,5.1,5.16,,0.2,0.2,,999,8753
Jeff Hoffman,CIN,2,64,70,4,4,1,15,64,36,11,80,34,1.41,10.35,4.38,4.64,4.6,,0.2,0.3,,999,17432
Max Meyer,MIA,5,5,25,1,2,0,0,25,12,3,22,11,1.42,7.77,3.84,4.39,4.42,,0.2,0.2,,550.8,sa3014430
Ryan Thompson,TBR,0,55,55,4,3,1,9,50,22,7,54,17,1.22,8.81,2.72,3.68,3.77,,0.2,0.3,,999,16647
Kyle Wright,ATL,5,27,48,3,3,0,1,48,24,7,43,18,1.38,8.13,3.42,4.52,4.43,,0.2,0.3,,599.4,19665
Kervin Castro,SFG,3,43,59,4,4,0,1,56,28,7,55,25,1.39,8.46,3.88,4.32,4.3,,0.2,0.1,,599.3,21656
Tobias Myers,CLE,5,29,50,3,3,0,1,49,25,8,46,16,1.32,8.33,2.9,4.52,4.55,,0.2,0.3,,999,sa918088
Dillon Tate,BAL,0,58,58,3,3,1,11,58,27,7,48,21,1.35,7.5,3.2,4.25,4.4,,0.2,0.4,,598.6,17796
Kyle Muller,ATL,8,8,40,3,3,0,0,38,21,6,40,22,1.47,9.02,4.83,4.7,4.76,,0.2,0.4,,577,20167
Cole Winn,TEX,8,8,39,2,2,0,0,39,21,6,36,18,1.44,8.28,4.08,4.86,4.86,,0.2,0.2,,591.7,sa3008662
Trevor Williams,NYM,6,62,91,5,5,0,10,91,44,14,81,27,1.3,8.01,2.67,4.37,4.47,,0.2,0.2,,600.4,16977
Sean Hjelle,SFG,6,6,35,2,2,0,0,37,18,4,23,13,1.46,6.09,3.48,4.65,4.62,,0.2,0.3,,597,sa3007989
Jon Heasley,KCR,5,23,43,2,3,0,1,45,23,6,34,16,1.43,7.07,3.34,4.85,4.79,,0.2,0.3,,999,22224
Génesis Cabrera,STL,0,66,66,4,3,1,17,56,29,9,75,31,1.31,10.26,4.26,3.92,4.21,,0.2,0.4,,599.2,17490
Diego Castillo,SEA,0,65,65,4,4,4,14,57,29,9,69,29,1.33,9.57,3.98,4,4.23,,0.2,0.4,,401.5,17496
Vladimir Gutierrez,CIN,24,24,128,7,10,0,0,141,82,27,108,51,1.49,7.53,3.56,5.73,5.59,,0.2,0,,575.6,19278
Jake Brentz,KCR,0,60,60,3,3,1,12,51,27,7,70,33,1.4,10.57,4.94,4.11,4.13,,0.2,0.5,,600.8,17783
MacKenzie Gore,SDP,6,6,32,2,2,0,0,31,17,5,29,15,1.45,8.22,4.27,4.66,4.77,,0.2,0.2,,999,sa3005068
Phil Maton,HOU,0,64,64,3,3,0,12,57,29,8,71,27,1.31,9.92,3.8,4.01,4.12,,0.2,0.4,,599.4,18064
Wandy Peralta,NYY,0,58,58,4,3,0,11,55,26,7,55,24,1.36,8.51,3.65,4.06,4.21,,0.2,0.3,,999,14295
Amir Garrett,CIN,0,61,61,3,3,1,12,52,29,10,77,33,1.4,11.4,4.85,4.31,4.44,,0.2,0.2,,589.4,14375
Ryan Weathers,SDP,6,16,41,2,3,0,1,43,22,7,32,15,1.41,7,3.24,4.8,4.89,,0.2,0.1,,599.7,23796
Domingo Acevedo,OAK,0,62,62,3,3,0,14,57,28,9,64,21,1.26,9.25,3.11,4.02,4.15,,0.2,0.5,,601,17092
Kolby Allard,TEX,8,32,69,4,5,0,1,73,39,12,59,22,1.37,7.59,2.91,5.02,4.9,,0.2,0.2,,601,18694
Julio Teheran,,19,19,101,5,7,0,0,101,59,19,85,47,1.47,7.64,4.23,5.27,5.53,,0.2,0.2,,600.4,6797
D.L. Hall,BAL,5,5,25,1,2,0,0,23,14,4,26,15,1.54,9.46,5.55,4.91,5.08,,0.2,0.2,,600.5,sa3005282
Matt Moore,,21,21,105,5,7,0,0,111,63,20,90,47,1.51,7.7,4.05,5.43,5.44,,0.2,0.1,,999,1890
Austin Warren,LAA,0,61,61,4,4,1,12,58,30,8,60,29,1.43,8.87,4.26,4.41,4.52,,0.2,0.1,,999,24937
Wil Crowe,PIT,15,48,105,5,7,0,1,111,61,18,92,47,1.5,7.81,4.03,5.19,5.13,,0.2,0,,597.3,19800
Kenley Jansen,,0,67,67,4,3,0,0,54,28,10,84,26,1.19,11.32,3.47,3.75,3.89,,0.2,0.2,,93.3,3096
Reynaldo López,CHW,3,43,57,4,3,0,3,54,28,10,56,20,1.3,8.81,3.12,4.5,4.61,,0.2,0.2,,528.6,16400
José Quijada,LAA,0,56,56,3,3,0,9,48,25,8,68,29,1.37,10.89,4.71,4.09,4.31,,0.2,0.2,,999,19200
Julian Merryweather,TOR,0,54,54,3,2,2,9,52,25,7,54,19,1.31,9.07,3.16,4.16,4.06,,0.2,0.3,,586.7,16703
Spencer Patton,TEX,0,64,64,4,4,3,12,60,32,9,65,27,1.36,9.08,3.74,4.43,4.39,,0.2,0.1,,597.5,12361
Joe Kelly,,0,59,59,3,2,0,0,51,23,5,65,26,1.31,9.92,4,3.52,3.59,,0.2,0.2,,599.5,9761
Angel Zerpa,KCR,3,9,22,1,1,0,1,22,11,3,18,8,1.39,7.5,3.32,4.44,4.38,,0.2,0.3,,999,22717
Emilio Pagán,SDP,0,62,62,3,3,3,12,55,30,12,70,21,1.23,10.12,3.03,4.38,4.5,,0.2,0,,541.9,14771
Dinelson Lamet,SDP,0,52,52,3,2,8,5,43,21,7,65,20,1.21,11.28,3.52,3.6,3.65,,0.2,0.1,,391.7,17186
Ryan Feltner,COL,8,22,56,3,4,0,1,65,36,10,43,25,1.6,6.93,4.03,5.82,5.48,,0.2,0.1,,999,21446
Hirokazu Sawamura,BOS,0,56,56,3,2,0,11,50,26,7,63,29,1.41,10.16,4.69,4.16,4.2,,0.2,0.3,,589.6,27515
Robert Stephenson,COL,0,63,63,3,3,2,14,60,33,11,71,27,1.38,10.14,3.84,4.77,4.5,,0.2,0.3,,579.4,13594
Andre Jackson,LAD,6,16,43,2,2,0,1,44,24,7,38,20,1.46,7.89,4.07,5.05,5.14,,0.2,0,,598.9,21298
Alec Bettinger,MIL,3,15,30,2,2,0,1,31,16,5,25,9,1.36,7.49,2.75,4.85,4.85,,0.2,0.1,,999,20312
Collin McHugh,,0,63,63,4,3,0,0,55,26,9,70,20,1.18,10.04,2.81,3.75,3.78,,0.2,0.2,,527.3,7531
Luis García,SDP,0,60,60,3,3,1,14,54,28,8,63,26,1.34,9.51,3.97,4.25,4.27,,0.2,0,,560.8,6984
Peter Lambert,COL,16,22,87,3,5,0,1,105,57,17,62,32,1.58,6.42,3.3,5.97,5.5,,0.2,0.2,,600.8,17969
Jay Jackson,ATL,0,56,56,3,3,0,10,47,25,8,69,25,1.28,11.12,3.94,4.04,4.01,,0.2,0.2,,999,7432
Alex Faedo,DET,5,15,35,2,2,0,1,37,19,7,32,10,1.33,8.03,2.66,4.81,4.89,,0.2,0.2,,999,sa829855
Tony Santillan,CIN,3,51,65,3,3,0,6,59,34,11,74,32,1.41,10.23,4.45,4.74,4.75,,0.2,0.2,,599.8,19926
Jaime Barría,LAA,13,13,67,3,4,0,0,76,40,14,49,20,1.43,6.52,2.64,5.43,5.45,,0.2,0.1,,999,18356
Gregory Santos,SFG,2,20,27,2,2,0,1,25,13,3,28,11,1.34,9.11,3.75,4.22,4.12,,0.2,0.1,,999,21894
Cody Stashak,MIN,0,45,45,2,2,0,4,42,22,7,50,15,1.27,10.08,3.03,4.31,4.14,,0.2,0.1,,599.9,18088
Jordan Hicks,STL,0,57,57,2,2,3,11,47,24,6,63,32,1.39,9.92,5.01,3.87,4.05,,0.2,0.2,,507.9,19618
Darwinzon Hernandez,BOS,0,52,52,3,2,0,9,40,23,6,70,33,1.41,12.15,5.71,3.97,4.03,,0.2,0.4,,999,19848
Paul Blackburn,OAK,3,31,45,2,3,0,1,49,23,6,33,13,1.36,6.47,2.49,4.5,4.49,,0.2,0.2,,999,14739
Brent Suter,MIL,0,70,70,5,5,1,16,70,33,10,61,21,1.3,7.83,2.7,4.19,4.35,,0.2,0.4,,590,13942
Seranthony Domínguez,PHI,0,52,52,3,3,5,8,47,24,6,52,23,1.36,9,4.03,4.09,4.18,,0.2,0.2,,600.6,19249
Joe Mantiply,ARI,0,58,58,3,3,0,12,57,27,7,55,21,1.35,8.61,3.33,4.15,4.1,,0.2,0.2,,999,14857
Zach Logue,TOR,5,5,26,2,2,0,0,27,14,5,22,8,1.35,7.65,2.81,4.88,4.94,,0.1,0.2,,999,sa915822
Phil Bickford,LAD,0,56,56,4,3,0,13,49,26,8,62,22,1.27,9.95,3.49,4.12,4.25,,0.1,0.1,,599.9,18519
Steven Okert,MIA,0,56,56,3,3,0,10,50,26,9,61,21,1.26,9.8,3.34,4.13,4.28,,0.1,0,,999,13580
Caleb Ferguson,LAD,0,50,50,3,2,0,7,40,20,7,66,21,1.23,11.84,3.79,3.6,3.72,,0.1,0.1,,999,19349
Eli Morgan,CLE,6,42,69,3,4,0,1,71,38,14,63,21,1.34,8.23,2.76,4.99,4.98,,0.1,0.1,,596.2,20203
Brendan McKay,TBR,2,16,22,1,1,0,1,19,9,3,24,8,1.23,9.92,3.19,3.82,3.93,,0.1,0.1,,999,20186
Matt Harvey,,11,11,55,3,4,0,0,63,33,11,41,17,1.44,6.75,2.72,5.42,5.29,,0.1,0.1,,999,11713
Max Kranick,PIT,3,27,40,2,3,0,1,42,21,6,32,14,1.41,7.1,3.18,4.83,4.84,,0.1,0.1,,999,22175
Ryne Nelson,ARI,3,3,17,1,1,0,0,17,9,3,16,7,1.37,8.41,3.43,4.78,4.69,,0.1,0.1,,999,sa3011524
Jorge López,BAL,0,56,56,3,3,2,9,56,28,8,53,20,1.37,8.5,3.22,4.55,4.5,,0.1,0,,999,14527
David Robertson,,0,60,60,4,3,0,0,53,26,7,68,25,1.29,10.14,3.75,3.93,3.83,,0.1,0.1,,600.6,8241
Trevor Rosenthal,,0,59,59,3,3,0,0,47,25,7,77,35,1.38,11.8,5.35,3.81,3.93,,0.1,0.1,,519.4,10745
Brooks Raley,TBR,0,52,52,3,2,0,6,45,20,5,56,21,1.27,9.61,3.62,3.52,3.65,,0.1,0.1,,600.8,10061
J.B. Wendelken,ARI,0,60,60,4,4,1,13,58,31,8,58,26,1.41,8.66,3.93,4.58,4.48,,0.1,0,,594.9,14506
Joan Adon,WSN,5,5,26,1,2,0,0,27,15,4,21,12,1.51,7.38,4.06,5.14,5.07,,0.1,0.1,,600,22925
John King,TEX,0,55,55,4,4,0,11,55,25,7,48,18,1.33,7.88,2.93,4.09,4.16,,0.1,0.2,,999,22051
Drew Steckenrider,SEA,0,66,66,3,3,15,8,62,32,11,62,22,1.27,8.39,2.98,4.37,4.54,,0.1,0.1,,390.6,18806
Kirby Yates,ATL,0,36,36,3,1,2,1,30,15,5,46,12,1.18,11.62,3.12,3.64,3.52,,0.1,0.1,,585.3,9073
Colin Poche,TBR,0,44,44,3,3,0,4,35,18,6,55,17,1.17,11.22,3.4,3.78,3.89,,0.1,0.1,,999,19403
Ryan Brasier,BOS,0,64,64,4,3,2,15,63,31,9,60,23,1.34,8.49,3.25,4.29,4.27,,0.1,0.6,,601,5615
Alexander Wells,BAL,3,35,49,3,3,0,1,55,28,10,35,13,1.39,6.43,2.39,5.19,5.29,,0.1,0.1,,999,19845
Connor Thomas,STL,2,2,10,1,1,0,0,10,4,1,7,3,1.34,6.67,2.8,4.12,4.31,,0.1,0.1,,999,sa3010784
Mitch White,LAD,2,20,26,1,1,0,1,25,13,4,26,9,1.3,8.94,3.16,4.34,4.37,,0.1,0.1,,551.5,19225
Cionel Pérez,BAL,0,44,44,2,2,0,3,41,22,6,46,24,1.46,9.31,4.86,4.4,4.61,,0.1,0.1,,999,19614
Yimi García,TOR,0,60,60,5,4,1,12,55,29,10,64,19,1.23,9.54,2.9,4.29,4.34,,0.1,0.3,,575,12095
Griffin Jax,MIN,18,32,110,6,7,0,1,123,68,22,84,39,1.47,6.86,3.17,5.56,5.43,,0.1,0,,600,20253
Seth Romero,WSN,2,20,26,1,1,0,1,25,13,4,26,12,1.4,8.89,4.01,4.47,4.48,,0.1,0.1,,999,21333
Jarlín García,SFG,0,66,66,4,4,0,13,61,29,8,61,23,1.27,8.31,3.09,4.02,4.08,,0.1,0.2,,601,18282
Jimmy Lambert,CHW,5,35,53,3,3,0,1,52,29,10,53,24,1.43,8.99,4.11,4.91,5.04,,0.1,0.1,,999,19541
Jeffrey Springs,TBR,0,34,34,2,2,0,1,27,13,4,44,13,1.2,11.67,3.56,3.49,3.49,,0.1,0.1,,999,17677
José Ruiz,CHW,0,57,57,2,2,0,11,53,28,9,58,26,1.38,9.21,4.03,4.45,4.58,,0.1,0.1,,999,14552
Brad Wieck,CHC,0,55,55,3,3,1,11,46,26,9,68,26,1.31,11.21,4.24,4.31,4.29,,0.1,0.2,,999,16390
Caleb Kilian,CHC,2,2,8,1,0,0,0,9,4,1,7,2,1.3,7.27,2.37,4.33,4.38,,0.1,0.1,,999,sa3011773
Devin Smeltzer,MIN,2,18,25,1,1,0,1,26,13,4,20,8,1.35,7.21,2.75,4.73,4.73,,0.1,0.1,,999,19487
Brock Burke,TEX,2,16,22,1,1,0,1,21,11,3,21,8,1.36,8.65,3.38,4.38,4.41,,0.1,0.1,,999,17968
Chris Martin,,0,58,58,3,3,0,0,59,25,8,51,12,1.22,7.96,1.85,3.95,3.99,,0.1,0.1,,594.6,11847
Kutter Crawford,BOS,2,24,30,2,2,0,1,30,15,4,31,12,1.38,9.21,3.51,4.62,4.33,,0.1,0.2,,999,20531
Noé Ramirez,ARI,0,64,64,3,4,1,16,61,33,10,62,24,1.33,8.79,3.34,4.59,4.58,,0.1,0,,600.9,12800
Justin Bruihl,LAD,0,44,44,2,2,0,4,42,20,6,41,16,1.31,8.44,3.23,4,4.2,,0.1,0.1,,999,23779
Oliver Drake,TBR,0,43,43,2,2,0,0,39,19,5,43,16,1.27,9.06,3.38,3.97,3.93,,0.1,0.1,,999,8823
Patrick Murphy,WSN,0,53,53,3,3,0,10,52,26,7,50,23,1.4,8.43,3.84,4.49,4.45,,0.1,0,,999,19712
Ryan Tepera,,0,66,66,3,2,0,0,58,31,10,73,27,1.29,10,3.71,4.23,4.28,,0.1,0.1,,578.8,10291
Joe Jiménez,DET,0,54,54,3,4,0,9,47,27,8,63,26,1.37,10.45,4.4,4.52,4.57,,0.1,0.1,,999,15761
Tony Watson,,0,60,60,5,4,0,0,57,27,7,52,19,1.27,7.82,2.84,4.11,4.1,,0.1,0.1,,999,3132
Dominic Leone,SFG,0,62,62,4,4,0,13,56,29,8,68,28,1.35,9.85,4.12,4.23,4.15,,0.1,0.1,,596.6,13763
Keegan Thompson,CHC,10,52,88,5,5,0,4,89,49,15,83,41,1.47,8.44,4.15,5.01,5.06,,0.1,0.1,,999,19795
Justus Sheffield,SEA,3,39,53,3,4,0,1,53,26,7,48,24,1.46,8.15,4.09,4.48,4.64,,0.1,0.2,,600.8,17285
Tommy Romero,TBR,2,8,14,1,1,0,1,13,7,2,15,5,1.26,9.14,3.11,4.15,4.28,,0.1,0.1,,595.7,sa3004469
Jesse Hahn,,0,47,47,4,4,0,0,42,23,6,53,26,1.45,10.24,4.94,4.37,4.25,,0.1,0,,999,13287
Adam Oller,NYM,3,15,29,2,2,0,1,29,15,5,27,12,1.41,8.17,3.72,4.74,4.82,,0.1,0,,999,sa913099
Drew Pomeranz,SDP,0,34,34,2,2,0,1,28,14,4,42,16,1.32,11.02,4.37,3.8,3.76,,0.1,0.1,,574,11426
Manuel Rodríguez,CHC,0,58,58,4,4,2,12,56,29,7,54,29,1.45,8.41,4.46,4.44,4.61,,0.1,0.1,,999,20794
Cory Abbott,CHC,3,11,26,1,2,0,1,26,15,5,25,13,1.48,8.64,4.36,5.16,5.2,,0.1,0,,999,20277
Anthony Misiewicz,SEA,0,58,58,4,4,1,11,57,27,9,57,17,1.28,8.83,2.7,4.22,4.29,,0.1,0.1,,999,18152
Ty Blach,,3,3,16,1,1,0,0,21,11,3,10,5,1.6,5.44,2.95,5.97,5.31,,0.1,0,,999,14361
Keone Kela,,0,37,37,2,2,0,0,32,17,6,44,14,1.23,10.76,3.3,4.04,3.93,,0.1,0.1,,999,14696
Daniel Norris,,0,57,57,3,2,0,0,53,25,8,59,22,1.32,9.32,3.51,4.02,4.1,,0.1,0.1,,999,13475
Austin Adams,SDP,0,46,46,2,2,0,4,37,20,5,59,25,1.37,11.54,4.96,3.83,4.11,,0.1,0.1,,599.8,13801
Danny Coulombe,MIN,0,40,40,3,2,0,1,39,18,5,39,13,1.3,8.81,3.03,4.07,4.07,,0.1,0,,999,13293
Javy Guerra,SDP,0,38,38,1,1,0,1,35,18,5,37,15,1.32,8.77,3.56,4.15,4.14,,0.1,0,,999,17292
Lucas Luetge,NYY,0,49,49,3,2,0,6,47,23,7,49,15,1.28,8.93,2.8,4.15,4.23,,0.1,0.1,,999,8337
Jeurys Familia,,0,65,65,3,3,0,0,60,30,8,66,30,1.39,9.11,4.17,4.14,4.21,,0.1,0.1,,600.7,5114
Miguel Yajure,PIT,3,33,47,2,3,0,1,48,25,7,38,17,1.41,7.27,3.3,4.83,4.84,,0.1,0,,597,21111
Nick Margevicius,SEA,2,16,23,1,2,0,1,23,11,3,19,7,1.34,7.57,2.82,4.55,4.56,,0.1,0,,999,20395
Graham Ashcraft,CIN,2,2,8,1,1,0,0,9,5,1,7,3,1.46,7.68,3.65,4.96,4.88,,0.1,0,,999,sa918274
Jharel Cotton,MIN,0,58,58,3,3,0,11,56,30,9,59,26,1.41,9.1,4.06,4.63,4.64,,0.1,0,,600,13654
Adam Morgan,,0,56,56,3,3,0,0,51,26,8,58,23,1.32,9.35,3.65,4.2,4.25,,0.1,0.1,,999,12580
Connor Seabold,BOS,5,11,31,2,2,0,1,33,18,5,24,11,1.44,7.17,3.25,5.32,5.04,,0.1,0.2,,999,19695
Kyle McGowin,,0,41,41,2,2,0,0,38,20,6,43,15,1.3,9.44,3.28,4.31,4.28,,0.1,0,,999,15071
Tommy Hunter,,0,42,42,2,2,0,0,41,19,5,35,12,1.28,7.56,2.65,4.09,4.15,,0.1,0,,999,1157
Alan Rangel,ATL,2,12,18,1,1,0,1,19,10,3,16,7,1.38,7.98,3.21,4.66,4.61,,0.1,0,,999,sa877578
José Álvarez,SFG,0,52,52,3,3,0,7,52,23,5,41,19,1.37,7.12,3.26,4.05,4.13,,0.1,0,,999,5358
Brad Hand,,0,67,67,5,4,0,0,60,30,10,73,26,1.28,9.82,3.5,4.06,4.25,,0.1,0.1,,519.8,9111
Anthony Bass,MIA,0,63,63,4,4,2,13,59,29,9,60,25,1.33,8.54,3.5,4.2,4.32,,0.1,0,,600.8,7982
José Leclerc,TEX,0,36,36,2,2,0,1,28,15,5,47,18,1.28,11.63,4.46,3.87,3.99,,0.1,0.1,,599.9,14524
Darren O'Day,ATL,0,26,26,2,1,0,1,24,12,3,28,9,1.25,9.6,3.02,4.15,3.96,,0.1,0.1,,999,3321
Joel Payamps,KCR,0,52,52,3,3,0,6,53,26,7,44,17,1.35,7.56,2.9,4.51,4.41,,0.1,0,,999,14332
Matt Strahm,,0,42,42,3,2,0,0,40,19,6,41,11,1.21,8.74,2.3,3.98,4.04,,0.1,0.1,,999,13799
Gabe Speier,KCR,0,54,54,2,2,0,9,54,26,7,49,20,1.37,8.22,3.33,4.35,4.31,,0.1,0.2,,999,17170
Thomas Hatch,TOR,2,28,34,2,2,0,1,35,18,6,31,13,1.39,8.03,3.38,4.82,4.86,,0.1,0,,999,19264
Ian Kennedy,,0,62,62,3,3,0,0,58,31,12,68,21,1.27,9.89,3,4.43,4.49,,0.1,0,,351.8,6986
Andrés Muñoz,SEA,0,46,46,3,3,1,5,36,20,7,63,24,1.31,12.26,4.7,3.82,3.99,,0.1,0.1,,555.7,20373
Austin Davis,BOS,0,48,48,2,2,0,6,45,24,6,49,23,1.42,9.22,4.23,4.52,4.35,,0.1,0,,999,17117
Hansel Robles,,0,68,68,4,3,0,0,63,33,10,73,29,1.35,9.65,3.84,4.38,4.36,,0.1,0.1,,600.1,11801
Rafael Montero,HOU,0,46,46,3,3,0,5,45,21,6,44,15,1.3,8.58,2.94,4.08,4.17,,0.1,0.1,,999,12760
Garrett Hill,DET,2,2,8,0,1,0,0,8,4,1,7,4,1.47,7.43,3.96,4.84,4.84,,0.1,0,,999,sa3007259
Jake Latz,TEX,2,2,8,0,0,0,0,8,5,1,7,4,1.46,8.14,4.05,4.92,4.97,,0.1,0,,999,21306
Clarke Schmidt,NYY,2,10,16,1,1,0,1,16,8,2,14,7,1.44,8,3.82,4.68,4.77,,0.1,0,,598.7,19899
Chaz Roe,,0,45,45,2,2,0,0,40,20,5,48,21,1.37,9.63,4.25,4.04,4.11,,0.1,0.1,,999,9866
Ben Leeper,CHC,0,34,34,3,2,0,1,31,16,5,38,14,1.32,10.05,3.81,4.11,4.12,,0.1,0,,999,sa3014907
Alex Colomé,,0,68,68,4,3,0,0,66,31,8,61,25,1.35,8.05,3.36,4.14,4.24,,0.1,0.1,,503.3,6661
Derek Holland,,0,60,60,3,3,0,0,56,28,9,63,23,1.32,9.39,3.48,4.19,4.35,,0.1,0.1,,999,4141
Ethan Roberts,CHC,0,35,35,2,2,0,1,34,16,4,33,13,1.34,8.44,3.3,4.19,4.15,,0.1,0,,999,sa3008132
Louis Head,MIA,0,52,52,2,2,0,7,48,24,7,51,19,1.3,8.8,3.37,4.19,4.32,,0.1,0,,598.2,13259
Lou Trivino,OAK,0,70,70,5,5,24,4,63,33,9,68,33,1.37,8.7,4.2,4.19,4.36,,0.1,0.3,,254.5,15043
Ryan Sherriff,PHI,0,58,58,6,5,0,12,56,28,7,52,27,1.43,8.13,4.21,4.28,4.5,,0.1,0.1,,999,12249
Jovani Moran,MIN,0,46,46,2,2,0,6,39,21,5,55,27,1.43,10.79,5.2,4.12,4.15,,0.1,0.1,,999,20422
Cole Sands,MIN,2,2,8,0,0,0,0,8,4,1,7,3,1.45,7.99,3.82,4.98,4.9,,0.1,0,,999,sa3008611
Francisco Perez,WSN,0,42,42,2,2,0,4,38,20,6,45,21,1.4,9.71,4.43,4.35,4.35,,0.1,0,,999,21018
Erik Swanson,SEA,0,40,40,2,2,0,3,37,20,7,41,13,1.25,9.3,2.84,4.42,4.45,,0,0,,596.3,16587
Packy Naughton,LAA,2,24,31,2,2,0,1,33,16,5,23,10,1.4,6.7,2.89,4.82,4.87,,0,0.1,,999,23292
Ronald Bolaños,KCR,2,24,30,2,2,0,1,30,16,4,26,16,1.54,7.78,4.73,4.94,4.89,,0,0,,999,20041
Ryan Borucki,TOR,0,46,46,3,2,0,6,43,22,6,45,20,1.38,8.78,3.98,4.23,4.23,,0,0.1,,999,16350
Jace Fry,,0,41,41,2,2,0,0,36,19,4,45,23,1.43,9.93,5,4.06,4.15,,0,0.1,,999,16159
Braxton Garrett,MIA,2,10,16,1,1,0,1,16,8,2,14,7,1.43,7.85,3.83,4.52,4.61,,0,0.1,,999,21844
Jonathan Stiever,CHW,5,21,41,2,3,0,1,44,24,9,36,13,1.38,7.91,2.91,5.32,5.38,,0,0,,999,24584
Johan Oviedo,STL,3,25,39,2,2,0,1,38,20,5,34,19,1.47,7.86,4.41,4.61,4.83,,0,0.1,,999,22487
Hoby Milner,MIL,0,30,30,1,1,0,1,28,13,5,33,9,1.22,10.05,2.65,3.92,4.07,,0,0.1,,999,13346
Victor González,LAD,0,36,36,2,2,0,1,34,16,4,35,15,1.35,8.84,3.72,3.9,4.13,,0,0,,999,16408
John Brebbia,SFG,0,42,42,2,2,0,1,38,19,6,48,15,1.26,10.21,3.19,4.03,4.08,,0,0,,999,12777
Heath Hembree,,0,58,58,3,4,0,0,50,28,10,72,25,1.29,11.21,3.85,4.41,4.44,,0,0,,999,11632
Andrew Wantz,LAA,0,58,58,3,3,0,11,55,30,10,61,25,1.37,9.48,3.83,4.64,4.74,,0,0,,999,24933
Drew Strotman,MIN,3,3,17,1,1,0,0,18,10,3,13,8,1.59,6.84,4.56,5.35,5.3,,0,0.1,,999,sa3004584
Cristopher Sánchez,PHI,0,24,24,1,1,0,1,22,11,3,24,12,1.43,9.15,4.58,4.18,4.29,,0,0,,999,20778
David Phelps,TOR,0,24,24,2,1,0,1,22,11,3,27,9,1.27,10.15,3.32,4.03,4.03,,0,0,,999,6316
Blake Parker,,0,50,50,2,2,0,0,49,25,8,48,19,1.35,8.64,3.41,4.48,4.51,,0,0,,999,5224
Sean Poppen,ARI,0,42,42,2,2,0,4,42,21,5,40,18,1.43,8.56,3.91,4.43,4.31,,0,0,,999,19583
Carlos Estévez,COL,0,63,63,3,3,19,5,67,35,11,63,23,1.43,8.93,3.31,5.01,4.68,,0,0.2,,458.1,14542
Jacob Barnes,TOR,0,34,34,2,2,0,1,33,16,5,33,14,1.39,8.66,3.66,4.36,4.34,,0,0,,999,12323
Humberto Castellanos,ARI,2,2,9,0,1,0,0,10,5,2,7,3,1.41,6.83,2.9,5.1,5.04,,0,0.1,,999,21183
Trey Wingenter,CIN,0,32,32,2,2,0,1,26,16,5,42,17,1.36,11.89,4.88,4.41,4.42,,0,0,,999,17793
Nick Anderson,TBR,0,20,20,1,1,0,1,17,9,3,22,6,1.19,9.93,2.83,3.83,3.96,,0,0,,599.6,18337
Aaron Sanchez,,15,15,72,3,5,0,0,79,43,11,50,35,1.59,6.22,4.39,5.41,5.44,,0,0.1,,599.6,11490
James McArthur,PHI,2,2,8,0,1,0,0,9,5,1,7,4,1.52,7.25,4.34,5.15,5.19,,0,0,,999,sa3007715
Scott Oberg,COL,0,16,16,1,1,0,1,16,8,2,15,6,1.37,8.49,3.32,4.39,4.13,,0,0,,999,13911
Dylan Lee,ATL,0,44,44,3,2,0,4,42,21,6,43,16,1.31,8.83,3.24,4.23,4.25,,0,0.1,,999,19996
Sean Doolittle,,0,54,54,3,3,0,0,51,27,10,56,19,1.29,9.26,3.16,4.46,4.6,,0,0,,999,1581
Anthony Kay,TOR,2,10,16,1,1,0,1,16,9,3,16,8,1.45,8.82,4.25,4.78,4.88,,0,0,,999,20387
Angel Perdomo,MIL,0,38,38,2,2,0,1,30,17,5,51,24,1.41,12.09,5.67,4.09,4.26,,0,0,,999,17759
Wyatt Mills,SEA,0,22,22,1,1,0,1,20,9,3,23,8,1.3,9.32,3.47,3.88,4.01,,0,0,,999,20010
Scott Moss,PHI,2,2,8,1,1,0,0,8,5,1,8,5,1.52,9.03,4.99,5.08,5.24,,0,0,,999,sa738902
Jhoan Duran,MIN,0,28,28,2,2,0,1,26,13,3,28,13,1.4,9.12,4.16,4.23,4.25,,0,0,,999,sa873347
Sean Newcomb,ATL,0,40,40,2,2,0,1,36,19,5,44,19,1.36,9.88,4.21,4.2,4.25,,0,0,,599.6,16943
Miguel Del Pozo,DET,0,46,46,2,3,0,5,44,24,7,46,22,1.45,9.02,4.36,4.63,4.59,,0,0,,999,18792
Dany Jiménez,OAK,0,22,22,1,1,0,1,18,9,3,26,11,1.32,10.65,4.37,3.82,4.02,,0,0,,999,21170
Luke Barker,MIL,0,21,21,2,1,0,1,19,10,3,22,6,1.24,9.42,2.78,4.09,4.16,,0,0,,999,sa977837
Wander Suero,,0,41,41,3,2,0,0,40,20,7,41,15,1.34,8.97,3.32,4.49,4.54,,0,0,,999,15855
Dylan File,MIL,2,10,16,1,1,0,1,18,9,3,13,5,1.37,7.02,2.58,5.02,5.05,,0,0,,999,sa3004197
Sam Howard,PIT,0,58,58,3,3,0,11,51,28,9,69,31,1.41,10.77,4.89,4.38,4.55,,0,0.1,,999,16265
Mitchell Stumpo,ARI,0,18,18,1,1,0,1,17,8,2,17,7,1.34,8.7,3.47,4.08,4.04,,0,0,,999,sa3011585
Joe Smith,,0,48,48,3,3,0,0,49,22,7,40,12,1.28,7.43,2.3,4.19,4.36,,0,0,,999,3281
Jesse Chavez,,0,56,56,3,2,0,0,55,27,8,52,18,1.3,8.37,2.88,4.32,4.33,,0,0,,999,5448
Humberto Mejía,ARI,2,2,8,0,1,0,0,9,5,1,7,3,1.45,7.2,3.27,5.21,5.08,,0,0,,999,20739
Ryan Pepiot,LAD,2,2,8,0,1,0,0,8,5,2,8,4,1.44,8.6,3.97,5.05,5.17,,0,0,,600.7,sa3011244
Josh James,HOU,0,24,24,1,1,0,1,20,11,4,30,13,1.38,11.09,4.82,4.27,4.41,,0,0,,999,16794
Justin Topa,MIL,0,27,27,1,2,0,1,28,14,4,23,9,1.39,7.66,3.16,4.68,4.51,,0,0,,999,15145
Michael Feliz,BOS,0,38,38,2,2,2,1,37,20,6,39,16,1.39,9.18,3.68,4.81,4.52,,0,0,,999,11903
Bowden Francis,TOR,3,3,17,1,1,0,0,18,10,3,15,7,1.44,7.75,3.68,5.27,5.35,,0,0.1,,999,sa918451
J.P. France,HOU,2,2,9,1,1,0,0,9,5,2,8,4,1.46,8.58,4.36,5.03,5.22,,0,0.1,,999,sa3008310
Hans Crouse,PHI,6,6,31,2,2,0,0,33,19,6,26,14,1.5,7.45,4.05,5.57,5.66,,0,0,,999,22192
Kirby Snead,TOR,0,12,12,1,1,0,1,11,5,1,13,5,1.32,9.47,3.66,3.91,4.03,,0,0,,999,19179
Matt Frisbee,SFG,2,2,9,1,1,0,0,10,5,2,7,3,1.37,6.73,2.68,5,4.99,,0,0.1,,999,sa3006801
Darien Núñez,LAD,0,12,12,1,1,0,1,10,5,2,15,5,1.26,11.45,3.99,3.79,3.9,,0,0,,999,21197
James Norwood,SDP,0,12,12,1,1,0,1,10,5,2,14,6,1.39,10.77,4.84,4.01,4.16,,0,0,,999,16440
Logan Allen,CLE,3,47,60,3,4,0,6,62,32,9,51,25,1.46,7.68,3.81,4.81,4.83,,0,0.1,,600.8,18555
Ryan Weiss,ARI,0,30,30,2,1,0,1,30,15,4,27,12,1.38,8.2,3.49,4.37,4.29,,0,0,,999,sa3007778
Brad Boxberger,,0,65,65,4,4,0,0,56,32,10,77,32,1.36,10.72,4.48,4.44,4.53,,0,0,,570.4,10133
Tommy Nance,CHC,0,46,46,2,2,0,6,44,22,6,45,20,1.39,8.84,3.99,4.28,4.38,,0,0,,999,19178
Steven Wilson,SDP,0,10,10,1,0,0,1,8,4,1,12,4,1.27,11.04,3.99,3.78,3.92,,0,0,,999,sa3006795
Cam Bedrosian,,0,35,35,1,2,0,1,34,18,5,33,15,1.42,8.39,3.95,4.69,4.71,,0,0,,999,13360
José Castillo,,0,6,6,0,0,0,1,5,2,1,8,3,1.2,11.62,3.79,3.39,3.53,,0,0,,999,17169
Carl Edwards Jr.,,0,15,15,1,1,0,1,13,8,2,16,7,1.39,9.7,4.45,4.55,4.46,,0,0,,999,13607
Patrick Ruotolo,SFG,0,27,27,1,2,0,1,25,12,4,28,10,1.3,9.26,3.5,4.1,4.14,,0,0,,999,sa856262
Sean Guenther,MIA,0,26,26,1,1,0,1,26,12,3,22,9,1.34,7.6,3.03,4.18,4.31,,0,0,,999,20045
Phoenix Sanders,TBR,0,12,12,1,1,0,1,11,5,2,12,4,1.26,9.33,3.26,3.8,3.95,,0,0,,999,sa3004098
Dauri Moreta,CIN,0,44,44,2,2,0,4,43,23,7,42,16,1.34,8.66,3.19,4.66,4.61,,0,0,,597.8,21101
Blake Cederlind,PIT,0,36,36,2,2,0,1,35,18,4,34,18,1.46,8.61,4.46,4.54,4.42,,0,0,,999,20344
Matt Swarmer,CHC,2,2,9,0,1,0,0,10,5,2,7,3,1.42,7.23,2.99,5.32,5.36,,0,0,,999,sa918458
Touki Toussaint,ATL,2,54,60,3,3,0,7,57,31,9,63,30,1.45,9.45,4.54,4.69,4.74,,0,0,,599.5,16929
Adam Kolarek,OAK,0,37,37,2,1,0,1,39,17,3,24,13,1.41,5.81,3.27,4.12,4.33,,0,0,,999,10843
Archie Bradley,,0,61,61,4,4,0,0,61,30,8,54,25,1.41,7.94,3.67,4.43,4.62,,0,0,,600.7,12918
Jalen Beeks,TBR,0,38,38,2,2,0,1,37,17,5,36,15,1.36,8.48,3.43,4.07,4.25,,0,0,,999,17192
Seth Martinez,HOU,0,14,14,1,1,0,1,13,7,2,14,6,1.34,9,3.57,4.36,4.44,,0,0,,999,21045
Nic Enright,CLE,0,28,28,2,2,0,1,26,13,4,29,11,1.32,9.41,3.52,4.33,4.35,,0,0,,999,sa3010299
Gerardo Carrillo,WSN,2,14,20,1,1,0,1,21,11,3,16,10,1.56,7.28,4.66,5.16,5.21,,0,0,,999,sa3002790
Zach Pop,MIA,0,58,58,2,2,0,12,55,26,6,54,24,1.37,8.44,3.8,4.09,4.27,,0,0,,999,20185
Bryan Abreu,HOU,0,22,22,1,1,0,1,19,10,3,25,13,1.47,10.25,5.47,4.24,4.4,,0,0,,999,16609
Daniel Tillo,KCR,2,2,8,0,1,0,0,9,5,1,5,4,1.67,5.39,4.91,5.3,5.32,,0,0,,999,sa876284
Matt Foster,CHW,0,32,32,2,2,0,1,30,16,6,33,12,1.32,9.24,3.38,4.48,4.66,,0,0,,999,19647
Alexis Diaz,CIN,0,28,28,2,2,0,1,26,14,4,31,15,1.46,9.85,4.92,4.64,4.67,,0,0,,999,sa875576
Yoan López,PHI,0,14,14,1,1,0,1,14,7,2,13,6,1.38,8.43,3.57,4.54,4.6,,0,0,,999,17181
Víctor Arano,WSN,0,12,12,1,0,0,1,11,6,2,13,5,1.37,9.39,3.92,4.47,4.42,,0,0,,999,15915
Hunter Strickland,,0,58,58,3,3,0,0,56,30,10,57,23,1.36,8.79,3.6,4.65,4.73,,0,0,,599.9,7836
Greg Holland,,0,52,52,3,3,0,0,49,27,7,52,26,1.44,9.04,4.42,4.6,4.51,,0,0,,600.3,7196
Nick Wittgren,CLE,0,57,57,4,3,0,0,55,28,9,57,19,1.31,8.92,3.03,4.42,4.44,,0,0,,999,15594
Nick Vincent,,0,25,25,1,1,0,0,25,13,4,22,8,1.34,7.89,2.95,4.64,4.68,,0,0,,999,7555
Taylor Cole,,0,14,14,1,1,0,1,14,7,2,13,6,1.42,8.2,3.64,4.44,4.34,,0,0,,999,11964
Sergio Romo,,0,64,64,2,2,0,0,63,33,11,60,23,1.35,8.4,3.28,4.61,4.67,,0,0,,600.5,9817
Dellin Betances,,0,42,42,2,3,0,0,36,20,6,48,22,1.39,10.33,4.72,4.21,4.42,,0,0,,999,6216
Brian Howard,OAK,2,10,17,1,1,0,1,18,9,3,13,6,1.41,6.83,3.16,4.96,5.09,,0,0,,999,sa918377
Evan Phillips,LAD,0,40,40,2,2,0,1,37,19,6,45,19,1.39,10.1,4.21,4.3,4.47,,0,0,,999,17734
Justin Anderson,TEX,0,36,36,1,1,0,1,31,18,4,41,21,1.47,10.22,5.37,4.43,4.45,,0,0,,999,16201
Janson Junk,LAA,3,3,17,1,1,0,0,18,10,3,13,7,1.52,6.79,3.68,5.49,5.5,,0,0,,999,23301
Drew Smith,NYM,0,60,60,3,3,0,12,56,29,10,60,24,1.32,9.07,3.53,4.42,4.62,,0,-0.1,,999,17755
Enyel De Los Santos,CLE,0,8,8,0,0,0,1,8,4,1,9,3,1.35,9.81,3.69,4.43,4.46,,0,0,,999,18403
Bennett Sousa,CHW,0,8,8,0,0,0,1,8,4,1,8,3,1.33,8.97,3.45,4.34,4.46,,0,0,,999,sa913181
Sam Clay,WSN,0,35,35,2,2,0,1,36,18,4,28,17,1.52,7.24,4.38,4.52,4.53,,0,0,,999,16279
Trent Thornton,TOR,0,32,32,2,1,0,1,32,16,5,31,11,1.35,8.69,3.17,4.59,4.59,,0,0,,999,17948
J.P. Feyereisen,TBR,0,58,58,4,4,1,11,50,28,8,63,30,1.38,9.73,4.69,4.3,4.49,,0,0,,597.4,16610
Edwin Uceta,ARI,0,4,4,0,0,0,1,4,2,1,4,2,1.39,9.37,4.03,4.52,4.39,,0,0,,999,20539
Ben Bowden,COL,0,34,34,2,2,0,1,34,20,6,38,18,1.54,10.05,4.86,5.24,5,,0,0,,999,20198
Garrett Cleavinger,LAD,0,20,20,1,1,0,1,17,9,3,24,12,1.42,10.91,5.3,4.26,4.43,,0,0,,999,17897
Shane Greene,,0,42,42,2,2,0,0,41,21,7,40,16,1.35,8.47,3.34,4.61,4.76,,0,0,,999,10756
Yohan Ramirez,SEA,0,28,28,1,2,0,1,23,14,4,34,18,1.47,10.92,5.9,4.38,4.65,,0,0,,599.4,19444
Eric Orze,NYM,0,10,10,1,1,0,1,9,5,1,10,4,1.33,8.87,3.5,4.19,4.38,,0,0,,999,sa3014793
Peter Solomon,HOU,0,11,11,1,0,0,1,10,5,2,11,5,1.37,8.82,3.76,4.46,4.58,,0,0,,999,20476
Penn Murfee,SEA,0,4,4,0,0,0,1,4,2,1,4,2,1.34,8.76,3.44,4.25,4.34,,0,0,,999,sa3006775
Brooks Wilson,ATL,0,12,12,1,1,0,1,12,6,2,12,5,1.38,9,3.68,4.49,4.46,,0,0,,999,sa3006966
Mike Baumann,BAL,2,44,50,2,3,0,1,52,28,8,41,24,1.51,7.47,4.28,5.14,5.17,,0,-0.1,,999,20206
Alberto Baldonado,WSN,0,13,13,1,1,0,1,13,7,2,13,6,1.44,9.11,4.19,4.77,4.84,,0,0,,999,11812
Ian Krol,DET,0,34,34,1,1,0,0,32,16,5,33,15,1.4,8.65,4.04,4.32,4.47,,0,0,,999,10066
Yennier Cano,MIN,0,34,34,2,2,0,1,33,17,4,32,18,1.49,8.59,4.68,4.6,4.58,,0,0,,999,sa3011688
Tyler Zuber,KCR,0,35,35,2,2,0,1,33,19,5,36,19,1.47,9.33,4.86,4.76,4.76,,0,0,,999,20379
Luis Frías,ARI,0,16,16,1,1,0,1,15,8,2,15,7,1.39,8.58,3.88,4.43,4.39,,0,0,,999,21997
Luis Avilán,WSN,0,26,26,1,1,0,1,26,14,4,24,12,1.45,8.17,4.06,4.82,4.87,,0,0,,999,2882
Keynan Middleton,,0,22,22,1,1,0,1,21,11,3,22,11,1.43,9.05,4.41,4.66,4.49,,0,0,,999,15264
Stephen Ridings,NYY,0,20,20,1,1,0,1,18,10,3,22,10,1.43,10.02,4.62,4.62,4.56,,0,0,,999,22358
Deivi García,NYY,2,2,8,0,1,0,0,8,5,2,7,5,1.6,8.07,5.1,5.67,5.8,,0,0,,597.3,20276
Anthony Castro,TOR,0,40,40,2,2,0,3,37,21,6,42,21,1.46,9.51,4.75,4.68,4.74,,0,0,,999,19789
Michel Baez,SDP,0,4,4,0,0,0,1,4,2,1,4,2,1.42,9.2,4.56,4.24,4.47,,0,0,,999,20100
Konnor Pilkington,CLE,0,25,25,2,2,0,1,24,12,4,25,11,1.39,8.94,3.95,4.38,4.51,,0,0,,999,sa3008371
Jhonathan Diaz,LAA,0,30,30,2,2,0,1,30,15,4,26,12,1.41,7.8,3.59,4.53,4.6,,0,0,,999,20298
Nick Robertson,LAD,0,4,4,0,0,0,1,4,2,1,3,1,1.36,7.8,3.17,4.48,4.55,,0,0,,999,sa3011248
Logan Gillaspie,BAL,0,12,12,1,1,0,1,13,6,2,9,4,1.41,7.09,3.22,4.77,4.89,,0,0,,999,sa3008386
Tayler Saucedo,TOR,0,15,15,1,1,0,1,15,8,2,13,6,1.41,7.75,3.66,4.54,4.68,,0,0,,999,17888
Scott Engler,TEX,0,10,10,0,0,0,1,10,5,1,9,5,1.45,8.55,4.31,4.59,4.54,,0,0,,999,sa918353
Richard Rodríguez,,0,65,65,4,4,0,0,64,33,12,60,18,1.27,8.26,2.53,4.6,4.76,,0,0,,540.1,13549
Bryan Baker,BAL,0,22,22,1,2,0,1,21,12,4,23,13,1.53,9.34,5.24,5.04,5.11,,0,0,,999,19804
Jonathan Hernández,TEX,0,38,38,2,3,0,1,37,19,5,37,17,1.43,8.72,4.02,4.59,4.54,,0,0,,999,17464
Cooper Criswell,LAA,0,4,4,0,0,0,1,4,2,1,3,1,1.34,7.21,2.32,4.73,4.68,,0,0,,999,24975
Kodi Whitley,STL,0,46,46,2,2,0,6,42,22,7,46,20,1.34,8.97,3.85,4.26,4.43,,0,0,,999,19731
Rio Gomez,BOS,0,8,8,0,0,0,1,8,4,1,7,3,1.44,7.96,3.81,4.67,4.59,,0,0,,999,sa3004676
Marcos Diplán,BAL,0,8,8,0,1,0,1,8,4,1,8,4,1.49,8.77,4.77,4.9,5.05,,0,0,,999,17583
Jake Bird,COL,0,12,12,1,1,0,1,13,7,1,9,6,1.61,6.94,4.52,5.16,4.9,,0,0,,999,sa3008097
Daniel Castano,MIA,0,6,6,0,0,0,1,6,3,1,4,2,1.37,6.16,2.74,4.48,4.65,,0,0,,999,19805
Angel Rondón,STL,0,12,12,1,1,0,1,12,6,2,10,4,1.35,7.19,3.02,4.48,4.72,,0,0,,999,22036
Matt Bowman,NYY,0,12,12,0,1,0,1,12,6,2,11,6,1.48,7.9,4.42,4.63,4.74,,0,0,,999,13528
Shaun Anderson,TOR,0,6,6,0,0,0,1,6,3,1,5,2,1.44,7.93,3.62,4.89,4.9,,0,0,,999,19453
Angel De Jesus,DET,0,32,32,2,2,0,1,30,16,4,31,17,1.49,8.65,4.84,4.62,4.64,,0,0,,999,sa921876
Nabil Crismatt,SDP,0,33,33,1,1,0,1,33,16,5,30,11,1.32,8.21,2.92,4.35,4.49,,0,0,,999,17732
Oliver Ortega,LAA,0,14,14,1,1,0,1,14,7,2,13,7,1.47,8.47,4.45,4.63,4.75,,0,0,,999,21025
Cayne Ueckert,CHC,0,6,6,0,0,0,1,6,3,1,6,3,1.51,8.26,4.83,4.81,4.79,,0,0,,999,sa3010789
Geoff Hartlieb,BOS,0,12,12,1,1,0,1,12,7,1,11,7,1.57,8.36,5.07,4.97,4.64,,0,0,,999,19558
Allan Winans,ATL,0,4,4,0,0,0,1,4,2,1,3,2,1.47,7.5,4.09,4.63,4.73,,0,0,,999,sa3007580
Ricardo Pinto,,0,4,4,0,0,0,1,4,2,1,3,2,1.47,6.59,3.56,4.89,4.9,,0,0,,999,16318
Zach Jackson,OAK,0,4,4,0,0,0,1,4,2,1,4,2,1.48,8.46,4.82,4.58,4.73,,0,0,,999,sa874174
Andre Scrubb,HOU,0,4,4,0,0,0,1,4,2,1,4,3,1.57,9.01,5.78,4.92,5.05,,0,0,,999,20329
Jonathan Holder,CHC,0,30,30,2,2,0,1,30,16,5,26,11,1.38,7.9,3.39,4.79,4.65,,0,0,,999,16588
Joey Gerber,SEA,0,10,10,0,0,0,1,9,5,1,10,5,1.41,8.81,4.2,4.41,4.62,,0,0,,999,24591
Junior Fernández,STL,0,42,42,2,2,0,4,38,19,5,41,21,1.41,8.68,4.51,4.16,4.37,,0,0,,999,18496
Kyle Dohy,,0,6,6,0,0,0,1,5,3,1,7,4,1.55,10,6.09,4.7,4.85,,0,0,,999,20334
Arodys Vizcaíno,,0,14,14,1,1,0,1,13,7,2,15,7,1.41,9.35,4.21,4.48,4.67,,0,0,,999,5498
Tyler Johnson,CHW,0,12,12,1,1,0,1,11,6,2,12,6,1.49,8.83,4.85,4.66,4.86,,0,0,,999,sa915688
Elvis Peguero,LAA,0,6,6,0,0,0,1,6,3,1,5,3,1.47,7.6,3.89,4.78,4.83,,0,0,,999,21652
Logan Verrett,,0,6,6,0,0,0,1,7,3,1,4,1,1.31,6.19,1.6,4.92,4.95,,0,0,,999,12905
Alex Claudio,NYM,0,28,28,1,1,0,1,29,13,3,22,10,1.39,6.96,3.31,4.21,4.41,,0,0,,999,12890
Trevor Stephan,CLE,0,62,62,3,3,0,12,57,32,11,70,28,1.37,10.19,4.03,4.62,4.61,,0,0,,999,19932
Jose Marte,LAA,0,8,8,0,1,0,1,8,4,1,8,5,1.57,8.93,5.54,5,5.07,,0,0,,999,21761
Johan Quezada,STL,0,4,4,0,0,0,1,4,2,0,3,2,1.52,7.26,4.59,4.76,4.86,,0,0,,999,20643
Devin Sweet,SEA,0,8,8,0,0,0,1,8,4,1,7,3,1.33,8.39,3.01,4.54,4.69,,0,0,,999,sa3008340
Eduard Bazardo,BOS,0,16,16,1,1,0,1,16,9,3,14,6,1.43,8.15,3.62,4.85,4.83,,0,0,,999,20997
Thomas Burrows,ATL,0,6,6,0,0,0,1,5,3,1,7,3,1.49,9.98,5.23,4.66,4.81,,0,0,,999,sa874215
Logan Shore,DET,3,3,16,1,1,0,0,18,10,3,11,7,1.53,6.1,3.68,5.65,5.59,,0,0,,999,sa738442
Cole Uvila,BAL,0,6,6,0,0,0,1,6,3,1,5,3,1.57,8.12,5.24,5.13,5.23,,0,0,,999,sa3006804
Zach Muckenhirn,CHW,0,6,6,0,0,0,1,6,3,1,6,3,1.53,8.29,4.97,4.83,5.04,,0,0,,999,sa915809
Jordan Yamamoto,NYM,5,25,44,2,3,0,1,45,26,8,38,18,1.43,7.76,3.76,5.22,5.32,,0,-0.1,,999,17585
Enoli Paredes,HOU,0,10,10,1,1,0,1,9,5,1,11,6,1.5,10.2,5.66,4.66,4.81,,0,0,,999,20447
John Parke,CHW,0,4,4,0,0,0,1,5,2,1,3,1,1.48,5.69,3.16,5.11,5.28,,0,0,,999,sa3003988
Jake Faria,,0,18,18,1,1,0,1,18,10,3,18,8,1.44,8.82,3.98,4.86,4.76,,0,0,,999,13699
Anderson Espinoza,CHC,0,10,10,0,0,0,1,10,5,1,9,5,1.48,8.54,4.43,4.84,4.83,,0,0,,999,sa872856
Joel Peguero,TBR,0,10,10,1,1,0,1,10,5,1,8,4,1.45,7.1,3.94,4.47,4.58,,0,0,,999,sa917689
Jake Walsh,STL,0,18,18,1,1,0,1,17,9,3,17,8,1.37,8.6,3.78,4.48,4.58,,0,0,,999,sa3004457
Michael Byrne,CIN,0,8,8,1,1,0,1,9,5,1,6,4,1.52,6.66,3.95,5.12,5.09,,0,0,,999,sa3008227
Rafael Dolis,,0,60,60,4,4,0,0,54,30,8,64,34,1.47,9.57,5.07,4.55,4.68,,0,0,,999,4185
Ryan Hendrix,CIN,0,38,38,3,2,0,1,36,20,6,41,20,1.49,9.78,4.81,4.84,4.76,,0,0,,999,19535
Justin Wilson,CIN,0,58,58,3,3,1,11,56,31,9,58,29,1.46,8.98,4.43,4.82,4.89,,0,0,,999,4301
T.J. Zeuch,STL,2,32,39,2,2,0,1,42,20,6,27,14,1.41,6.19,3.14,4.68,4.84,,0,0,,999,19269
Blake Weiman,PIT,0,26,26,1,2,0,1,26,13,4,23,10,1.39,7.88,3.44,4.65,4.67,,0,0,,999,sa3004211
Kyle Crick,,0,18,18,1,1,0,1,17,10,2,18,10,1.49,8.95,5.13,4.86,4.94,,0,0,,999,13182
Jandel Gustave,MIL,0,48,48,2,2,0,6,47,24,7,43,18,1.36,8.12,3.46,4.56,4.58,,0,0,,999,14665
Cody Poteet,MIA,0,14,14,1,1,0,1,14,7,2,12,5,1.38,7.89,3.47,4.81,4.82,,0,0,,999,18769
Damon Jones,PHI,0,20,20,1,1,0,1,18,10,2,21,13,1.54,9.42,5.82,4.56,4.75,,0,0,,999,23310
Nick Mikolajchak,CLE,0,42,42,3,3,0,4,40,21,7,44,15,1.31,9.4,3.28,4.45,4.53,,0,0,,999,sa3010303
Nathan Webb,KCR,0,4,4,0,0,0,1,4,2,1,3,2,1.62,7.15,5.32,5.24,5.34,,0,0,,999,sa918814
Calvin Faucher,TBR,0,11,11,0,0,0,1,10,5,1,11,6,1.49,8.72,4.88,4.46,4.63,,0,0,,999,sa3004013
Forrest Whitley,HOU,3,3,16,1,1,0,0,15,9,3,17,10,1.6,9.66,5.77,5.43,5.56,,0,0,,999,sa917930
Tyler Ivey,HOU,0,8,8,0,0,0,1,8,4,1,8,4,1.42,8.57,3.99,4.77,4.86,,0,0,,999,20237
Aaron Fletcher,SEA,0,18,18,1,1,0,1,18,9,2,15,7,1.4,7.36,3.41,4.37,4.56,,0,0,,999,22052
Kyle Ryan,,0,8,8,0,0,0,1,8,4,1,6,3,1.45,7.06,3.9,4.47,4.76,,0,0,,999,11753
Thomas Szapucki,NYM,2,2,8,0,0,0,0,8,5,1,7,4,1.54,7.88,4.74,5.28,5.39,,0,0,,999,21065
Jhon Romero,WSN,0,32,32,2,2,0,1,33,17,5,27,11,1.38,7.71,3.21,4.71,4.69,,0,0,,999,19940
JoJo Romero,PHI,0,9,9,0,1,0,1,9,5,1,8,4,1.45,7.95,3.84,4.9,5,,0,0,,999,19574
Kent Emanuel,PHI,0,38,38,2,2,0,1,40,20,6,30,12,1.36,7.22,2.77,4.62,4.82,,0,0,,999,15849
Brandon Bielak,HOU,0,32,32,2,2,0,1,31,16,5,31,13,1.38,8.73,3.74,4.48,4.57,,0,0,,999,19866
Ryne Harper,,0,40,40,2,2,0,0,41,21,7,35,13,1.36,7.84,3.01,4.79,4.76,,0,-0.1,,999,12680
Gray Fenter,SFG,0,4,4,0,0,0,1,4,2,1,4,2,1.6,7.93,5.43,5.29,5.27,,0,0,,999,sa875233
Julian Fernández,COL,0,28,28,1,2,0,1,30,17,5,26,13,1.52,8.22,4.14,5.37,5.12,,0,0,,598.7,18341
Zack Burdi,ARI,0,24,24,1,1,0,1,23,13,4,25,12,1.48,9.37,4.67,4.87,4.88,,0,0,,999,19159
Tyler Beede,SFG,13,21,72,4,5,0,1,73,41,11,65,40,1.57,8.2,5.02,5.18,5.13,,0,0,,514.6,16981
Antonio Santos,NYM,0,14,14,1,1,0,1,14,7,2,11,5,1.42,7.13,3.46,4.79,4.91,,0,0,,999,20383
Hunter Harvey,SFG,0,47,47,3,3,0,4,47,24,6,41,16,1.36,7.84,3.14,4.5,4.43,,0,0,,999,15507
Kyle Nelson,ARI,0,10,10,0,1,0,1,10,5,1,10,5,1.5,8.73,4.85,4.73,4.84,,0,0,,999,20515
Drew Carlton,DET,0,8,8,0,0,0,1,9,4,1,6,3,1.41,6.69,3.05,5.01,5.05,,0,0,,999,19868
Brent Honeywell Jr.,OAK,3,51,65,3,4,0,6,68,34,10,50,22,1.39,6.96,3.02,4.76,4.87,,0,0.1,,596.5,16466
Juan Minaya,,0,41,41,2,2,0,0,39,21,6,41,20,1.42,9.09,4.29,4.53,4.64,,0,0,,999,10341
Mychal Givens,,0,66,66,4,4,0,0,57,34,11,79,32,1.36,10.71,4.39,4.6,4.61,,0,0,,595.4,10430
Trevor Gott,MIL,0,54,54,3,3,0,9,51,28,9,56,23,1.37,9.38,3.84,4.64,4.63,,0,-0.1,,999,15046
Brett de Geus,ARI,0,8,8,0,0,0,1,9,4,1,6,4,1.54,6.99,4.21,4.91,5,,0,0,,999,23592
Mason Thompson,WSN,0,48,48,3,4,0,7,50,26,7,41,24,1.55,7.77,4.54,4.94,4.98,,0,-0.1,,999,21850
Daniel Gossett,,0,8,8,0,1,0,1,9,5,1,6,3,1.55,6.72,3.89,5.36,5.21,,0,0,,999,16164
Michael Rucker,CHC,0,48,48,2,2,0,9,48,25,8,46,18,1.37,8.67,3.29,4.6,4.53,,0,0,,999,19454
Rex Brothers,MIL,0,18,18,1,1,0,1,14,10,3,24,12,1.48,12.05,6.11,4.75,4.79,,0,0,,999,9794
Héctor Santiago,,0,22,22,1,1,0,0,21,12,4,22,10,1.4,9.05,3.93,4.73,4.92,,0,0,,999,4026
Jesus Tinoco,TEX,0,6,6,0,0,0,1,6,3,1,5,3,1.55,7.63,4.53,5.22,5.31,,0,0,,999,16300
Argenis Angulo,MIN,0,10,10,0,1,0,1,10,6,2,10,6,1.57,8.72,5.27,5.18,5.12,,0,0,,999,sa829470
Jared Solomon,CIN,0,4,4,0,0,0,1,4,3,1,3,3,1.76,7.04,5.99,6.19,6.23,,0,0,,999,sa3004589
Nick Tropeano,,0,18,18,1,1,0,1,18,10,3,16,7,1.42,7.94,3.55,4.93,5.05,,0,0,,999,12385
Parker Dunshee,OAK,0,10,10,0,1,0,1,10,5,2,9,4,1.38,7.69,3.27,4.89,5.04,,0,0,,999,sa873274
Alex Lange,DET,0,58,58,3,4,0,11,56,30,7,55,30,1.49,8.56,4.7,4.66,4.6,,0,0,,999,19883
Wandisson Charles,OAK,0,18,18,1,1,0,1,16,9,3,21,11,1.5,10.27,5.74,4.61,4.78,,0,0,,999,sa874818
Ray Kerr,SDP,0,18,18,1,1,0,1,18,9,2,17,10,1.53,8.28,4.93,4.71,4.86,,0,0,,999,sa3005362
Sam Selman,LAA,0,35,35,1,2,0,1,32,19,6,36,18,1.44,9.21,4.7,4.83,5.02,,0,0,,999,13397
Ryan Mason,MIN,0,32,32,2,2,0,1,33,17,5,29,14,1.47,8.03,4.07,4.84,4.79,,0,0,,999,sa856254
Cole Gordon,NYM,0,8,8,0,0,0,1,8,5,1,7,4,1.48,8.41,4.53,5.09,5.24,,0,0,,999,sa3011216
Brad Brach,,0,46,46,2,2,0,0,44,24,7,48,25,1.5,9.34,4.9,4.77,4.73,,0,0,,999,6627
Jacques Pucheu,CIN,0,12,12,1,1,0,1,12,7,2,10,6,1.54,7.86,4.59,5.34,5.36,,0,0,,999,sa3010631
Jace Vines,KCR,0,33,33,2,2,0,1,35,18,4,25,15,1.52,6.75,4.13,4.86,4.76,,0,0,,999,sa917985
Blake Taylor,HOU,0,58,58,3,4,0,11,55,30,8,55,31,1.48,8.47,4.87,4.58,4.78,,0,-0.1,,999,16418
Daniel Duarte,CIN,0,24,24,2,2,0,1,25,14,4,21,12,1.51,8.06,4.36,5.21,5.1,,0,-0.1,,999,sa877364
Jake Reed,NYM,0,47,47,2,2,0,6,46,23,7,46,19,1.38,8.72,3.71,4.49,4.6,,0,-0.1,,999,16209
Daniel Ponce de Leon,,0,18,18,1,1,0,1,17,10,3,19,10,1.47,9.36,4.88,4.95,5.17,,0,0,,600.7,16110
Ross Detwiler,,0,47,47,2,2,0,0,47,24,8,43,17,1.36,8.21,3.28,4.6,4.77,,0,0,,999,2859
JD Hammer,PHI,0,20,20,1,1,0,1,21,13,4,19,10,1.58,8.53,4.66,5.67,5.43,,0,0,,999,19548
Pedro Báez,HOU,0,54,54,3,3,0,9,52,28,9,48,22,1.37,8.01,3.7,4.61,4.79,,0,0,,999,5420
Fernando Abad,,0,38,38,2,2,0,0,40,20,6,31,11,1.35,7.25,2.57,4.74,4.68,,0,-0.1,,999,4994
Corbin Martin,ARI,8,8,41,2,3,0,0,44,25,7,36,21,1.57,7.86,4.62,5.55,5.42,,0,0,,597.9,19884
Robert Gsellman,,0,40,40,2,2,0,0,42,21,6,31,15,1.41,7.02,3.29,4.65,4.79,,0,0,,999,13696
Kaleb Ort,BOS,0,32,32,1,2,0,1,30,17,4,34,17,1.49,9.57,4.91,4.9,4.67,,0,0,,999,20061
Miguel Sánchez,MIL,0,34,34,2,2,0,1,34,18,6,32,15,1.42,8.44,3.92,4.75,4.87,,0,0,,999,20074
Isaac Mattson,BAL,0,28,28,1,2,0,1,27,15,5,26,13,1.44,8.5,4.2,4.97,5.1,,0,0,,999,20385
Joe Navilhon,DET,0,28,28,1,2,0,1,29,15,5,24,10,1.4,7.59,3.29,4.82,4.89,,0,0,,999,sa918459
Freddy Pacheco,STL,0,25,25,1,1,0,1,22,12,3,27,16,1.53,9.86,5.92,4.49,4.77,,0,0,,999,sa3006164
Cam Vieaux,PIT,0,10,10,0,1,0,1,11,6,2,8,5,1.53,7.4,4.26,5.32,5.38,,0,0,,999,sa873657
Nick Nelson,PHI,0,46,46,3,3,0,4,42,23,6,50,26,1.49,9.73,5.15,4.58,4.69,,0,0,,999,20153
Jordan Weems,ARI,0,10,10,0,1,0,1,10,6,2,9,6,1.62,8.5,5.42,5.4,5.41,,0,0,,999,13190
Robert Broom,CLE,0,22,22,1,1,0,1,22,11,3,20,10,1.44,8.14,4.04,4.68,4.89,,0,0,,999,sa3007235
Gabe Klobosits,WSN,0,22,22,1,1,0,1,23,13,4,18,10,1.51,7.44,4.25,5.19,5.27,,0,-0.1,,999,19881
Riley O'Brien,CIN,0,16,16,1,1,0,1,16,9,3,16,8,1.5,8.75,4.44,5.26,5.27,,0,0,,999,20348
Durbin Feltman,BOS,0,26,26,2,2,0,1,26,15,4,24,13,1.49,8.36,4.37,5.05,4.87,,0,0,,999,sa3007959
Zack Littell,SFG,0,54,54,2,2,0,10,50,25,7,54,22,1.33,8.97,3.59,4.23,4.3,,0,0.1,,599.3,15823
Trevor Hildenberger,SFG,0,22,22,1,1,0,1,22,12,3,19,10,1.49,7.97,4.2,4.83,4.64,,0,-0.1,,999,17002
Taylor Clarke,KCR,0,44,44,2,2,0,4,46,24,7,37,16,1.41,7.6,3.34,4.82,4.7,,0,0,,999,17611
Félix Peña,,0,22,22,1,1,0,1,22,12,4,19,8,1.38,7.89,3.36,4.75,4.76,,0,0,,999,13403
Buck Farmer,,0,30,30,1,2,0,0,30,16,5,28,13,1.46,8.35,4.05,4.85,4.93,,0,0,,999,14814
Garrett Schilling,COL,2,2,9,0,1,0,0,11,6,2,6,4,1.68,6.3,3.94,6.6,6.18,,0,0,,999,sa3004770
Sean Reid-Foley,NYM,0,40,40,2,2,0,4,35,20,6,46,23,1.44,10.3,5.07,4.46,4.58,,0,-0.1,,999,17034
Dillon Maples,,0,38,38,2,2,0,0,31,19,4,46,28,1.55,10.95,6.68,4.38,4.73,,0,0,,999,14672
Ashton Goudeau,COL,2,26,34,2,2,0,1,40,22,6,23,13,1.56,6.25,3.36,5.85,5.5,,0,0,,999,15139
Beau Burrows,LAD,0,8,8,0,1,0,1,9,5,2,7,4,1.53,7.82,4,5.71,5.83,,0,0,,999,18873
Ryan Burr,CHW,0,46,46,3,3,0,6,44,24,7,42,24,1.49,8.3,4.69,4.72,4.86,,0,0,,999,17536
Elvin Rodriguez,DET,0,14,14,1,1,0,1,15,8,3,11,6,1.48,7.14,3.68,5.41,5.35,,0,0,,999,sa873437
Collin Snider,KCR,0,26,26,1,2,0,1,29,15,4,18,10,1.49,6.17,3.45,5.09,4.96,,0,0,,999,sa3004093
Junior Guerra,,0,38,38,2,2,0,0,37,20,6,35,19,1.48,8.3,4.61,4.74,4.89,,0,-0.1,,999,5702
Sam Moll,OAK,0,56,56,2,2,0,10,51,26,6,55,28,1.41,8.89,4.55,4.19,4.39,,0,0.1,,999,14874
Eric Hanhold,PIT,0,40,40,2,2,0,1,42,22,6,32,18,1.5,7.21,4.09,4.98,4.86,,0,-0.1,,999,18332
Joey Krehbiel,BAL,0,48,48,2,3,0,6,48,27,9,45,21,1.44,8.53,3.96,5.13,5.22,,0,-0.1,,999,13707
Shelby Miller,,0,20,20,1,1,0,0,20,12,3,18,11,1.55,8.24,4.88,5.18,5.1,,0,0,,999,10197
Yoan Aybar,COL,0,10,10,1,1,0,1,11,7,2,8,7,1.83,7.32,6.43,6.4,6.15,,0,-0.1,,999,sa829086
Andrew Miller,,0,56,56,2,2,0,0,54,28,8,56,26,1.42,9.03,4.15,4.47,4.71,,0,0,,999,6785
Chasen Shreve,,0,42,42,2,2,0,0,40,22,7,41,20,1.44,8.7,4.35,4.79,4.98,,0,-0.1,,999,10855
Matt Peacock,ARI,0,36,36,2,2,0,1,41,19,5,23,14,1.51,5.86,3.48,4.86,4.79,,0,-0.1,,999,20339
Nick Snyder,TEX,0,44,44,2,3,0,5,42,23,7,44,22,1.45,9.04,4.44,4.63,4.72,,0,0,,999,23493
Brandon Workman,,0,40,40,2,2,0,0,37,21,6,41,23,1.51,9.25,5.19,4.65,4.83,,0,0,,999,11428
Graham Spraker,TOR,0,25,25,1,1,0,1,26,14,4,21,11,1.47,7.67,3.95,5.08,5.12,,0,0,,999,sa3004024
Jordan Sheffield,COL,0,48,48,2,3,0,6,49,29,8,45,27,1.6,8.41,5.15,5.53,5.3,,0,-0.1,,999,19682
Jacob Webb,ATL,0,60,60,5,4,0,12,57,30,9,61,25,1.37,9.14,3.77,4.47,4.47,,0,0,,999,19274
Kyle Tyler,LAA,0,42,42,2,2,0,3,43,22,6,34,16,1.41,7.2,3.47,4.69,4.82,,0,-0.1,,999,22092
Brandon Kintzler,,0,42,42,2,2,0,0,46,22,6,30,14,1.44,6.47,3.05,4.75,4.84,,-0.1,-0.1,,999,9939
Jason Foley,DET,0,38,38,1,2,0,1,39,20,5,31,18,1.52,7.24,4.36,4.82,4.92,,-0.1,0,,999,19531
Justin Garza,CLE,0,16,16,1,1,0,1,16,10,3,15,9,1.56,8.41,5.01,5.47,5.45,,-0.1,0,,999,19784
Erasmo Ramírez,,0,32,32,1,2,0,0,34,18,6,24,10,1.39,6.76,2.83,5.05,4.99,,-0.1,-0.1,,999,10314
Joey Wentz,DET,10,10,47,2,3,0,0,50,29,9,38,25,1.58,7.26,4.7,5.58,5.66,,-0.1,0,,999,sa917946
Tyler Kinley,COL,0,62,62,2,3,0,12,62,37,11,63,31,1.49,9.17,4.47,5.3,5.01,,-0.1,-0.1,,999,18297
Miguel Romero,OAK,0,32,32,1,2,0,1,33,17,5,24,14,1.47,6.78,3.83,4.83,4.96,,-0.1,0,,999,sa3003109
Sam Hentges,CLE,2,52,58,2,3,0,9,58,31,9,56,27,1.48,8.64,4.24,4.77,4.78,,-0.1,-0.1,,999,18548
Steve Cishek,,0,71,71,3,2,0,0,68,36,9,64,36,1.46,8.07,4.5,4.52,4.72,,-0.1,0.1,,999,6483
Jordan Holloway,MIA,0,38,38,2,3,0,3,35,20,5,36,24,1.55,8.57,5.6,4.76,4.87,,-0.1,-0.1,,999,20631
Wes Benjamin,,2,12,19,1,1,0,1,21,12,4,14,8,1.58,6.88,4.07,5.86,5.91,,-0.1,-0.1,,999,19243
Josh Tomlin,,0,45,45,2,2,0,0,51,26,9,34,8,1.31,6.86,1.63,5.11,4.97,,-0.1,-0.1,,999,9388
Yusmeiro Petit,,0,75,75,4,4,0,0,79,39,13,51,17,1.28,6.08,2.02,4.71,4.81,,-0.1,-0.2,,600.9,4020
Taylor Widener,ARI,0,46,46,2,2,0,6,45,25,8,47,21,1.43,9.19,4.05,4.99,4.97,,-0.1,-0.1,,600.2,19266
Albert Abreu,NYY,0,42,42,2,2,0,1,40,24,7,44,24,1.53,9.42,5.22,5.07,5.13,,-0.1,-0.1,,999,17485
Hunter Stratton,PIT,0,48,48,2,3,0,6,45,27,6,46,29,1.56,8.56,5.53,4.98,4.99,,-0.1,-0.1,,999,sa3004216
Jimmy Herget,LAA,0,52,52,3,3,0,6,50,28,9,51,24,1.43,8.89,4.17,4.84,4.95,,-0.1,-0.1,,999,17556
Paul Campbell,MIA,0,44,44,2,3,0,1,46,24,7,34,16,1.42,7.05,3.31,4.89,4.92,,-0.1,-0.1,,999,22248
Felix Bautista,BAL,0,38,38,2,3,0,1,35,23,6,40,26,1.62,9.54,6.18,5.38,5.51,,-0.1,-0.1,,999,sa737480
AJ Ramos,,0,48,48,2,2,0,0,47,28,9,47,24,1.48,8.89,4.5,5.2,5.24,,-0.1,-0.1,,999,8350
Rony García,DET,3,25,39,2,2,0,1,41,24,8,33,17,1.49,7.67,3.84,5.52,5.48,,-0.1,0,,999,20430
Alexander Vizcaíno,CHC,0,24,24,1,1,0,1,25,15,4,20,14,1.62,7.36,5.14,5.56,5.57,,-0.1,-0.1,,999,sa920272
Nick Mears,PIT,0,56,56,3,3,0,9,53,29,8,57,28,1.44,9.23,4.42,4.68,4.69,,-0.1,-0.1,,999,25376
Dan Winkler,,0,48,48,2,2,0,0,44,26,7,49,27,1.48,9.16,5.01,4.86,5.02,,-0.1,-0.1,,999,12237
Anderson Severino,CHW,0,24,24,1,2,0,1,24,14,4,23,17,1.7,8.47,6.42,5.35,5.73,,-0.1,-0.1,,999,sa838671
T.J. McFarland,STL,0,55,55,3,3,0,10,59,26,7,35,18,1.4,5.78,3,4.29,4.53,,-0.1,0,,999,3237
Ryan Helsley,STL,0,60,60,4,4,0,13,54,29,8,61,30,1.41,9.18,4.56,4.39,4.57,,-0.1,0,,999,18138
Yency Almonte,,0,40,40,2,2,0,0,41,23,6,37,21,1.53,8.39,4.65,5.1,5.11,,-0.1,-0.1,,999,15068
Austin Voth,WSN,0,63,63,3,4,1,16,64,34,12,61,23,1.37,8.78,3.26,4.87,4.84,,-0.1,-0.2,,600.4,15047
Yennsy Díaz,NYM,0,33,33,2,2,0,1,34,19,6,28,15,1.49,7.62,4.22,5.18,5.41,,-0.1,-0.1,,999,20218
Demarcus Evans,TEX,0,40,40,2,2,2,3,36,21,7,45,23,1.47,10.09,5.08,4.83,4.92,,-0.1,-0.1,,600.6,21087
Matt Bush,TEX,0,32,32,1,1,0,1,33,19,6,32,16,1.51,8.88,4.39,5.43,5.24,,-0.1,-0.1,,999,1246
Ervin Santana,,0,40,40,1,2,0,0,43,24,8,32,14,1.43,7.31,3.15,5.37,5.21,,-0.1,-0.1,,999,3200
Grant Holmes,OAK,0,44,44,2,2,0,3,44,23,6,37,19,1.44,7.59,3.94,4.71,4.81,,-0.1,-0.1,,999,sa828669
Scott Effross,CHC,0,62,62,4,4,0,16,64,32,10,53,19,1.35,7.71,2.82,4.65,4.6,,-0.1,0,,599.3,18384
Dennis Santana,TEX,0,48,48,2,3,0,8,46,25,7,48,25,1.47,8.99,4.61,4.76,4.72,,-0.1,-0.1,,999,17878
Tyler Clippard,,0,60,60,3,3,0,0,58,32,12,57,21,1.32,8.55,3.13,4.86,5.04,,-0.1,-0.1,,600.8,5640
Caleb Baragar,SFG,0,36,36,2,2,0,1,36,21,6,31,18,1.5,7.7,4.59,5.23,5.4,,-0.1,-0.1,,999,19231
Nick Neidert,MIA,2,36,42,2,3,0,1,46,24,7,29,18,1.5,6.26,3.75,5.19,5.36,,-0.1,-0.1,,999,18699
Josh Rogers,WSN,15,23,91,4,7,0,1,108,60,20,57,30,1.51,5.63,2.91,5.89,5.88,,-0.1,-0.4,,600.7,18510
Justin Lawrence,COL,0,42,42,3,3,0,3,45,26,6,36,27,1.71,7.79,5.75,5.64,5.27,,-0.1,-0.1,,999,17639
Duane Underwood Jr.,PIT,0,70,70,3,4,0,14,71,36,10,65,30,1.43,8.34,3.8,4.69,4.66,,-0.1,-0.2,,999,14677
Jake Woodford,STL,6,38,68,3,4,0,1,71,38,12,51,28,1.46,6.74,3.75,5.08,5.34,,-0.1,-0.1,,598.6,18674
Chase Anderson,TEX,19,19,94,4,7,0,0,103,59,20,72,37,1.48,6.86,3.53,5.64,5.72,,-0.1,-0.2,,999,6895
Anthony Banda,PIT,0,62,62,3,4,1,14,63,32,9,53,26,1.44,7.72,3.74,4.66,4.74,,-0.1,-0.3,,999,14706
Phillips Valdez,BOS,0,44,44,2,2,0,4,47,25,6,38,22,1.55,7.77,4.45,5.17,5.02,,-0.1,-0.1,,999,15605
J.B. Bukauskas,ARI,0,52,52,2,3,0,9,50,28,7,50,29,1.52,8.67,4.94,4.77,4.78,,-0.1,-0.1,,600.5,20491
J.C. Mejía,MIL,3,45,57,3,4,0,3,59,33,10,51,26,1.49,8,4.11,5.23,5.3,,-0.2,-0.1,,999,20617
Joe Barlow,TEX,0,66,66,3,3,24,4,58,34,10,72,36,1.43,9.76,4.93,4.63,4.71,,-0.2,-0.2,,226.8,22296
Lucas Gilbreath,COL,0,54,54,3,3,0,9,58,33,8,50,30,1.62,8.29,5,5.46,5.16,,-0.2,-0.1,,596.4,21290
Kyle Funkhouser,DET,0,64,64,4,5,0,15,62,34,8,61,35,1.51,8.55,4.93,4.72,4.75,,-0.2,0,,999,19456
Ralph Garza Jr.,MIN,0,54,54,3,3,0,9,54,30,9,50,25,1.46,8.39,4.14,4.95,4.96,,-0.2,-0.2,,999,17682
Bryan Garcia,DET,0,42,42,2,3,0,3,45,25,7,32,20,1.56,6.89,4.39,5.37,5.42,,-0.2,-0.2,,999,19457
Jhoulys Chacín,COL,0,66,66,3,4,0,13,71,40,11,56,28,1.5,7.6,3.78,5.41,5.07,,-0.2,-0.2,,999,2608
Bryan Shaw,,0,72,72,4,5,0,0,71,38,10,65,35,1.47,8.13,4.32,4.7,4.71,,-0.2,-0.1,,597.8,8110
Caleb Smith,ARI,0,65,65,3,4,2,13,59,35,12,72,30,1.38,9.92,4.22,4.86,4.9,,-0.2,-0.2,,588.2,14875
Domingo Tapia,KCR,0,66,66,3,4,1,13,67,35,9,54,33,1.51,7.43,4.48,4.82,4.81,,-0.3,0,,999,12178
Dan Straily,ARI,18,18,100,4,8,0,0,114,66,22,74,39,1.52,6.61,3.48,5.92,5.83,,-0.4,-0.3,,567.8,9460
Andres Machado,WSN,0,60,60,2,3,0,13,62,35,10,52,27,1.49,7.73,4.08,5.21,5.25,,-0.4,-0.4,,999,14681
Anthony Gose,CLE,0,58,58,4,7,0,0,51,38,9,71,51,1.75,10.97,7.88,5.91,5.58,,-0.7,-0.8,,601,5097
