Name,Team,G,PA,AB,H,2B,3B,HR,R,RBI,BB,SO,HBP,SB,CS,-1,AVG,OBP,SLG,OPS,wOBA,-1,Fld,BsR,-1,WAR,-1,ADP,playerid
Fernando Tatis Jr.,SDP,151,651,566,163,32,2,48,118,119,73,161,6,31,8,,0.289,0.373,0.606,0.979,0.406,,-2,3.9,,7.5,,1.9,19709
Juan Soto,WSN,156,672,523,163,29,3,36,116,115,140,100,4,12,5,,0.312,0.457,0.584,1.041,0.433,,-0.1,-0.8,,7.4,,4.2,20123
Mike Trout,LAA,147,637,508,138,26,3,39,105,105,112,149,12,10,2,,0.272,0.412,0.564,0.976,0.406,,0.4,1.1,,6.5,,14.6,10155
José Ramírez,CLE,154,665,573,155,37,4,35,102,108,79,95,7,26,6,,0.271,0.363,0.533,0.895,0.375,,2.2,2.7,,6.2,,3.7,13510
Aaron Judge,NYY,152,658,565,155,25,0,41,100,107,82,173,5,6,2,,0.275,0.369,0.537,0.906,0.383,,7.6,-0.2,,6,,36,15640
Vladimir Guerrero Jr.,TOR,154,665,577,176,31,2,45,114,118,78,101,5,3,1,,0.306,0.392,0.598,0.99,0.413,,-0.3,-1.2,,6,,5.9,19611
Mookie Betts,LAD,156,672,574,160,34,3,30,114,83,82,103,8,18,5,,0.279,0.373,0.504,0.878,0.373,,9.4,1.9,,5.9,,15.4,13611
Ronald Acuña Jr.,ATL,131,567,476,134,25,2,36,104,84,75,138,10,23,8,,0.281,0.387,0.565,0.952,0.4,,1.8,1.7,,5.6,,9.6,18401
Trea Turner,LAD,154,665,605,179,33,4,27,103,87,48,116,6,30,7,,0.296,0.351,0.496,0.847,0.36,,-2.6,3.9,,5.4,,1.5,16252
Alex Bregman,HOU,146,630,529,144,34,1,26,91,93,87,84,8,3,1,,0.272,0.38,0.49,0.87,0.372,,-0.6,-0.8,,5.3,,87.2,17678
Carlos Correa,,147,637,555,154,32,1,28,90,96,70,122,5,1,0,,0.276,0.359,0.489,0.848,0.361,,2,0.1,,5.3,,101.3,14162
Wander Franco,TBR,149,644,584,167,32,9,19,93,84,49,83,5,10,6,,0.286,0.344,0.472,0.815,0.348,,1.8,-0.6,,5.1,,55.8,23667
Bryce Harper,PHI,156,672,545,147,34,1,36,103,106,114,155,6,14,4,,0.271,0.399,0.538,0.937,0.392,,-1.8,-0.9,,5,,9.5,11579
Kyle Tucker,HOU,147,637,570,161,35,4,32,94,104,58,114,4,19,4,,0.283,0.35,0.528,0.878,0.37,,3.2,1.6,,5,,12.3,18345
Bo Bichette,TOR,152,658,604,176,35,2,29,103,98,43,123,5,21,5,,0.291,0.342,0.5,0.842,0.358,,-1.3,1.8,,5,,5.4,19612
Matt Olson,OAK,154,665,565,148,29,0,40,95,112,84,138,9,3,1,,0.261,0.363,0.526,0.889,0.373,,5,-0.8,,4.9,,43.1,14344
Marcus Semien,TEX,154,665,590,155,32,2,30,97,82,66,123,3,12,4,,0.264,0.339,0.479,0.818,0.349,,4.3,1.1,,4.9,,39.4,12533
Corey Seager,TEX,138,595,527,153,33,3,26,89,88,57,98,5,4,1,,0.291,0.363,0.509,0.872,0.37,,-2.9,0.4,,4.9,,77.4,13624
Byron Buxton,MIN,131,567,524,141,36,3,32,85,86,29,139,7,18,4,,0.268,0.313,0.529,0.843,0.354,,7.2,2.4,,4.9,,55.4,14161
Francisco Lindor,NYM,152,658,582,150,30,3,29,93,88,62,114,6,15,6,,0.257,0.333,0.465,0.798,0.339,,4.9,0,,4.8,,54,12916
Luis Robert,CHW,149,644,588,166,32,4,29,89,90,39,152,9,18,6,,0.282,0.335,0.499,0.834,0.353,,2.5,0.7,,4.8,,16.8,20043
Yasmani Grandal,CHW,134,539,434,102,18,1,26,72,77,94,131,5,1,1,,0.235,0.373,0.463,0.836,0.363,,1.2,-2.7,,4.7,,99.1,11368
Freddie Freeman,,159,686,587,171,34,2,30,104,97,86,117,7,7,3,,0.292,0.387,0.512,0.899,0.379,,2,-0.2,,4.7,,20.2,5361
Rafael Devers,BOS,154,665,597,168,39,2,37,102,111,57,138,6,6,4,,0.281,0.347,0.537,0.885,0.371,,-4.5,0,,4.6,,14.4,17350
Manny Machado,SDP,156,672,596,164,30,2,31,90,107,66,111,4,11,4,,0.275,0.347,0.49,0.837,0.352,,1.9,-0.4,,4.6,,22.2,11493
Xander Bogaerts,BOS,154,665,587,165,39,1,26,91,95,68,122,4,7,2,,0.282,0.357,0.488,0.845,0.36,,-4.7,0.6,,4.6,,45.5,12161
Trevor Story,,149,644,574,148,33,4,28,90,85,56,158,8,23,7,,0.258,0.331,0.477,0.808,0.344,,1.5,1.8,,4.5,,38.9,12564
Brandon Lowe,TBR,143,616,538,132,28,2,34,88,94,64,172,9,7,2,,0.245,0.333,0.493,0.826,0.35,,-0.6,1.3,,4.5,,74.2,18882
Yordan Alvarez,HOU,146,630,557,159,35,1,39,96,119,62,149,7,2,1,,0.285,0.362,0.561,0.923,0.386,,0,-0.4,,4.4,,28.4,19556
Nolan Arenado,STL,156,672,604,159,31,2,32,86,103,57,101,4,2,1,,0.263,0.327,0.478,0.805,0.338,,6,0,,4.3,,67.4,9777
George Springer,TOR,151,651,567,149,28,3,35,104,92,70,138,8,8,3,,0.263,0.35,0.506,0.856,0.364,,-2,-0.1,,4.3,,59.6,12856
Matt Chapman,OAK,151,651,564,127,27,4,29,83,84,74,192,7,3,2,,0.225,0.32,0.442,0.762,0.328,,8,0,,4.2,,188.5,16505
Joey Gallo,NYY,147,637,520,107,18,1,43,95,104,106,229,7,6,2,,0.207,0.347,0.494,0.841,0.357,,3.9,0.9,,4.2,,172.4,14128
Ozzie Albies,ATL,154,665,607,166,37,6,27,99,89,47,117,4,18,5,,0.274,0.328,0.486,0.814,0.345,,3.5,2.5,,4.1,,18.1,16556
Anthony Rendon,LAA,133,574,493,134,31,1,21,77,83,67,88,8,2,0,,0.272,0.365,0.468,0.833,0.357,,0.4,0.2,,4.1,,106.3,12861
Jose Altuve,HOU,147,637,568,158,29,2,25,99,76,57,93,5,7,3,,0.278,0.346,0.469,0.815,0.349,,-3.5,0.3,,4,,73.1,5417
Will Smith,LAD,126,509,434,109,21,2,27,72,84,58,110,11,3,0,,0.252,0.35,0.498,0.849,0.359,,0.9,-0.8,,4,,57,19197
Pete Alonso,NYM,151,651,565,146,26,2,42,91,112,67,147,14,2,1,,0.259,0.35,0.535,0.884,0.371,,-0.2,-1.8,,3.9,,44.9,19251
Ketel Marte,ARI,149,644,580,168,38,5,21,86,77,52,97,6,5,1,,0.29,0.351,0.482,0.834,0.355,,-0.5,0,,3.8,,79,13613
J.T. Realmuto,PHI,149,602,538,139,28,3,22,78,85,49,140,10,10,3,,0.258,0.329,0.446,0.774,0.331,,3.2,1.7,,3.8,,51.2,11739
Shohei Ohtani,LAA,147,637,541,140,26,6,40,100,103,86,181,4,23,9,,0.259,0.363,0.548,0.911,0.378,,0,0.3,,3.8,,9.3,19755
Tyler O'Neill,STL,146,630,566,146,26,2,38,94,100,48,194,12,15,5,,0.258,0.326,0.515,0.841,0.355,,1.6,1.3,,3.8,,48,15711
Yoán Moncada,CHW,149,644,559,145,31,3,21,83,76,73,171,7,5,2,,0.259,0.349,0.439,0.789,0.342,,0.6,0,,3.8,,155.3,17232
Jonathan India,CIN,149,644,546,142,33,2,21,96,71,71,143,19,12,4,,0.26,0.363,0.444,0.807,0.351,,1.8,0.1,,3.7,,87.8,21523
Bryan Reynolds,PIT,154,665,581,162,33,6,23,89,87,72,135,7,5,3,,0.279,0.363,0.475,0.838,0.357,,-3.9,-0.5,,3.7,,92.7,19326
Jorge Polanco,MIN,149,644,584,160,34,3,25,89,86,48,112,5,11,5,,0.273,0.331,0.473,0.804,0.343,,-6.4,0,,3.6,,76.8,13152
Max Muncy,LAD,131,567,471,117,21,2,32,86,95,84,129,8,3,1,,0.248,0.369,0.504,0.873,0.372,,1.2,-0.2,,3.5,,148.9,13301
Trent Grisham,SDP,139,602,520,128,26,4,20,80,68,69,135,6,15,5,,0.246,0.339,0.428,0.767,0.332,,4,0.6,,3.5,,143,18564
Cedric Mullins,BAL,152,658,590,154,30,5,24,86,66,52,124,7,26,8,,0.262,0.326,0.45,0.777,0.332,,0.8,2,,3.5,,32.8,17929
Tim Anderson,CHW,154,665,627,182,33,2,22,98,71,28,139,4,20,7,,0.29,0.322,0.456,0.778,0.332,,-6.5,1.9,,3.5,,33,15172
Harrison Bader,STL,139,602,532,131,27,2,21,76,71,51,148,12,14,5,,0.246,0.323,0.426,0.749,0.32,,8.8,1,,3.4,,231.5,18030
Austin Riley,ATL,154,665,597,163,31,2,33,88,102,53,173,9,1,1,,0.272,0.338,0.497,0.835,0.354,,-4.6,-1.5,,3.4,,50.1,18360
Paul Goldschmidt,STL,156,672,589,160,30,2,29,93,90,73,146,4,7,2,,0.271,0.353,0.475,0.828,0.355,,1.8,0.3,,3.4,,47.9,9218
Enrique Hernández,BOS,149,644,567,144,33,3,25,88,76,60,124,9,3,1,,0.255,0.333,0.458,0.79,0.338,,1.1,0.5,,3.4,,221.4,10472
Jake Cronenworth,SDP,146,630,561,153,32,6,17,83,73,55,94,9,7,3,,0.273,0.344,0.442,0.786,0.338,,2.6,-0.5,,3.4,,120.9,18036
Oneil Cruz,PIT,112,483,444,122,22,5,22,58,67,33,108,3,18,5,,0.275,0.327,0.499,0.827,0.35,,-0.2,1,,3.3,,214.6,21711
Christian Yelich,MIL,149,644,544,143,27,3,26,93,86,90,156,6,16,4,,0.263,0.371,0.47,0.841,0.36,,-1.6,1.8,,3.3,,102.1,11477
Brandon Nimmo,NYM,134,581,480,124,25,5,16,79,52,83,125,12,8,5,,0.259,0.379,0.429,0.808,0.355,,-1,-0.7,,3.3,,320.1,12927
Josh Donaldson,MIN,138,595,502,123,27,0,28,81,81,81,133,6,1,1,,0.245,0.354,0.465,0.818,0.352,,-0.7,-1.6,,3.2,,192.9,5038
Bobby Witt Jr.,KCR,134,581,527,141,29,3,23,72,73,38,126,6,21,8,,0.267,0.322,0.468,0.79,0.336,,2.1,0.6,,3.2,,95.8,sa3011225
Ramón Laureano,OAK,126,546,485,122,27,2,22,71,68,42,140,13,15,5,,0.252,0.325,0.454,0.779,0.334,,0.1,0.9,,3.2,,232.6,17128
Cody Bellinger,LAD,134,581,507,124,24,3,29,81,90,66,132,3,11,3,,0.244,0.333,0.474,0.807,0.34,,1,0.6,,3.2,,97.7,15998
Sean Murphy,OAK,115,460,402,92,22,1,18,54,58,43,118,9,1,0,,0.228,0.313,0.422,0.735,0.318,,2.6,-0.3,,3.2,,247.9,19352
Gleyber Torres,NYY,151,651,576,152,28,0,23,80,83,64,129,4,13,5,,0.264,0.339,0.435,0.774,0.334,,-3.8,-0.3,,3.1,,151.2,16997
DJ LeMahieu,NYY,149,644,576,163,27,2,14,89,64,57,88,4,5,2,,0.283,0.349,0.412,0.761,0.331,,3.2,-0.4,,3.1,,113.6,9874
Kyle Schwarber,,134,581,494,123,24,2,35,84,91,76,154,6,2,2,,0.248,0.352,0.514,0.866,0.366,,-1,-1.3,,3.1,,120.8,16478
Willy Adames,MIL,143,616,548,139,29,2,24,80,74,60,171,2,7,4,,0.254,0.329,0.445,0.774,0.333,,-0.8,0,,3.1,,127.4,15986
Ty France,SEA,149,644,571,158,31,2,22,82,83,45,116,22,1,1,,0.277,0.35,0.452,0.802,0.347,,0.6,-1.3,,3.1,,146.7,17982
Jeimer Candelario,DET,146,630,555,141,34,4,19,75,71,65,140,6,1,1,,0.253,0.337,0.43,0.766,0.332,,-0.6,-0.7,,3,,240.4,13621
Ke'Bryan Hayes,PIT,139,602,540,140,32,3,14,75,59,50,128,4,11,3,,0.26,0.325,0.412,0.737,0.319,,7.3,0.9,,3,,139.9,18577
Jacob Stallings,MIA,109,429,381,94,19,1,8,42,44,39,92,4,1,0,,0.247,0.321,0.368,0.689,0.303,,6.2,-0.8,,3,,395.7,13723
J.P. Crawford,SEA,154,665,591,153,32,2,12,80,58,60,118,6,7,4,,0.259,0.331,0.38,0.711,0.312,,-0.7,-1,,2.9,,388,15491
Luis Arraez,MIN,144,623,559,168,29,5,5,77,53,55,59,2,4,3,,0.302,0.363,0.398,0.761,0.333,,-1.2,-0.4,,2.9,,313.3,18568
Luis Urías,MIL,138,595,515,131,26,2,20,74,73,63,123,11,6,2,,0.254,0.345,0.431,0.777,0.337,,0.9,-0.5,,2.9,,156.3,16622
Javier Báez,DET,141,609,567,143,28,3,27,78,84,29,180,8,16,6,,0.253,0.297,0.457,0.755,0.319,,-0.6,1.2,,2.9,,60.6,12979
Max Stassi,LAA,105,416,369,82,14,1,15,48,48,36,126,7,1,0,,0.223,0.303,0.395,0.697,0.304,,2,-1,,2.9,,305.4,10059
Jesse Winker,CIN,133,574,493,140,29,1,25,84,78,67,99,10,2,1,,0.284,0.379,0.502,0.881,0.378,,-3.7,-2,,2.9,,106.6,13590
Starling Marte,NYM,134,581,525,142,27,3,16,81,64,36,110,14,31,8,,0.271,0.333,0.424,0.757,0.327,,-2.6,3.1,,2.9,,28,9241
Giancarlo Stanton,NYY,138,595,521,136,23,0,36,80,102,64,166,5,1,0,,0.262,0.345,0.515,0.86,0.364,,0,-1.4,,2.8,,95.7,4949
Adley Rutschman,BAL,102,405,354,93,17,2,15,53,50,41,70,4,2,1,,0.261,0.342,0.444,0.787,0.339,,1,-0.5,,2.8,,184.9,sa3011643
Max Kepler,MIN,130,560,487,115,26,3,24,76,71,61,103,7,8,3,,0.236,0.328,0.452,0.78,0.334,,6.1,0.5,,2.8,,288.1,12144
Tommy Edman,STL,143,616,566,154,30,4,12,80,56,36,93,7,24,6,,0.272,0.321,0.407,0.728,0.315,,3.6,3.1,,2.8,,85.3,19470
Jared Walsh,LAA,151,651,583,153,32,2,34,86,108,56,169,6,2,1,,0.263,0.331,0.5,0.832,0.35,,0.5,-1.1,,2.8,,116.8,18607
Nick Castellanos,,151,651,592,165,40,2,31,93,98,46,139,7,3,2,,0.278,0.335,0.509,0.844,0.355,,-5.1,-0.6,,2.8,,61.8,11737
Spencer Torkelson,DET,130,560,484,123,25,2,30,76,81,56,119,8,5,2,,0.254,0.337,0.498,0.835,0.354,,2,-0.4,,2.7,,264.2,sa3014504
Brandon Crawford,SFG,136,588,524,133,27,2,19,69,74,53,120,6,8,4,,0.254,0.327,0.422,0.749,0.321,,1.1,-1,,2.7,,216.8,5343
Whit Merrifield,KCR,149,644,592,166,35,4,11,84,59,38,96,5,28,7,,0.28,0.327,0.41,0.737,0.318,,2.4,2.7,,2.7,,31.5,11281
Salvador Perez,KCR,149,601,561,146,25,0,36,74,99,24,148,11,1,0,,0.26,0.301,0.499,0.801,0.336,,2.6,-1.3,,2.7,,32.8,7304
Kolten Wong,MIL,136,588,521,138,29,3,14,75,55,44,98,14,15,5,,0.264,0.336,0.411,0.747,0.324,,4.3,0.9,,2.7,,191.8,12532
Kris Bryant,,136,588,510,130,30,2,23,80,71,62,136,11,7,2,,0.256,0.347,0.454,0.801,0.344,,-5.3,1,,2.7,,97.7,15429
Jeff McNeil,NYM,133,574,516,145,30,2,14,69,63,40,77,13,5,2,,0.28,0.345,0.426,0.771,0.335,,-1.4,-0.8,,2.7,,322.7,15362
Eloy Jiménez,CHW,146,630,581,158,29,1,34,80,104,39,152,4,1,0,,0.272,0.32,0.503,0.823,0.348,,-3.2,-0.3,,2.6,,62.8,17484
Anthony Rizzo,,138,595,507,131,23,2,25,78,81,60,94,21,6,2,,0.259,0.358,0.462,0.82,0.353,,1.7,-1.8,,2.6,,193.2,3473
Justin Turner,LAD,138,595,522,140,24,0,22,79,83,55,100,13,3,0,,0.269,0.349,0.442,0.791,0.343,,-2.3,-1.2,,2.6,,151.8,5235
Dylan Carlson,STL,146,630,554,143,31,5,20,78,75,58,145,9,4,2,,0.259,0.336,0.439,0.775,0.333,,2,-0.7,,2.6,,179.2,20126
Randy Arozarena,TBR,147,637,559,144,29,3,23,89,75,56,168,16,21,10,,0.257,0.339,0.446,0.785,0.337,,-2.2,-0.6,,2.6,,62.2,19290
Michael Conforto,,143,616,524,132,27,1,23,78,82,76,137,12,3,2,,0.253,0.357,0.442,0.799,0.346,,-1.8,-0.5,,2.6,,202.4,16376
Dansby Swanson,ATL,154,665,596,147,32,3,24,85,79,55,165,6,10,3,,0.247,0.314,0.43,0.745,0.318,,-0.9,1.1,,2.6,,121.5,18314
Alex Verdugo,BOS,141,609,547,158,35,2,15,81,65,51,97,4,7,2,,0.289,0.351,0.442,0.793,0.34,,1.9,0.5,,2.5,,160.1,17027
Nicky Lopez,KCR,141,609,544,147,25,5,5,70,48,50,82,5,16,5,,0.27,0.334,0.359,0.694,0.307,,3.7,1.1,,2.5,,246.8,19339
Eduardo Escobar,NYM,138,595,541,132,25,4,26,70,82,46,127,3,1,1,,0.244,0.304,0.447,0.751,0.319,,-0.1,-0.9,,2.4,,195,6153
Ian Happ,CHC,151,651,560,134,26,2,31,84,89,81,188,5,10,4,,0.24,0.34,0.457,0.797,0.343,,-1.7,0.1,,2.4,,202,17919
Amed Rosario,CLE,138,595,555,153,27,6,13,73,62,31,117,3,13,4,,0.276,0.316,0.418,0.734,0.316,,-3.1,1.2,,2.4,,167,15518
Danny Jansen,TOR,100,399,349,82,18,1,18,53,54,38,82,6,1,0,,0.234,0.318,0.443,0.761,0.327,,0.7,-0.5,,2.4,,362.1,16535
Keibert Ruiz,WSN,125,506,462,125,23,1,21,59,70,35,60,5,1,0,,0.27,0.326,0.46,0.786,0.336,,-0.5,-0.6,,2.4,,142.3,19610
Austin Meadows,TBR,141,609,540,136,30,4,28,81,94,57,134,6,7,3,,0.252,0.328,0.477,0.805,0.341,,0.2,-1.4,,2.4,,140.5,15672
Tony Kemp,OAK,130,560,478,124,23,4,10,67,52,64,77,9,11,4,,0.26,0.354,0.387,0.741,0.327,,-2.3,0,,2.4,,427.1,14894
Franmil Reyes,CLE,149,644,575,147,24,2,40,84,109,60,197,3,4,1,,0.255,0.326,0.512,0.838,0.353,,0,-1.5,,2.4,,120.4,14566
Miguel Rojas,MIA,130,560,511,136,26,2,9,63,50,37,74,6,12,4,,0.267,0.322,0.381,0.703,0.306,,3.3,-0.3,,2.3,,413.6,7802
Aaron Hicks,NYY,126,546,459,105,20,2,19,72,67,78,124,5,6,2,,0.228,0.343,0.407,0.75,0.329,,-3.7,0.5,,2.3,,499.1,5297
Chris Taylor,LAD,147,637,559,138,31,4,20,83,81,64,178,7,11,3,,0.247,0.33,0.428,0.758,0.327,,-4.5,1.2,,2.3,,133.5,13757
Mitch Garver,MIN,102,406,354,84,18,1,19,53,55,43,115,5,2,1,,0.237,0.328,0.457,0.785,0.337,,-2.9,-0.8,,2.3,,174.6,15161
Michael Brantley,HOU,125,539,490,144,29,2,13,70,60,39,64,5,3,1,,0.295,0.35,0.441,0.792,0.342,,-0.2,-0.7,,2.3,,244.2,4106
Nico Hoerner,CHC,131,567,509,141,27,3,7,62,56,44,84,8,12,6,,0.277,0.342,0.38,0.722,0.315,,2.7,-0.5,,2.3,,450,21479
Yandy Díaz,TBR,130,560,482,130,23,1,13,68,62,69,91,3,2,1,,0.269,0.361,0.407,0.769,0.336,,-0.9,-1,,2.3,,399.2,16578
Mike Zunino,TBR,86,339,305,61,12,1,20,43,50,26,120,5,1,0,,0.201,0.275,0.445,0.719,0.306,,1.9,-0.5,,2.3,,247.1,13265
Nathaniel Lowe,TEX,146,630,545,142,26,2,23,79,79,76,155,4,6,1,,0.261,0.354,0.441,0.795,0.343,,-1.7,-0.2,,2.3,,242.1,19566
Myles Straw,CLE,130,560,495,132,23,2,4,68,40,56,108,3,26,6,,0.266,0.342,0.347,0.688,0.307,,3.7,2.8,,2.3,,131.3,17620
Jean Segura,PHI,139,602,549,154,28,3,13,77,60,38,84,8,10,4,,0.281,0.334,0.416,0.75,0.324,,0.1,0.6,,2.3,,201.4,5933
Tyler Stephenson,CIN,112,443,388,103,21,0,12,55,50,43,87,6,1,0,,0.265,0.345,0.413,0.758,0.33,,1.3,-0.6,,2.3,,137.4,17988
Rhys Hoskins,PHI,123,532,447,106,26,1,28,75,78,72,130,8,4,2,,0.238,0.351,0.491,0.841,0.359,,0,-1,,2.3,,131.2,16472
Willson Contreras,CHC,141,574,494,118,23,1,24,72,75,58,153,16,5,3,,0.239,0.336,0.436,0.772,0.334,,-0.2,-1.8,,2.3,,110.2,11609
Gio Urshela,NYY,138,595,553,149,30,2,20,69,76,33,124,4,2,0,,0.27,0.314,0.436,0.75,0.322,,-3.5,-1.5,,2.3,,287.9,10681
Brandon Belt,SFG,128,553,473,116,24,3,25,75,70,69,137,6,4,2,,0.245,0.346,0.464,0.81,0.347,,1.8,-1.4,,2.2,,226.5,10264
Josh Bell,WSN,147,637,553,147,29,2,31,87,105,74,122,4,0,1,,0.267,0.355,0.496,0.851,0.36,,-4.1,-2.3,,2.2,,128.4,13145
José Abreu,CHW,154,665,593,155,32,2,31,84,109,50,149,15,1,0,,0.261,0.331,0.476,0.807,0.343,,-2,-1.2,,2.2,,75.5,15676
Mitch Haniger,SEA,143,616,548,135,25,2,30,87,85,53,154,9,3,0,,0.246,0.32,0.463,0.783,0.333,,-0.2,-0.8,,2.2,,107.6,14274
Teoscar Hernández,TOR,151,651,594,156,30,2,35,90,107,47,174,6,10,4,,0.263,0.321,0.497,0.818,0.346,,-2.5,0,,2.2,,30.5,13066
Nick Madrigal,CHC,130,560,515,153,25,6,6,63,51,30,40,8,13,8,,0.296,0.342,0.401,0.742,0.323,,2.9,-1.4,,2.2,,309.2,20521
Adam Frazier,SEA,133,574,518,138,26,3,9,68,46,41,73,8,7,5,,0.267,0.33,0.38,0.71,0.311,,0.7,-0.5,,2.2,,354.8,15223
Mark Canha,NYM,134,581,486,114,22,3,19,77,64,70,130,20,8,3,,0.235,0.352,0.411,0.762,0.335,,-2.9,-0.2,,2.1,,280.8,11445
Marcell Ozuna,ATL,149,644,575,151,25,1,29,82,100,62,141,3,4,1,,0.263,0.336,0.466,0.802,0.343,,0.5,0,,2.1,,186.9,10324
Carson Kelly,ARI,104,411,356,85,16,1,15,47,51,45,86,5,1,0,,0.24,0.33,0.418,0.749,0.323,,0.1,-0.4,,2.1,,267.4,13620
Mike Yastrzemski,SFG,133,574,507,122,28,4,23,72,71,54,145,8,4,2,,0.241,0.321,0.448,0.769,0.328,,0.4,-0.2,,2.1,,284.3,14854
Lorenzo Cain,MIL,123,532,475,126,23,0,12,62,50,46,95,5,16,5,,0.265,0.335,0.39,0.725,0.318,,4.1,1.1,,2.1,,401.5,9077
Andrés Giménez,CLE,115,497,454,113,23,3,15,58,52,24,116,12,19,6,,0.25,0.303,0.41,0.713,0.307,,4.4,1.1,,2.1,,278.7,19950
Isiah Kiner-Falefa,TEX,128,553,512,139,22,4,8,62,44,28,77,8,16,5,,0.272,0.318,0.375,0.693,0.302,,3.5,1.1,,2,,332.8,16512
Abraham Toro,SEA,107,462,410,102,20,2,14,56,52,39,77,9,6,3,,0.25,0.326,0.407,0.734,0.32,,-0.1,-0.6,,2,,271.5,19844
AJ Pollock,LAD,126,546,496,131,27,1,25,70,85,36,113,8,8,2,,0.264,0.32,0.477,0.798,0.337,,-1,0,,2,,217.9,9256
Jeremy Peña,HOU,117,504,463,116,17,4,18,51,54,27,124,8,10,5,,0.25,0.301,0.418,0.72,0.31,,-0.6,-0.4,,2,,470.4,sa876320
Jorge Soler,,146,630,545,129,28,0,35,83,96,72,168,8,1,0,,0.236,0.331,0.481,0.813,0.347,,-1.9,-1.6,,2,,193.9,14221
Akil Baddoo,DET,143,616,547,138,26,8,18,80,69,61,153,2,23,6,,0.253,0.328,0.43,0.758,0.326,,-2,1.9,,2,,157,22168
Luke Voit,NYY,134,581,506,127,20,2,29,78,86,60,160,10,1,0,,0.25,0.34,0.467,0.806,0.346,,-3,-1,,2,,258.9,14811
Andrew Benintendi,KCR,130,560,500,134,29,3,16,69,67,49,108,4,11,5,,0.268,0.335,0.436,0.771,0.332,,1.2,-0.5,,2,,193.1,17901
Jonah Heim,TEX,79,314,287,70,14,0,8,32,33,20,56,2,2,1,,0.243,0.296,0.378,0.674,0.292,,3.8,-0.4,,2,,453.9,16930
J.D. Martinez,BOS,154,665,592,160,35,2,30,89,98,62,155,5,1,0,,0.27,0.342,0.488,0.83,0.35,,-0.1,-1.9,,2,,88.6,6184
Avisaíl García,MIA,139,602,545,141,25,1,23,71,79,41,142,11,8,4,,0.259,0.321,0.437,0.758,0.324,,1.9,-0.8,,1.9,,174.2,5760
Brendan Rodgers,COL,131,567,525,147,29,4,21,72,70,29,113,8,1,1,,0.281,0.327,0.469,0.796,0.34,,0.2,-0.6,,1.9,,163.4,17907
Kevin Kiermaier,TBR,120,518,468,109,22,7,10,60,52,39,127,6,13,5,,0.233,0.298,0.374,0.672,0.291,,6.8,0.6,,1.9,,578.9,11038
Austin Hays,BAL,136,588,543,140,28,3,25,76,78,31,123,8,7,4,,0.257,0.306,0.456,0.762,0.325,,2.9,-0.7,,1.9,,238.8,19363
Ryan McMahon,COL,134,581,515,131,28,2,24,74,81,57,154,4,5,2,,0.254,0.33,0.455,0.785,0.336,,2.3,-0.2,,1.9,,159.3,15112
Joey Votto,CIN,152,658,559,139,27,2,32,85,97,89,155,5,2,0,,0.249,0.355,0.472,0.827,0.353,,-1,-2.7,,1.9,,137.5,4314
Tommy Pham,,130,560,481,121,23,2,17,73,58,70,124,5,15,5,,0.252,0.35,0.413,0.763,0.333,,-1.1,0.8,,1.9,,266.1,2967
Jose Miranda,MIN,100,434,401,111,23,1,14,55,56,22,58,6,2,1,,0.277,0.323,0.446,0.768,0.329,,0.9,-0.5,,1.8,,422.4,sa917952
David Fletcher,LAA,151,651,602,166,31,3,6,76,50,39,63,2,12,4,,0.276,0.321,0.367,0.688,0.301,,1.3,0.8,,1.8,,347.1,17992
Omar Narváez,MIL,104,413,363,91,15,0,12,45,45,41,82,5,0,0,,0.251,0.332,0.392,0.725,0.316,,-1.3,-0.9,,1.8,,245.3,13338
Daulton Varsho,ARI,105,438,393,99,20,3,16,56,53,37,91,4,9,3,,0.252,0.321,0.442,0.764,0.327,,-1.7,0.8,,1.8,,94.2,19918
Yuli Gurriel,HOU,139,602,540,153,29,1,17,75,77,48,73,5,2,2,,0.283,0.343,0.435,0.778,0.334,,-0.9,-1.4,,1.8,,206.9,19198
Lourdes Gurriel Jr.,TOR,138,595,551,150,31,2,26,74,87,33,121,5,4,3,,0.273,0.316,0.476,0.793,0.336,,-0.6,-1.5,,1.8,,142.2,19238
Jonathan Schoop,DET,141,609,565,149,27,2,22,76,75,30,123,8,2,0,,0.264,0.309,0.438,0.747,0.32,,-2.7,-0.2,,1.8,,203.1,11265
Robbie Grossman,DET,139,602,510,123,24,3,17,75,60,79,132,6,15,5,,0.241,0.348,0.402,0.75,0.328,,-0.5,-0.4,,1.8,,188.9,5254
Brian Anderson,MIA,120,518,455,112,22,1,16,56,59,48,125,11,5,2,,0.247,0.332,0.408,0.739,0.321,,0,0.2,,1.8,,440.3,18289
Julio Rodríguez,SEA,63,273,247,69,13,1,10,35,34,20,61,3,8,3,,0.278,0.339,0.458,0.796,0.342,,3.9,0.3,,1.8,,271.1,sa3005720
Joc Pederson,,122,525,464,111,21,3,25,69,74,46,123,10,3,3,,0.238,0.317,0.458,0.775,0.331,,-0.1,-0.8,,1.8,,465,11899
Alejandro Kirk,TOR,87,359,318,85,19,0,14,45,47,32,50,4,1,0,,0.267,0.339,0.465,0.804,0.345,,-0.5,-0.4,,1.8,,239,22581
Patrick Wisdom,CHC,134,581,520,113,20,0,35,74,88,51,213,6,7,2,,0.218,0.293,0.457,0.75,0.319,,0.1,-0.3,,1.8,,330.6,13602
Roberto Pérez,PIT,110,435,381,78,12,1,14,41,46,43,129,4,2,1,,0.205,0.29,0.352,0.642,0.283,,6.7,-1.1,,1.7,,517.8,2900
Jake Meyers,HOU,107,462,418,103,21,2,15,54,56,31,116,7,9,4,,0.247,0.307,0.415,0.722,0.312,,1.8,-0.3,,1.7,,587.5,20308
Cavan Biggio,TOR,123,532,449,102,21,2,17,68,57,73,140,4,8,2,,0.227,0.337,0.399,0.736,0.322,,-0.4,-0.1,,1.7,,316.5,19252
Jesús Sánchez,MIA,125,539,488,122,18,5,24,63,72,40,139,6,2,2,,0.25,0.312,0.45,0.762,0.324,,2.8,-1.3,,1.7,,222.2,19913
C.J. Cron,COL,134,581,511,137,30,1,30,75,94,53,128,12,1,0,,0.267,0.348,0.508,0.856,0.363,,0.1,-1.6,,1.7,,125.7,12546
Trey Mancini,BAL,149,644,577,152,32,2,26,82,84,54,143,8,1,0,,0.264,0.334,0.461,0.795,0.339,,-0.8,-0.7,,1.7,,195.5,15149
José Iglesias,,115,497,467,130,29,2,8,54,53,20,68,6,5,2,,0.279,0.315,0.403,0.718,0.31,,-0.5,-0.1,,1.7,,586,10231
Manuel Margot,TBR,115,497,450,114,23,3,12,59,56,40,88,2,16,8,,0.254,0.316,0.401,0.716,0.309,,2.8,0,,1.7,,375.1,14712
Ramón Urías,BAL,113,490,438,110,25,1,13,54,54,40,118,8,3,2,,0.251,0.323,0.401,0.725,0.316,,-3.5,-0.9,,1.6,,486,18795
Paul DeJong,STL,113,490,433,99,20,1,20,59,62,43,122,9,5,2,,0.229,0.309,0.418,0.726,0.314,,2.3,-0.2,,1.6,,441.7,18015
Gavin Lux,LAD,117,504,448,113,20,5,15,65,63,49,110,3,6,2,,0.252,0.327,0.417,0.745,0.321,,-0.5,0.3,,1.6,,243.1,19955
Eddie Rosario,,136,588,547,147,27,3,26,75,90,33,88,1,9,3,,0.268,0.31,0.468,0.777,0.329,,-1.2,0.1,,1.6,,180.5,12155
Ryan Mountcastle,BAL,146,630,578,152,28,2,30,79,94,40,162,5,4,2,,0.263,0.313,0.474,0.788,0.334,,-0.1,-0.7,,1.6,,116.5,18373
Hunter Renfroe,MIL,134,581,523,122,25,0,34,78,90,49,152,3,3,1,,0.234,0.3,0.477,0.777,0.329,,1.4,-1.1,,1.6,,162.9,15464
Eugenio Suárez,CIN,131,567,495,114,20,1,31,71,89,59,163,8,1,1,,0.23,0.32,0.464,0.784,0.335,,-1.5,-1.6,,1.6,,194.9,12552
Christian Vázquez,BOS,94,371,341,87,17,1,9,40,39,24,68,2,5,3,,0.256,0.307,0.386,0.694,0.301,,2.3,-1.2,,1.6,,202.3,9774
Andrelton Simmons,,122,525,482,123,22,1,6,53,47,33,65,4,5,1,,0.256,0.308,0.344,0.652,0.287,,5.8,0.3,,1.6,,592.6,10847
Josh Rojas,ARI,130,560,495,123,27,3,13,68,51,56,128,3,14,6,,0.248,0.325,0.391,0.716,0.313,,-0.4,0.5,,1.6,,239.7,19734
Brandon Marsh,LAA,120,518,464,114,21,4,10,53,44,46,152,4,10,3,,0.246,0.318,0.372,0.69,0.302,,1.6,0.8,,1.5,,393.6,20202
Jazz Chisholm Jr.,MIA,126,546,494,116,19,5,21,70,61,41,157,5,21,9,,0.235,0.298,0.42,0.718,0.309,,-3,0.5,,1.5,,77.8,20454
Bryan De La Cruz,MIA,122,525,479,128,22,3,13,57,54,35,117,4,4,3,,0.268,0.321,0.408,0.729,0.315,,-2.5,-1,,1.5,,481.8,19600
Nelson Cruz,,133,574,509,133,20,1,31,76,89,51,137,8,2,0,,0.262,0.335,0.487,0.822,0.344,,0,-2,,1.5,,175.2,2434
Tommy La Stella,SFG,118,511,460,124,22,2,12,64,52,42,52,4,2,1,,0.27,0.335,0.407,0.742,0.322,,-3.8,-0.9,,1.5,,534.2,12371
Adolis García,TEX,146,630,588,136,27,3,28,74,88,30,193,8,13,6,,0.231,0.275,0.431,0.706,0.301,,4.2,-0.9,,1.5,,165.6,19287
Adam Duvall,ATL,146,630,573,130,23,3,38,79,114,44,185,7,4,1,,0.227,0.289,0.474,0.763,0.322,,4.6,-0.8,,1.5,,217.3,10950
Taylor Walls,TBR,104,448,392,87,20,2,8,49,42,47,117,3,15,8,,0.223,0.308,0.345,0.653,0.288,,5.9,-0.7,,1.5,,564.2,22458
Travis d'Arnaud,ATL,139,570,514,127,25,0,20,63,74,45,136,5,1,0,,0.247,0.311,0.413,0.724,0.313,,-1.8,-1.2,,1.5,,213,7739
Didi Gregorius,PHI,143,616,561,138,26,4,23,72,86,40,95,8,4,2,,0.247,0.303,0.426,0.73,0.311,,-1.7,-0.3,,1.5,,468.9,6012
Edmundo Sosa,STL,99,427,389,99,15,4,9,47,42,20,86,13,5,3,,0.255,0.311,0.387,0.698,0.303,,1.6,-0.8,,1.5,,440,17022
Manny Piña,ATL,76,304,269,61,11,0,12,33,41,26,67,7,1,0,,0.228,0.308,0.404,0.712,0.309,,2.4,-0.8,,1.5,,547.3,2829
Austin Nola,SDP,87,355,315,82,17,1,8,39,40,29,61,6,1,1,,0.26,0.331,0.399,0.73,0.319,,-1,-0.4,,1.5,,367.7,15941
Andrew Vaughn,CHW,115,497,440,110,24,0,19,60,58,44,106,8,2,2,,0.251,0.329,0.44,0.768,0.332,,-0.3,-1,,1.4,,245.2,26197
Carter Kieboom,WSN,126,546,474,115,21,2,16,66,61,56,122,10,2,2,,0.242,0.333,0.392,0.725,0.317,,-2.2,-0.9,,1.4,,494.3,19958
César Hernández,WSN,126,546,486,124,22,2,14,68,56,50,106,5,3,1,,0.254,0.328,0.391,0.718,0.313,,-0.7,-0.3,,1.4,,394.3,10556
Jarred Kelenic,SEA,131,567,508,117,24,2,24,68,75,49,141,5,13,6,,0.231,0.302,0.428,0.73,0.313,,-4.9,0,,1.4,,141.9,22558
Miguel Sanó,MIN,149,644,562,128,28,1,38,88,99,72,223,5,2,1,,0.228,0.319,0.485,0.803,0.341,,-8.4,-1,,1.4,,271.9,12164
Evan Longoria,SFG,120,518,466,114,22,1,18,61,67,42,115,5,3,1,,0.245,0.312,0.416,0.727,0.312,,-0.1,-0.8,,1.4,,399.8,9368
Austin Hedges,CLE,99,390,355,71,13,0,14,39,45,24,112,4,2,1,,0.199,0.256,0.359,0.615,0.264,,4.3,-0.4,,1.4,,580.2,12976
Adalberto Mondesi,KCR,136,588,548,136,28,7,19,73,70,29,165,3,50,11,,0.248,0.288,0.429,0.717,0.305,,2,5.3,,1.4,,60.8,13769
Ha-Seong Kim,SDP,89,385,344,83,17,2,12,46,48,32,77,4,9,2,,0.241,0.31,0.4,0.711,0.308,,0.8,0.7,,1.4,,384.9,27506
Chad Pinder,OAK,121,525,477,117,27,2,18,63,64,36,127,6,2,1,,0.246,0.306,0.423,0.729,0.313,,-1.2,-1,,1.4,,564.6,15191
Anthony Santander,BAL,130,560,519,132,30,1,24,67,76,30,118,5,2,2,,0.255,0.3,0.458,0.758,0.321,,0.8,-0.7,,1.4,,284,14551
Jesús Aguilar,MIA,120,518,457,118,21,0,22,60,79,51,103,4,0,0,,0.258,0.333,0.448,0.781,0.333,,0.1,-1.3,,1.3,,302.3,11342
Kyle Lewis,SEA,125,539,482,115,21,1,18,60,61,51,156,2,5,2,,0.239,0.313,0.399,0.712,0.31,,-0.2,-0.1,,1.3,,318.5,19508
Garrett Cooper,MIA,115,497,438,115,20,2,17,59,61,48,130,7,2,1,,0.262,0.344,0.431,0.775,0.337,,-0.8,-1.7,,1.3,,493.4,15279
Rafael Ortega,CHC,115,497,445,111,22,3,14,61,50,45,105,3,14,6,,0.25,0.321,0.405,0.726,0.315,,-1.4,-0.3,,1.3,,327.5,10323
LaMonte Wade Jr.,SFG,133,574,500,121,24,3,20,71,68,59,129,8,8,3,,0.242,0.329,0.422,0.751,0.325,,-3.4,-0.6,,1.3,,310.8,18126
Joey Wendle,MIA,100,434,397,104,23,3,8,50,42,24,87,9,8,4,,0.261,0.315,0.398,0.713,0.307,,1.1,-0.2,,1.3,,362.9,13853
Wilmer Flores,SFG,97,420,380,102,20,1,15,51,53,32,56,4,1,0,,0.27,0.331,0.447,0.778,0.334,,-1.1,-1,,1.3,,413.5,5827
Victor Robles,WSN,117,504,442,105,25,2,10,58,46,37,119,17,16,6,,0.237,0.319,0.375,0.694,0.304,,3,0.1,,1.3,,452.6,18363
Tucker Barnhart,DET,94,371,330,75,16,1,7,34,35,33,86,4,1,1,,0.229,0.305,0.342,0.647,0.285,,3.1,-1.1,,1.3,,409.7,10200
Gary Sánchez,NYY,100,399,347,72,12,1,21,50,58,43,112,6,0,0,,0.209,0.305,0.432,0.738,0.317,,-5.2,-0.8,,1.3,,256.1,11442
Steven Kwan,CLE,86,371,337,96,16,3,9,45,39,28,42,3,5,3,,0.284,0.341,0.431,0.772,0.334,,-0.7,-0.4,,1.3,,518.2,sa3008536
David Peralta,ARI,120,518,470,127,25,5,13,56,63,40,97,4,2,1,,0.27,0.33,0.426,0.756,0.325,,1.4,-0.3,,1.3,,481.6,2136
Yadier Molina,STL,112,444,413,103,18,0,10,42,52,21,74,6,3,0,,0.249,0.293,0.368,0.661,0.287,,3.3,-1.6,,1.3,,303.4,7007
Santiago Espinal,TOR,123,532,485,126,25,2,7,58,47,38,83,3,9,5,,0.26,0.317,0.363,0.68,0.298,,3.5,-0.5,,1.3,,506.7,19997
Gavin Sheets,CHW,110,476,431,110,20,0,22,59,71,36,107,3,2,1,,0.256,0.316,0.457,0.773,0.331,,-0.1,-0.9,,1.3,,483.8,19901
Francisco Mejía,TBR,66,262,239,60,13,2,7,29,30,15,51,5,1,0,,0.25,0.306,0.415,0.722,0.31,,0.4,-0.2,,1.3,,425.4,16403
Ji-Man Choi,TBR,109,469,396,92,20,1,16,54,57,64,127,4,1,1,,0.232,0.342,0.407,0.749,0.327,,-1.3,-0.8,,1.2,,555.1,5452
Wil Myers,SDP,146,630,560,134,29,2,23,72,78,63,183,3,11,5,,0.239,0.318,0.423,0.74,0.319,,-3,-0.2,,1.2,,288.6,10047
Nick Ahmed,ARI,117,504,457,110,27,3,10,55,52,38,104,3,7,2,,0.241,0.3,0.381,0.681,0.294,,2.4,0.3,,1.2,,562.9,12147
Cal Raleigh,SEA,68,269,248,56,14,0,10,29,33,16,66,2,2,1,,0.228,0.279,0.408,0.687,0.294,,-1.2,-0.1,,1.2,,530.3,21534
Martín Maldonado,HOU,115,454,400,78,15,1,13,47,46,43,132,6,1,0,,0.196,0.282,0.337,0.619,0.273,,3.2,-1.6,,1.2,,548.2,6887
Jonathan Villar,,109,469,420,104,17,2,13,56,45,41,119,3,18,6,,0.247,0.317,0.392,0.709,0.309,,-3.3,1.3,,1.2,,286.2,10071
Bryson Stott,PHI,75,322,288,72,13,1,9,36,33,29,75,1,5,3,,0.251,0.322,0.396,0.718,0.313,,1.2,-0.5,,1.2,,475.3,sa3011443
Kyle Farmer,CIN,125,539,493,125,24,2,14,57,61,26,106,13,4,2,,0.254,0.306,0.399,0.705,0.305,,0,-0.6,,1.2,,503.9,14813
Nick Solak,TEX,110,476,427,111,19,1,13,56,53,35,99,9,7,3,,0.259,0.326,0.399,0.724,0.316,,-3.1,-0.1,,1.2,,441.7,19294
Brad Miller,,89,385,337,79,13,2,18,49,52,42,111,3,3,1,,0.233,0.322,0.443,0.766,0.328,,-0.6,-0.7,,1.2,,549.5,12775
Andrew McCutchen,,133,574,489,114,23,1,23,75,72,74,131,5,7,2,,0.234,0.337,0.425,0.762,0.331,,-1.4,-1.1,,1.2,,369.1,9847
Rowdy Tellez,MIL,112,483,433,112,22,1,23,61,68,39,108,6,1,1,,0.258,0.326,0.476,0.802,0.339,,-0.3,-0.8,,1.2,,318.5,15679
Kyle Higashioka,NYY,62,243,223,48,10,0,11,27,34,16,65,1,1,0,,0.213,0.268,0.413,0.681,0.291,,0,-0.3,,1.2,,564.9,5517
Austin Allen,OAK,57,224,208,52,11,1,9,25,28,12,51,2,1,0,,0.248,0.292,0.431,0.723,0.308,,0,-0.3,,1.2,,599.6,18083
Kole Calhoun,TEX,105,455,401,92,18,1,19,57,54,44,109,5,3,1,,0.229,0.311,0.423,0.734,0.316,,1,-0.6,,1.1,,484,11200
Michael A. Taylor,KCR,125,539,493,116,24,2,14,58,54,35,151,4,14,6,,0.235,0.29,0.375,0.664,0.288,,4.9,0.3,,1.1,,464.7,11489
Elvis Andrus,OAK,113,490,450,113,22,2,7,53,42,29,75,4,11,4,,0.251,0.3,0.355,0.655,0.285,,-1.5,1.3,,1.1,,553.4,8709
Riley Greene,DET,52,224,201,53,9,2,8,29,28,18,59,2,4,1,,0.265,0.33,0.455,0.785,0.336,,-1.1,0.3,,1.1,,301.9,sa3010694
Jose Trevino,TEX,78,307,288,69,16,0,6,30,31,13,58,1,2,1,,0.241,0.273,0.363,0.636,0.273,,1.4,-0.8,,1.1,,585.3,16725
Frank Schwindel,CHC,128,553,513,137,28,1,25,72,79,30,97,4,3,1,,0.268,0.311,0.475,0.786,0.333,,-0.1,-0.9,,1.1,,233.2,15351
Alec Bohm,PHI,128,553,499,131,24,2,16,62,64,44,128,4,6,2,,0.263,0.325,0.412,0.736,0.319,,-0.3,-0.6,,1.1,,289.9,21618
Jake Fraley,SEA,94,406,350,80,16,2,14,46,49,46,112,5,13,5,,0.229,0.324,0.403,0.727,0.316,,-1.8,0,,1.1,,591.9,19260
Willie Calhoun,TEX,125,539,489,128,23,3,20,64,63,40,78,5,3,1,,0.262,0.322,0.445,0.767,0.329,,-1.9,-1.5,,1.1,,433.8,17838
Lane Thomas,WSN,113,490,431,103,22,3,16,65,57,49,128,4,11,5,,0.239,0.321,0.417,0.738,0.319,,0.8,-0.5,,1.1,,248.5,16939
Kevin Plawecki,BOS,63,250,224,59,13,1,5,26,27,19,43,4,1,0,,0.261,0.33,0.399,0.73,0.319,,-1.6,-0.6,,1,,578.3,13807
Luis García,WSN,97,420,393,106,21,2,13,49,51,22,70,2,3,3,,0.27,0.309,0.438,0.748,0.319,,-2.7,-0.8,,1,,510.8,20391
Austin Barnes,LAD,58,230,201,44,9,0,6,27,24,22,56,4,2,1,,0.219,0.307,0.356,0.663,0.291,,0.5,-0.1,,1,,591.5,12158
Joey Bart,SFG,96,378,348,82,16,1,10,42,39,20,111,6,2,1,,0.236,0.288,0.375,0.663,0.288,,-0.7,-0.4,,1,,272.9,21524
Donovan Solano,,97,420,384,107,21,1,7,44,41,24,76,6,2,0,,0.278,0.326,0.391,0.718,0.311,,-2.1,-0.6,,1,,596.1,8623
James McCann,NYM,102,403,367,85,15,1,11,39,45,28,113,4,3,2,,0.233,0.292,0.369,0.661,0.288,,-0.1,-0.9,,1,,339.9,12859
J.D. Davis,NYM,73,315,276,70,14,1,10,36,36,31,83,5,2,0,,0.254,0.338,0.423,0.761,0.33,,-2.1,-0.4,,1,,460,16219
Leury García,CHW,112,483,440,114,20,3,8,55,46,30,103,4,7,3,,0.259,0.311,0.37,0.681,0.298,,-1.7,0.5,,1,,495.1,5913
Elias Díaz,COL,91,358,325,86,17,1,12,42,43,27,60,2,1,0,,0.263,0.323,0.432,0.755,0.324,,-1.5,-0.6,,1,,239.8,11680
Aledmys Díaz,HOU,75,322,292,74,17,0,9,35,41,20,58,6,1,1,,0.252,0.31,0.405,0.716,0.308,,-0.7,-0.6,,1,,553.6,15937
Kyle Isbel,KCR,100,434,393,99,20,4,11,53,45,31,97,5,13,4,,0.253,0.314,0.405,0.719,0.311,,0.7,0.7,,1,,506.9,21614
Austin Slater,SFG,75,322,282,70,14,2,9,39,34,32,86,5,11,3,,0.247,0.334,0.409,0.743,0.323,,0.6,1,,1,,558.9,16153
Tom Murphy,SEA,65,256,227,49,9,1,10,27,30,24,80,2,1,1,,0.214,0.293,0.386,0.679,0.296,,-0.4,-0.3,,1,,503.6,13499
Odúbel Herrera,,73,315,288,76,16,1,9,38,36,20,53,4,4,1,,0.265,0.317,0.425,0.742,0.32,,-1.5,0.1,,1,,585.4,11476
Tyler Naquin,CIN,122,525,481,125,26,2,19,60,71,33,126,5,5,3,,0.259,0.312,0.44,0.752,0.321,,-1,-0.6,,0.9,,366.6,13359
Josh Harrison,,113,490,446,116,24,2,8,52,48,27,71,12,8,4,,0.261,0.318,0.377,0.694,0.304,,-0.8,-0.7,,0.9,,430,8202
Jason Heyward,CHC,97,420,372,91,16,3,12,48,46,41,82,4,5,2,,0.244,0.323,0.397,0.72,0.313,,3.1,0.5,,0.9,,600.1,4940
Bobby Dalbec,BOS,115,497,444,103,20,3,26,60,72,40,166,8,3,1,,0.231,0.304,0.464,0.768,0.326,,0.2,-0.6,,0.9,,224.8,19966
Tyrone Taylor,MIL,110,476,430,104,20,3,18,57,63,31,110,8,8,2,,0.242,0.303,0.428,0.731,0.313,,2,0.3,,0.9,,469.8,13675
Yan Gomes,CHC,71,284,260,64,12,1,10,32,36,17,63,4,1,0,,0.247,0.302,0.414,0.716,0.305,,0.7,-0.4,,0.9,,381.6,9627
Orlando Arcia,ATL,107,462,420,107,19,1,15,49,53,34,80,2,6,3,,0.254,0.31,0.408,0.718,0.309,,5.8,-0.1,,0.9,,600.2,13185
Chas McCormick,HOU,70,301,267,64,10,1,10,35,36,27,81,3,5,2,,0.238,0.311,0.392,0.703,0.306,,2.5,-0.2,,0.9,,458.3,19599
Alex Kirilloff,MIN,110,476,439,118,22,2,17,54,62,29,105,4,4,3,,0.269,0.319,0.447,0.766,0.327,,0.2,-0.9,,0.9,,179.4,20325
Thairo Estrada,SFG,66,287,264,69,13,1,9,36,34,16,54,4,4,2,,0.262,0.313,0.417,0.73,0.315,,-1.7,0,,0.9,,600.3,16426
Mike Moustakas,CIN,113,490,438,107,24,1,22,57,71,42,96,6,2,0,,0.244,0.315,0.455,0.771,0.328,,-3,-1,,0.9,,362.5,4892
Jordan Luplow,ARI,87,378,326,76,18,1,15,48,47,45,96,4,4,3,,0.234,0.333,0.433,0.765,0.332,,0.6,-0.7,,0.9,,598.3,16424
Connor Joe,COL,87,378,326,85,18,1,13,47,47,43,79,5,1,1,,0.26,0.353,0.44,0.793,0.344,,1,-0.5,,0.8,,329.4,16572
Steven Duggar,SFG,84,364,327,78,17,4,7,42,37,31,107,3,8,3,,0.239,0.309,0.38,0.689,0.298,,0.6,0.3,,0.8,,599.6,17719
Nick Pratto,KCR,53,231,203,50,10,2,11,29,30,22,65,3,4,1,,0.247,0.325,0.473,0.798,0.339,,1,-0.1,,0.8,,530.7,sa3004138
Victor Reyes,DET,63,273,256,70,13,3,6,33,27,13,58,2,7,2,,0.274,0.31,0.414,0.724,0.311,,0.5,0.3,,0.8,,592.4,15487
Matt Thaiss,LAA,55,221,194,45,9,1,7,27,26,22,51,2,1,0,,0.233,0.315,0.397,0.712,0.309,,-0.5,-0.3,,0.8,,579.4,19318
Jo Adell,LAA,126,546,504,122,23,4,23,62,79,32,153,5,9,3,,0.242,0.293,0.441,0.734,0.313,,-2.9,-0.2,,0.8,,232.5,20220
Andy Ibáñez,TEX,81,350,320,86,17,2,10,41,39,23,55,3,2,2,,0.268,0.32,0.424,0.744,0.32,,1,-0.8,,0.8,,588.3,18819
Dylan Moore,SEA,86,371,326,68,15,2,11,41,40,34,104,8,18,7,,0.21,0.296,0.369,0.665,0.292,,-0.1,0.6,,0.8,,462.1,18042
Ryan Jeffers,MIN,47,186,166,36,6,0,7,20,22,15,58,3,0,0,,0.216,0.29,0.392,0.682,0.296,,0.2,-0.4,,0.8,,484.3,24618
Adam Engel,CHW,87,378,345,82,17,2,12,43,41,21,96,8,11,4,,0.238,0.294,0.399,0.694,0.3,,2.2,0.7,,0.8,,596.2,15082
Matt Duffy,,62,266,237,64,11,1,4,29,24,22,50,4,4,2,,0.272,0.342,0.371,0.713,0.315,,-1.3,-0.3,,0.7,,586.7,13836
Christian Walker,ARI,115,497,445,110,25,2,17,61,61,43,123,5,2,1,,0.248,0.32,0.427,0.747,0.322,,1.5,0,,0.7,,462.1,13419
Juan Yepez,STL,73,315,281,71,16,0,14,40,44,25,66,4,2,1,,0.251,0.319,0.463,0.782,0.333,,0.1,-0.5,,0.7,,494.2,sa877505
Corey Dickerson,,99,427,395,105,22,3,11,49,46,25,81,3,5,3,,0.266,0.313,0.425,0.738,0.315,,-0.3,-0.9,,0.7,,594.5,10762
Rougned Odor,BAL,87,378,338,72,16,1,18,46,51,30,106,6,3,3,,0.212,0.286,0.422,0.709,0.303,,-1.3,-0.5,,0.7,,456.2,12282
Randal Grichuk,TOR,118,511,474,117,25,2,24,63,75,29,114,4,2,1,,0.246,0.292,0.458,0.75,0.318,,-3,-0.8,,0.7,,400.2,10243
Jason Castro,HOU,40,160,136,29,6,0,6,19,17,20,50,2,0,0,,0.213,0.319,0.388,0.707,0.31,,-0.8,-0.4,,0.7,,596,8722
Victor Caratini,SDP,60,237,209,51,9,0,6,25,26,23,53,3,1,0,,0.243,0.325,0.372,0.696,0.302,,-0.8,-0.2,,0.7,,562.4,14968
Ben Gamel,PIT,121,525,454,111,26,3,10,58,45,61,135,4,6,5,,0.246,0.339,0.382,0.721,0.316,,-1.6,-1.1,,0.7,,571.3,12160
Darin Ruf,SFG,87,378,330,80,16,1,15,44,47,40,103,4,2,1,,0.243,0.331,0.434,0.765,0.329,,-0.2,-0.7,,0.7,,409.2,9929
Charlie Blackmon,COL,138,595,533,148,28,4,18,80,76,48,101,8,3,2,,0.277,0.344,0.449,0.793,0.341,,-2,-0.8,,0.7,,238.4,7859
Christian Arroyo,BOS,53,231,211,52,12,1,7,27,28,13,54,5,2,0,,0.249,0.306,0.419,0.724,0.313,,0.5,0.1,,0.7,,593.8,16434
Kevin Smith,TOR,81,350,319,73,15,2,15,41,45,23,96,3,8,3,,0.23,0.286,0.425,0.711,0.303,,-1.2,0.2,,0.7,,594.6,20242
Jarren Duran,BOS,115,497,455,115,21,5,13,58,49,31,126,6,19,6,,0.253,0.308,0.403,0.711,0.307,,-0.4,0.8,,0.7,,433.3,24617
Bobby Bradley,CLE,120,518,463,99,19,1,28,61,73,43,182,7,1,0,,0.213,0.287,0.442,0.729,0.31,,2.4,-0.9,,0.7,,438.3,17278
Kevin Newman,PIT,94,406,375,100,18,3,5,42,36,22,39,3,6,3,,0.265,0.31,0.37,0.68,0.295,,-0.6,-0.1,,0.7,,592.2,17696
Triston Casas,BOS,63,273,241,61,12,2,10,36,33,26,59,3,3,1,,0.255,0.332,0.445,0.776,0.334,,0.2,-0.1,,0.7,,497.2,sa3007634
Pavin Smith,ARI,112,483,435,115,22,4,11,56,48,40,89,3,2,1,,0.264,0.327,0.409,0.736,0.319,,-0.3,-0.9,,0.7,,408.1,19892
Brett Gardner,,94,406,349,79,15,4,10,45,39,47,91,3,4,1,,0.226,0.321,0.371,0.691,0.305,,-0.5,0.4,,0.7,,598.6,9927
Starlin Castro,,65,280,259,70,14,1,6,28,32,17,49,1,1,1,,0.272,0.317,0.406,0.723,0.311,,-1.4,-0.5,,0.7,,599.5,4579
Luis Rengifo,LAA,50,217,195,48,8,1,6,25,22,17,41,2,5,3,,0.246,0.311,0.389,0.7,0.304,,0.4,-0.2,,0.6,,600.3,19858
Josh VanMeter,ARI,83,357,311,72,18,2,11,42,41,40,89,3,6,3,,0.232,0.322,0.405,0.727,0.317,,-1,-0.5,,0.6,,592.6,15170
Oscar Mercado,CLE,65,280,252,61,13,1,7,33,28,21,54,3,9,3,,0.244,0.309,0.389,0.698,0.304,,1.7,0.7,,0.6,,588,16375
Jurickson Profar,SDP,115,497,434,105,22,2,12,59,52,50,76,7,11,4,,0.241,0.328,0.383,0.711,0.312,,-1.2,0.5,,0.6,,501.5,10815
Johan Camargo,PHI,41,175,158,41,8,1,6,22,21,14,35,1,0,0,,0.259,0.321,0.44,0.761,0.326,,-0.3,-0.2,,0.6,,600.9,14950
Oswald Peraza,NYY,49,210,194,49,8,1,6,23,21,12,45,2,10,3,,0.251,0.299,0.384,0.683,0.296,,-0.1,0.4,,0.6,,600.1,sa3003305
Tomás Nido,NYM,52,205,192,42,8,1,5,20,21,9,54,2,1,0,,0.221,0.26,0.349,0.609,0.262,,1,-0.3,,0.6,,600.8,13755
Carlos Santana,KCR,99,427,363,85,15,0,14,50,48,58,69,2,1,0,,0.235,0.342,0.393,0.735,0.322,,-0.3,-0.5,,0.6,,461.5,2396
Bradley Zimmer,CLE,79,343,298,66,11,1,8,41,33,29,119,12,12,4,,0.221,0.314,0.349,0.663,0.296,,2.2,0.8,,0.6,,470.6,16221
Alek Thomas,ARI,39,168,152,40,8,3,4,20,18,12,35,2,4,2,,0.266,0.326,0.429,0.755,0.326,,0.1,-0.3,,0.6,,551.9,sa3006892
Seth Beer,ARI,89,385,340,88,18,0,14,47,46,27,80,14,1,1,,0.259,0.337,0.436,0.772,0.334,,-0.5,-0.7,,0.6,,538.3,20493
Hunter Dozier,KCR,117,504,451,106,23,5,17,56,57,44,136,4,5,3,,0.236,0.308,0.424,0.732,0.315,,-2.7,-0.8,,0.6,,395.3,15117
Nolan Jones,CLE,55,238,207,48,10,1,7,28,25,26,74,2,4,1,,0.233,0.325,0.393,0.718,0.314,,0.7,0,,0.6,,592.4,sa917941
TJ Friedl,CIN,73,315,278,71,11,3,8,37,31,26,55,6,8,3,,0.254,0.33,0.402,0.731,0.318,,-1.6,0,,0.6,,598.8,19522
Curt Casali,SFG,62,243,213,46,9,0,6,23,25,24,67,3,1,0,,0.217,0.305,0.351,0.656,0.287,,-0.7,-0.4,,0.6,,592.7,12510
Josh Naylor,CLE,58,252,230,61,13,1,9,29,30,19,44,2,1,1,,0.265,0.324,0.439,0.763,0.327,,-1.4,-0.2,,0.6,,583.2,18839
MJ Melendez,KCR,29,119,106,27,5,1,6,15,16,11,28,1,1,1,,0.25,0.319,0.468,0.786,0.335,,0.1,-0.2,,0.6,,375.4,sa3004139
Lewin Díaz,MIA,79,343,317,76,14,1,16,39,44,19,75,3,1,0,,0.241,0.289,0.444,0.733,0.31,,2.1,-0.2,,0.6,,571.2,18365
Eric Hosmer,SDP,130,560,507,133,24,1,16,61,71,43,112,4,5,3,,0.262,0.323,0.408,0.732,0.316,,-1,-1.7,,0.6,,399.7,3516
Sam Hilliard,COL,102,441,397,91,17,3,20,55,57,37,143,2,10,3,,0.229,0.297,0.441,0.739,0.313,,0.5,0.6,,0.5,,436.8,17954
Alex Dickerson,,68,294,265,67,13,2,11,37,38,22,67,5,1,0,,0.252,0.32,0.441,0.76,0.325,,-1.4,-0.3,,0.5,,600.5,12649
Brett Phillips,TBR,52,224,193,37,6,3,7,28,24,26,82,1,9,2,,0.192,0.29,0.362,0.651,0.286,,3.1,1,,0.5,,596.2,14735
Yoshi Tsutsugo,PIT,123,532,459,105,22,1,19,63,61,62,129,3,1,1,,0.229,0.322,0.411,0.733,0.318,,-0.1,-0.9,,0.5,,378.9,27459
Travis Swaggerty,PIT,49,210,188,46,7,1,5,23,19,18,50,1,6,2,,0.244,0.311,0.375,0.686,0.3,,1,0.1,,0.5,,593,sa3007512
Leody Taveras,TEX,45,196,176,40,7,1,5,23,19,16,51,1,7,2,,0.225,0.291,0.375,0.666,0.289,,1.7,0.4,,0.5,,546.2,18900
Hoy Park,PIT,42,182,156,37,7,1,4,22,17,22,40,2,4,2,,0.24,0.337,0.376,0.713,0.313,,-0.4,-0.1,,0.5,,599,18027
Jed Lowrie,,110,476,425,103,25,0,13,52,59,44,101,3,0,0,,0.243,0.316,0.392,0.708,0.308,,-1.9,-1.3,,0.5,,591.8,4418
Jose Barrero,CIN,37,161,146,37,8,1,5,19,20,10,39,3,4,1,,0.251,0.311,0.415,0.725,0.313,,0.3,0.2,,0.5,,424.4,23378
Yu Chang,CLE,57,245,225,53,12,1,8,28,31,15,66,3,2,1,,0.238,0.292,0.416,0.708,0.304,,0.9,-0.3,,0.5,,596.7,14773
Matt Vierling,PHI,117,504,456,114,20,3,14,57,54,33,114,6,10,4,,0.25,0.307,0.398,0.704,0.304,,2.2,0.1,,0.5,,565.8,21558
Jackie Bradley Jr.,BOS,91,392,349,76,19,2,9,44,39,31,108,7,6,2,,0.217,0.293,0.364,0.657,0.287,,1.4,0.5,,0.5,,581.7,12984
Dominic Smith,NYM,96,413,374,95,21,1,13,46,54,28,95,6,2,1,,0.254,0.315,0.419,0.733,0.316,,-1.4,-0.8,,0.5,,444.7,15653
Kelvin Gutierrez,BAL,87,378,346,84,12,3,8,37,37,25,93,4,4,2,,0.241,0.297,0.365,0.661,0.289,,0.6,-0.4,,0.5,,598.8,17468
Stephen Piscotty,OAK,128,553,503,119,25,1,18,58,65,38,134,6,4,1,,0.237,0.296,0.397,0.693,0.3,,-1.8,0,,0.5,,597.3,13367
Wilson Ramos,,44,173,159,42,7,0,6,18,23,11,31,1,0,0,,0.267,0.318,0.428,0.746,0.321,,-2.2,-0.7,,0.5,,599.8,1433
Dom Nuñez,COL,66,262,227,46,10,2,10,30,31,30,84,2,1,1,,0.203,0.301,0.397,0.697,0.299,,-0.5,-0.2,,0.5,,579.1,15055
Daniel Vogelbach,,42,182,151,35,6,0,8,23,23,28,42,1,0,0,,0.23,0.353,0.425,0.778,0.34,,0,-0.5,,0.5,,599.8,14130
Vidal Bruján,TBR,39,168,153,36,8,1,3,20,17,12,30,1,12,4,,0.238,0.298,0.361,0.659,0.288,,0.4,0.7,,0.5,,350.5,20536
Travis Shaw,,52,224,195,43,9,0,8,24,28,25,59,2,1,0,,0.221,0.314,0.398,0.712,0.31,,-0.1,-0.5,,0.5,,600.8,11982
Cooper Hummel,ARI,42,182,155,38,7,2,5,23,20,22,42,3,2,1,,0.243,0.346,0.41,0.756,0.331,,0.1,-0.2,,0.5,,999,sa918412
Michael Hermosillo,CHC,41,175,154,35,6,1,7,22,22,14,52,5,4,2,,0.231,0.314,0.422,0.736,0.319,,0.3,0,,0.5,,599,16285
Nolan Gorman,STL,29,126,117,30,6,0,5,14,15,7,27,1,1,0,,0.254,0.298,0.43,0.728,0.311,,0.7,0,,0.5,,476.8,sa3007017
Brent Rooker,MIN,65,280,245,54,12,1,13,35,36,25,92,6,1,1,,0.22,0.307,0.435,0.742,0.319,,-2,-0.3,,0.4,,599.4,19627
Cam Gallagher,KCR,24,96,87,22,5,0,2,10,8,7,17,1,0,0,,0.248,0.306,0.363,0.67,0.293,,0.5,-0.2,,0.4,,600.5,12981
Lars Nootbaar,STL,76,329,294,74,9,2,11,39,37,30,66,2,5,3,,0.25,0.321,0.404,0.725,0.312,,0.8,-0.6,,0.4,,555.2,21454
Nick Senzel,CIN,52,224,202,52,11,2,6,28,23,18,45,1,6,3,,0.259,0.322,0.419,0.74,0.32,,-0.1,-0.5,,0.4,,478.4,19293
Aristides Aquino,CIN,107,462,409,91,16,1,26,59,71,44,143,5,7,2,,0.224,0.304,0.456,0.76,0.323,,-0.1,-0.1,,0.4,,594.3,15482
Nick Gordon,MIN,45,196,181,46,9,1,4,21,20,11,44,2,8,2,,0.254,0.302,0.381,0.683,0.296,,-0.8,0.5,,0.4,,559.1,16337
Niko Goodrum,,57,245,219,48,11,1,6,27,24,22,76,2,8,3,,0.22,0.295,0.368,0.663,0.29,,-0.6,0.5,,0.4,,571.2,12092
Yadiel Hernandez,WSN,99,427,387,102,16,1,16,52,56,34,97,2,3,2,,0.263,0.323,0.433,0.756,0.324,,-0.9,-0.9,,0.4,,568.5,19334
Matt Beaty,LAD,79,343,308,79,16,1,9,43,47,24,61,9,3,1,,0.257,0.327,0.407,0.734,0.32,,-1.2,-0.2,,0.4,,585.1,17710
Luis Torrens,SEA,58,241,219,52,10,1,8,25,29,18,60,1,0,0,,0.235,0.295,0.402,0.697,0.3,,-0.3,-0.4,,0.4,,392.9,15905
Seth Brown,OAK,126,546,499,114,26,3,24,65,75,37,161,3,6,2,,0.229,0.285,0.436,0.721,0.305,,0.3,-0.4,,0.4,,485.5,18171
Tyler Wade,LAA,75,322,287,66,13,2,4,38,25,28,79,3,18,6,,0.229,0.302,0.332,0.635,0.281,,-1.1,1.2,,0.4,,463.9,15730
Robinson Canó,NYM,112,483,445,115,24,1,13,51,55,28,81,5,1,0,,0.259,0.308,0.404,0.712,0.306,,-0.8,-1.1,,0.4,,483.5,3269
Andrew Knizner,STL,49,192,172,41,7,0,5,21,20,14,37,3,1,0,,0.241,0.31,0.369,0.678,0.296,,0.3,0,,0.4,,595.6,19514
Tim Locastro,,40,175,154,37,9,1,3,22,15,10,35,9,7,2,,0.243,0.325,0.374,0.699,0.309,,-0.7,0.5,,0.4,,594.6,15124
Eric Haase,DET,70,287,262,57,10,1,12,33,39,20,93,2,1,0,,0.219,0.279,0.407,0.686,0.295,,0,-0.1,,0.4,,303.7,14111
Zach McKinstry,LAD,47,203,184,44,9,1,7,23,26,15,48,2,3,2,,0.239,0.3,0.408,0.709,0.305,,-0.5,-0.4,,0.4,,591.7,19392
Danny Santana,,53,231,211,51,11,2,9,29,28,14,65,2,7,3,,0.239,0.293,0.431,0.724,0.308,,-0.7,0.2,,0.4,,999,10322
Mauricio Dubón,SFG,29,126,116,30,5,0,3,14,13,7,22,1,2,1,,0.263,0.311,0.394,0.706,0.305,,0.3,-0.1,,0.4,,589.2,16530
Stephen Vogt,,45,179,159,34,8,1,5,18,20,17,44,1,0,0,,0.213,0.291,0.372,0.663,0.287,,-0.9,-0.5,,0.4,,999,5000
Mitch Moreland,,89,385,345,82,16,1,17,47,54,34,88,2,1,0,,0.238,0.307,0.438,0.745,0.319,,-0.2,-1.1,,0.4,,600.9,3086
Danny Mendick,CHW,39,168,150,35,6,0,4,18,16,15,36,2,2,1,,0.235,0.307,0.359,0.666,0.293,,0.6,-0.3,,0.4,,999,18889
Jorge Mateo,BAL,84,364,341,81,17,4,8,38,35,16,98,4,13,6,,0.237,0.277,0.382,0.659,0.283,,-0.5,0,,0.4,,455.2,17273
Jon Berti,MIA,31,133,115,28,5,0,2,16,11,14,30,2,5,2,,0.239,0.329,0.348,0.677,0.302,,-0.1,0.3,,0.4,,564.8,12037
Greg Allen,PIT,42,182,162,41,8,1,3,21,16,12,38,6,8,2,,0.252,0.325,0.369,0.694,0.305,,0.8,0.5,,0.4,,600.8,16623
Luis Guillorme,NYM,26,112,97,25,4,0,2,12,9,13,20,1,1,1,,0.256,0.345,0.35,0.695,0.309,,-0.3,-0.2,,0.4,,999,16451
Sergio Alcántara,CHC,57,245,214,48,7,1,4,26,20,26,62,2,3,1,,0.226,0.313,0.331,0.644,0.286,,1.3,-0.1,,0.4,,600.4,16417
Clint Frazier,CHC,92,399,349,82,20,1,14,46,46,41,111,5,4,2,,0.234,0.322,0.422,0.744,0.323,,-1.3,-0.7,,0.4,,441.3,15983
Andrew Velazquez,LAA,34,147,134,31,7,1,3,18,15,11,42,1,8,2,,0.234,0.293,0.374,0.667,0.29,,-0.4,0.6,,0.4,,999,14196
Isaac Paredes,DET,18,77,67,17,3,0,2,9,8,8,11,1,0,0,,0.257,0.34,0.414,0.754,0.327,,0.1,-0.1,,0.4,,600.8,20036
Nick Fortes,MIA,32,128,115,28,5,1,3,15,14,9,23,2,1,0,,0.241,0.305,0.385,0.689,0.3,,-0.7,0,,0.3,,596.7,21538
Ben Rortvedt,MIN,21,83,75,16,3,0,2,9,9,6,22,1,0,0,,0.216,0.28,0.363,0.643,0.28,,0.9,0,,0.3,,999,20287
David Bote,CHC,52,224,197,46,8,1,7,25,27,21,54,3,1,1,,0.233,0.314,0.394,0.708,0.308,,-1.1,-0.2,,0.3,,591.4,14593
Garrett Stubbs,PHI,32,128,113,25,5,0,2,14,11,12,27,1,3,1,,0.223,0.301,0.337,0.638,0.283,,1.1,0.1,,0.3,,999,18067
DJ Stewart,BAL,52,224,192,43,9,1,9,27,28,27,58,3,1,1,,0.224,0.325,0.414,0.739,0.321,,-1,-0.2,,0.3,,600.5,17766
Yonny Hernandez,TEX,24,105,90,22,3,0,1,12,7,12,19,2,6,3,,0.242,0.344,0.31,0.654,0.299,,0.5,0,,0.3,,598.9,19432
Romy Gonzalez,CHW,28,119,109,25,5,0,5,14,15,8,35,1,4,1,,0.234,0.29,0.409,0.7,0.301,,0,0.2,,0.3,,999,21562
Rylan Bannon,BAL,36,154,136,29,6,1,6,17,17,14,35,2,2,1,,0.216,0.296,0.391,0.687,0.298,,0,0,,0.3,,600.3,sa3004162
Nick Allen,OAK,58,252,231,55,11,1,4,27,23,14,51,2,5,3,,0.236,0.286,0.345,0.63,0.276,,0.2,-0.3,,0.3,,999,sa3004723
Kevin Pillar,,68,294,275,68,14,2,9,34,37,11,57,5,5,2,,0.246,0.284,0.414,0.698,0.297,,-0.2,0.2,,0.3,,596.3,12434
Richie Palacios,CLE,18,77,68,18,4,0,1,10,7,7,14,1,2,1,,0.266,0.34,0.401,0.74,0.324,,-0.3,0.1,,0.3,,600.5,sa3006908
Ronald Guzmán,,53,231,205,47,10,1,9,26,28,21,65,3,1,1,,0.229,0.305,0.415,0.721,0.31,,1.4,-0.4,,0.3,,999,14388
Justin Upton,LAA,78,336,295,65,11,0,16,42,45,34,100,4,3,1,,0.222,0.307,0.419,0.725,0.314,,-3,-0.1,,0.3,,548,5222
Nomar Mazara,,81,350,317,77,15,1,11,39,43,26,89,3,2,1,,0.243,0.304,0.405,0.708,0.305,,-0.8,-0.5,,0.3,,600.1,14553
Adam Eaton,,53,231,203,50,9,2,5,30,21,20,48,4,3,1,,0.245,0.325,0.378,0.703,0.309,,-0.7,0.1,,0.3,,999,11205
Asdrúbal Cabrera,CIN,62,266,237,56,13,1,8,30,35,25,60,2,1,0,,0.237,0.311,0.401,0.712,0.308,,-1.3,-0.9,,0.3,,599.6,4962
Michael Chavis,PIT,107,462,424,103,19,2,19,54,59,25,132,7,4,2,,0.243,0.295,0.433,0.728,0.311,,-1,-0.8,,0.3,,542.8,17321
Raimel Tapia,COL,134,581,532,149,32,4,9,75,53,40,95,2,19,6,,0.28,0.33,0.404,0.734,0.318,,-0.4,1.5,,0.3,,262.9,14350
Rob Refsnyder,BOS,47,203,181,46,10,1,5,24,21,18,51,2,1,1,,0.252,0.324,0.39,0.715,0.312,,-0.2,-0.3,,0.3,,999,13770
Edward Olivares,KCR,29,126,115,30,5,1,4,14,14,8,24,2,3,1,,0.26,0.313,0.419,0.733,0.315,,-0.3,0,,0.3,,578.8,19698
Mike Brosseau,MIL,58,252,226,52,11,1,8,29,29,19,68,5,2,1,,0.232,0.302,0.397,0.7,0.303,,0.4,-0.3,,0.3,,597.3,19683
Reese McGuire,TOR,18,70,64,15,3,0,2,8,6,5,14,1,0,0,,0.238,0.295,0.37,0.665,0.289,,0.2,0,,0.3,,600.3,15674
Jace Peterson,MIL,45,196,170,41,8,1,5,22,21,22,44,2,5,1,,0.239,0.33,0.378,0.708,0.312,,-0.8,0.3,,0.3,,560,12325
Vimael Machín,OAK,42,182,160,37,7,1,3,20,16,17,35,2,1,0,,0.233,0.312,0.342,0.654,0.288,,-0.7,-0.1,,0.3,,999,17684
Cristian Pache,ATL,52,224,206,47,10,1,6,26,23,14,62,2,4,3,,0.23,0.283,0.382,0.666,0.288,,1.9,-0.5,,0.3,,587.5,19948
Jack Mayfield,LAA,36,154,141,33,7,0,5,17,19,9,34,2,2,1,,0.232,0.282,0.4,0.682,0.293,,-0.5,0,,0.3,,999,15402
Riley Adams,WSN,81,326,284,62,13,1,10,35,33,30,105,8,1,0,,0.22,0.311,0.377,0.688,0.303,,-0.9,-0.2,,0.3,,588.6,19864
Jake Burger,CHW,13,56,51,13,2,0,2,7,7,4,13,1,0,0,,0.254,0.315,0.448,0.763,0.327,,-0.1,-0.1,,0.3,,584.7,22275
Garrett Hampson,COL,109,469,426,105,19,5,11,58,42,34,114,3,19,6,,0.247,0.305,0.393,0.698,0.301,,-3.1,1.5,,0.2,,277.5,19262
Michael Stefanic,LAA,16,70,64,17,3,0,2,8,7,5,10,1,1,0,,0.27,0.329,0.388,0.717,0.313,,0.2,-0.1,,0.2,,999,sa3008479
Trevor Larnach,MIN,89,385,341,78,16,1,12,40,40,34,123,7,2,0,,0.228,0.309,0.382,0.691,0.302,,-1.3,-0.5,,0.2,,539.8,21501
Cole Tucker,PIT,81,350,311,72,15,3,6,38,31,32,80,2,7,3,,0.23,0.305,0.358,0.664,0.291,,0.6,0,,0.2,,573.2,17326
Zach Reks,TEX,39,168,149,35,7,0,6,20,19,15,51,2,1,0,,0.233,0.31,0.399,0.71,0.309,,-0.5,-0.2,,0.2,,999,19667
Jose Siri,HOU,53,231,213,49,9,2,7,27,28,13,79,2,9,3,,0.23,0.279,0.392,0.672,0.289,,-1.9,0.4,,0.2,,554.3,17452
Ronald Torreyes,PHI,45,196,181,45,8,1,4,19,20,10,25,2,1,1,,0.25,0.292,0.363,0.655,0.283,,0.6,-0.1,,0.2,,600.7,11400
Michael Perez,PIT,40,160,144,30,6,1,4,16,17,13,44,1,1,1,,0.207,0.277,0.352,0.63,0.274,,1.2,-0.5,,0.2,,999,12977
Harold Ramirez,CHC,50,217,203,56,12,1,6,24,26,10,38,3,2,1,,0.278,0.318,0.431,0.749,0.321,,-1,0,,0.2,,532.7,14387
Brock Holt,,58,252,225,54,11,1,3,25,22,22,50,3,4,2,,0.241,0.315,0.34,0.655,0.291,,0,-0.6,,0.2,,999,9345
Jake Rogers,DET,16,64,57,12,2,0,2,7,7,6,21,1,1,0,,0.203,0.282,0.386,0.668,0.29,,0.6,0,,0.2,,600.8,19452
Luis Campusano,SDP,29,122,110,27,5,1,4,13,13,9,26,1,0,0,,0.247,0.309,0.411,0.72,0.311,,-0.3,-0.1,,0.2,,999,22217
Bryan Lavastida,CLE,16,64,58,14,3,0,2,9,7,5,13,1,2,1,,0.248,0.311,0.385,0.696,0.302,,-0.5,0,,0.2,,999,sa3006917
Robinson Chirinos,,29,115,100,21,4,0,4,12,13,11,36,3,0,0,,0.211,0.303,0.375,0.677,0.296,,-1,-0.4,,0.2,,598,3142
Miguel Andújar,NYY,24,105,98,26,5,0,4,13,13,5,18,1,0,0,,0.268,0.306,0.456,0.763,0.324,,-2.1,-0.1,,0.2,,593,15878
Ehire Adrianza,,45,196,174,43,9,1,4,23,19,16,40,3,1,1,,0.245,0.316,0.378,0.694,0.303,,-1.4,-0.2,,0.2,,999,8418
Marwin Gonzalez,,86,371,334,78,15,0,9,38,41,27,86,6,3,2,,0.234,0.301,0.366,0.667,0.292,,-0.1,-0.8,,0.2,,999,5497
Alan Trejo,COL,78,336,312,76,16,2,10,38,38,17,78,2,3,2,,0.243,0.286,0.404,0.689,0.295,,1.3,-0.8,,0.2,,999,20056
Owen Miller,CLE,41,175,161,40,8,1,4,18,17,10,40,2,1,1,,0.247,0.296,0.373,0.669,0.291,,0.5,-0.3,,0.2,,600.5,24655
Josh Jung,TEX,13,56,51,13,3,0,2,7,6,4,12,1,1,0,,0.264,0.322,0.451,0.773,0.33,,0.1,0,,0.2,,326,sa3011468
Renato Núñez,,23,98,88,21,4,0,5,12,14,7,25,2,0,0,,0.244,0.31,0.455,0.765,0.327,,0.1,-0.1,,0.2,,599.6,14503
Charlie Culberson,,42,182,167,41,9,1,4,19,18,11,45,2,3,1,,0.243,0.293,0.385,0.678,0.292,,-0.5,0.1,,0.2,,597.2,3298
Jacob Nottingham,BAL,36,141,126,25,5,0,5,15,16,10,48,3,2,1,,0.199,0.27,0.36,0.63,0.275,,-0.6,0,,0.2,,600.5,16448
Luke Raley,LAD,15,63,57,14,2,0,3,8,9,3,18,2,1,0,,0.238,0.304,0.429,0.732,0.315,,0.4,0,,0.2,,999,19354
Jamie Ritchie,PIT,11,45,39,10,2,0,1,5,4,4,8,1,0,0,,0.248,0.331,0.348,0.679,0.302,,0,-0.1,,0.2,,999,sa829058
Esteban Quiroz,TBR,13,56,49,11,3,0,2,7,6,6,14,1,0,0,,0.225,0.314,0.38,0.693,0.305,,-0.2,0,,0.2,,999,sa596560
Jose Herrera,ARI,16,64,56,12,2,0,1,7,6,6,15,0,0,0,,0.219,0.3,0.336,0.636,0.281,,0.6,-0.1,,0.2,,999,sa830295
Luke Maile,MIL,26,102,91,19,4,0,1,11,9,9,30,1,1,0,,0.206,0.287,0.304,0.591,0.265,,0.5,0,,0.2,,999,13355
Josh Lowe,TBR,16,70,62,15,3,0,2,9,8,6,20,0,2,1,,0.238,0.312,0.405,0.716,0.31,,-0.5,0.2,,0.2,,408.9,19953
Estevan Florial,NYY,42,182,163,35,7,1,6,20,20,16,58,1,5,3,,0.216,0.288,0.378,0.666,0.29,,0.3,-0.3,,0.2,,600.4,19151
José Peraza,NYY,21,91,84,21,4,0,2,10,9,4,14,1,2,1,,0.252,0.299,0.377,0.675,0.293,,-0.5,0,,0.2,,600.8,13593
Shed Long Jr.,,32,140,126,29,6,1,4,15,15,11,38,1,2,1,,0.229,0.294,0.382,0.675,0.294,,-0.7,0,,0.2,,999,16542
Yairo Muñoz,PHI,18,77,72,20,4,0,2,9,8,4,14,1,2,1,,0.278,0.317,0.421,0.738,0.317,,0,0,,0.2,,999,16313
Taylor Jones,HOU,15,63,56,14,3,0,2,8,8,6,16,1,0,0,,0.247,0.319,0.416,0.735,0.317,,0.2,-0.1,,0.2,,999,19533
Anthony Bemboom,,19,77,68,14,2,0,2,8,7,6,19,1,0,0,,0.206,0.279,0.338,0.617,0.272,,0.3,-0.1,,0.2,,999,13854
CJ Abrams,SDP,16,70,64,16,4,0,1,8,7,4,14,1,3,1,,0.246,0.296,0.362,0.659,0.287,,0.4,0.1,,0.2,,573.3,sa3010152
Geraldo Perdomo,ARI,24,105,92,21,4,1,1,11,8,10,23,2,2,1,,0.231,0.314,0.335,0.649,0.288,,0.4,-0.2,,0.2,,592.1,22799
Yonathan Daza,COL,73,315,291,81,15,2,4,32,29,18,55,2,4,2,,0.278,0.321,0.385,0.706,0.307,,1.4,-0.4,,0.2,,599.8,15794
Willi Castro,DET,16,70,64,16,3,1,2,8,7,4,16,1,1,1,,0.253,0.302,0.398,0.699,0.301,,-0.3,0,,0.2,,533.5,17338
Shogo Akiyama,CIN,53,231,207,53,10,1,5,26,22,19,46,3,4,3,,0.255,0.325,0.379,0.704,0.308,,-0.2,-0.7,,0.2,,600.8,27461
Drew Waters,ATL,58,252,228,55,12,1,6,26,22,19,76,3,9,3,,0.24,0.303,0.38,0.683,0.298,,1.7,0.2,,0.1,,600.4,sa3004378
Daz Cameron,DET,39,168,151,35,7,1,5,19,17,13,45,3,5,2,,0.231,0.302,0.387,0.689,0.3,,-0.7,0.1,,0.1,,598.4,18353
Justin Smoak,,57,245,209,45,9,1,10,29,30,30,62,3,1,1,,0.218,0.323,0.407,0.73,0.318,,-0.8,-1.2,,0.1,,999,9054
Jake Marisnick,,50,217,197,44,9,2,7,25,24,13,68,5,5,2,,0.221,0.282,0.383,0.665,0.288,,0,0.2,,0.1,,999,11339
Jordan Groshans,TOR,15,63,57,14,3,0,1,8,6,5,13,0,0,0,,0.247,0.307,0.383,0.69,0.3,,0.2,0,,0.1,,600.5,sa3006893
Christin Stewart,BOS,26,112,100,24,5,1,5,13,16,10,30,2,0,0,,0.239,0.314,0.447,0.761,0.323,,-1,-0.2,,0.1,,999,17714
Jonathan Aranda,TBR,18,77,69,17,3,0,2,9,8,6,17,1,1,0,,0.248,0.315,0.393,0.708,0.308,,0.2,0,,0.1,,999,sa919293
Oswaldo Cabrera,NYY,11,49,45,11,2,0,2,6,6,3,12,0,1,1,,0.234,0.282,0.399,0.681,0.293,,0.2,0,,0.1,,999,sa916954
Austin Romine,,36,141,133,32,6,0,3,14,16,6,39,0,0,0,,0.238,0.274,0.363,0.636,0.275,,-0.3,-0.3,,0.1,,999,5491
Dustin Garneau,DET,13,51,46,9,2,0,2,6,6,4,14,1,0,0,,0.204,0.279,0.39,0.668,0.289,,-0.1,-0.1,,0.1,,999,9433
Colton Welker,COL,104,448,405,104,21,2,14,52,52,32,97,4,3,1,,0.256,0.313,0.419,0.731,0.314,,0.7,-0.5,,0.1,,592.7,19961
Drew Ellis,ARI,29,126,110,24,6,0,4,14,13,12,35,2,0,0,,0.215,0.303,0.371,0.674,0.296,,-0.1,-0.2,,0.1,,999,19873
René Pinto,TBR,10,38,35,8,2,0,1,4,4,2,11,0,0,0,,0.221,0.271,0.362,0.633,0.275,,0.3,0,,0.1,,999,sa826668
Colin Moran,,78,336,302,76,14,1,11,35,44,29,81,3,1,1,,0.251,0.318,0.408,0.726,0.314,,-2.6,-1.4,,0.1,,579.4,16909
Elehuris Montero,COL,8,35,31,8,1,0,2,5,5,2,7,0,0,0,,0.268,0.326,0.473,0.799,0.34,,0,0,,0.1,,599.6,sa872477
Brett Cumberland,BAL,10,38,33,6,1,0,1,4,4,4,12,2,0,0,,0.192,0.301,0.342,0.643,0.288,,0.1,0,,0.1,,999,sa915611
Travis Demeritte,ATL,23,98,87,20,4,0,4,12,13,9,32,1,1,0,,0.23,0.307,0.434,0.741,0.318,,-0.2,0,,0.1,,999,15958
Jason Vosler,SFG,8,35,31,7,2,0,1,4,4,3,8,0,0,0,,0.239,0.31,0.411,0.721,0.311,,0,0,,0.1,,999,16686
Jonathan Araúz,BOS,11,49,44,11,2,0,1,6,5,4,9,0,0,0,,0.239,0.303,0.378,0.682,0.297,,0.2,0,,0.1,,999,20275
Tucupita Marcano,PIT,19,84,75,18,3,0,1,10,7,7,13,0,2,1,,0.244,0.312,0.34,0.652,0.289,,0.3,-0.1,,0.1,,600.6,22871
Tony Wolters,LAD,23,90,79,17,3,0,1,9,8,8,20,2,1,0,,0.216,0.296,0.304,0.6,0.268,,0.5,-0.2,,0.1,,999,11470
Brennen Davis,CHC,10,42,37,9,2,0,2,5,5,3,12,1,1,0,,0.233,0.311,0.418,0.729,0.316,,-0.2,0,,0.1,,999,sa3007876
Chris Owings,,34,147,133,29,6,1,4,16,15,11,45,1,3,2,,0.218,0.282,0.366,0.648,0.281,,0.6,-0.1,,0.1,,600.7,10030
Franchy Cordero,BOS,18,77,69,17,4,0,2,10,9,6,24,1,1,0,,0.243,0.311,0.416,0.727,0.314,,-0.2,0.1,,0.1,,999,14567
Alex Jackson,MIA,15,58,51,10,2,0,2,6,6,4,22,2,0,0,,0.19,0.27,0.375,0.645,0.279,,0.1,0,,0.1,,999,17276
Otto Lopez,TOR,16,70,64,17,3,0,1,9,7,4,13,1,2,1,,0.261,0.309,0.371,0.68,0.296,,-0.1,0,,0.1,,999,19608
Skye Bolt,OAK,10,42,38,8,2,0,1,4,4,3,12,0,1,0,,0.218,0.287,0.36,0.646,0.281,,0.4,0,,0.1,,999,17723
Zack Short,DET,8,35,30,6,1,0,1,4,4,4,10,0,0,0,,0.207,0.307,0.372,0.68,0.298,,0.1,0,,0.1,,999,19562
Derek Hill,DET,49,210,193,46,6,2,4,23,19,13,61,2,6,3,,0.237,0.29,0.36,0.65,0.284,,-1,-0.2,,0.1,,999,16947
Korey Lee,HOU,6,26,24,6,1,0,1,3,3,2,5,0,0,0,,0.242,0.291,0.375,0.667,0.288,,0.1,0,,0.1,,999,sa3010034
Ryan Kreidler,DET,6,28,25,6,1,0,1,3,3,2,7,0,1,0,,0.239,0.299,0.386,0.685,0.297,,0.1,0,,0.1,,999,sa3010587
Jahmai Jones,BAL,24,105,95,22,4,1,3,11,10,8,26,1,2,1,,0.228,0.292,0.371,0.663,0.289,,-0.3,-0.1,,0.1,,600.7,18872
Jaylin Davis,SFG,24,105,94,21,4,0,4,12,12,8,32,1,1,1,,0.226,0.295,0.4,0.695,0.3,,0.2,-0.1,,0.1,,999,19552
Taylor Trammell,SEA,16,70,61,13,2,0,2,8,7,7,22,1,1,1,,0.208,0.292,0.358,0.65,0.286,,0.3,-0.1,,0.1,,600.9,19960
Pablo Reyes,MIL,11,49,44,11,2,0,1,6,5,4,10,0,1,1,,0.238,0.3,0.38,0.68,0.295,,0.2,-0.1,,0.1,,999,16357
Emmanuel Rivera,KCR,23,98,91,23,4,0,3,11,11,5,20,1,1,0,,0.253,0.298,0.4,0.698,0.3,,-0.1,0,,0.1,,999,19890
William Contreras,ATL,6,26,23,6,1,0,1,3,3,2,7,0,0,0,,0.252,0.321,0.432,0.752,0.324,,-0.2,0,,0.1,,590.4,20503
Pedro Severino,MIL,63,250,224,52,10,1,7,24,28,21,62,2,1,0,,0.234,0.302,0.372,0.673,0.294,,-2.1,-0.6,,0.1,,479.7,14523
Tyler Nevin,BAL,15,63,57,13,3,0,2,7,7,5,13,1,0,0,,0.238,0.303,0.398,0.701,0.304,,-0.2,0,,0.1,,999,17893
Eric Thames,OAK,47,203,178,38,8,1,8,23,23,19,63,3,2,1,,0.215,0.301,0.396,0.697,0.302,,-0.3,-0.5,,0.1,,595.4,3711
Eric Sogard,,36,154,140,34,6,1,2,16,13,11,25,1,2,1,,0.245,0.302,0.346,0.648,0.283,,-0.3,-0.1,,0.1,,999,7927
Kody Clemens,DET,10,42,38,9,2,0,1,5,5,3,10,0,0,0,,0.232,0.285,0.4,0.685,0.294,,0,0,,0.1,,999,sa3008002
Brendon Davis,LAA,6,28,25,6,1,0,1,3,3,2,7,0,0,0,,0.237,0.297,0.42,0.717,0.308,,-0.1,0,,0.1,,999,sa875089
Donovan Walton,SEA,5,21,19,5,1,0,1,3,2,2,3,0,0,0,,0.254,0.321,0.391,0.712,0.31,,-0.1,-0.1,,0.1,,999,19314
Clay Dungan,KCR,6,28,26,7,1,0,0,3,3,2,4,0,1,0,,0.265,0.313,0.367,0.68,0.297,,0.1,0,,0.1,,999,sa1169803
Alejo Lopez,CIN,8,35,32,9,2,0,0,4,3,2,4,0,0,0,,0.277,0.334,0.372,0.706,0.31,,0.1,0,,0.1,,999,21127
Tres Barrera,WSN,8,32,28,6,1,0,1,3,3,3,7,0,0,0,,0.227,0.299,0.353,0.652,0.285,,-0.1,0,,0.1,,999,19977
Peyton Burdick,MIA,10,42,37,8,2,0,1,5,4,4,12,1,1,0,,0.214,0.305,0.383,0.689,0.301,,-0.3,-0.1,,0.1,,999,sa3009876
Max Schrock,CIN,37,161,148,38,7,1,4,18,17,10,30,1,2,1,,0.255,0.307,0.394,0.701,0.303,,0,-0.2,,0.1,,600.7,17750
Travis Jankowski,,32,140,122,30,5,1,1,16,10,15,28,1,4,2,,0.244,0.333,0.324,0.657,0.292,,-0.6,0,,0.1,,999,13768
Connor Wong,BOS,6,26,24,6,1,0,1,3,3,1,8,0,0,0,,0.233,0.28,0.405,0.685,0.294,,-0.1,0,,0.1,,999,19896
Luis Barrera,OAK,41,175,160,38,7,2,2,18,15,11,36,1,3,1,,0.236,0.29,0.34,0.63,0.276,,0.7,-0.1,,0.1,,999,19615
Rob Brantly,,5,19,17,4,1,0,0,2,2,1,3,0,0,0,,0.246,0.308,0.376,0.684,0.298,,-0.1,0,,0.1,,999,10655
Taylor Ward,LAA,5,21,18,5,1,0,1,3,2,2,5,0,0,0,,0.25,0.334,0.433,0.767,0.332,,-0.1,0,,0.1,,600,17548
Kevin Padlo,SEA,6,28,25,5,1,0,1,3,3,2,9,0,0,0,,0.204,0.279,0.376,0.655,0.284,,0.2,0,,0.1,,600.3,16593
Roman Quinn,,32,140,125,28,5,2,2,16,11,10,41,3,8,3,,0.221,0.294,0.335,0.629,0.279,,-0.3,0.4,,0.1,,999,13546
John Nogowski,ATL,45,196,172,42,8,0,4,23,21,19,33,3,2,1,,0.243,0.326,0.366,0.691,0.306,,1.2,-0.3,,0.1,,600.8,16852
Juan Lagares,,42,182,170,43,9,1,3,20,19,9,44,1,1,1,,0.251,0.292,0.38,0.671,0.289,,0.3,-0.2,,0.1,,999,5384
Patrick Mazeika,NYM,8,32,29,6,1,0,1,3,3,2,6,0,0,0,,0.224,0.285,0.36,0.645,0.281,,-0.3,0,,0.1,,999,18142
Brian Goodwin,,55,238,211,48,11,1,7,27,27,23,65,2,3,1,,0.226,0.304,0.387,0.691,0.3,,-2.1,-0.3,,0.1,,600.6,12858
Joe Panik,,47,203,183,45,8,1,3,20,17,16,26,2,2,1,,0.245,0.311,0.342,0.652,0.287,,-1.4,-0.3,,0.1,,999,11936
Ali Sánchez,STL,8,32,30,7,1,0,0,3,3,2,6,0,0,0,,0.24,0.283,0.328,0.611,0.268,,0.2,-0.1,,0.1,,999,18551
Jake McCarthy,ARI,79,343,310,70,13,5,8,38,34,27,92,3,18,5,,0.226,0.293,0.381,0.674,0.293,,-0.9,1.2,,0.1,,600.1,21622
Isan Díaz,MIA,28,119,105,24,5,0,3,13,12,12,31,1,1,1,,0.224,0.309,0.363,0.672,0.293,,-0.2,-0.2,,0.1,,600.5,17922
Tyler White,,8,35,30,7,2,0,1,5,4,4,7,0,0,0,,0.24,0.338,0.395,0.733,0.322,,0.1,-0.1,,0.1,,999,15564
José Rondón,,10,42,38,9,2,0,2,5,5,3,10,0,1,0,,0.234,0.288,0.409,0.697,0.299,,-0.1,0,,0.1,,999,14140
Ernie Clement,CLE,11,49,45,11,2,0,1,5,4,3,7,0,1,0,,0.249,0.294,0.345,0.638,0.279,,0.2,-0.1,,0.1,,999,20352
Jake Lamb,,52,224,194,41,8,1,7,26,26,24,61,3,1,1,,0.209,0.303,0.372,0.675,0.297,,-1.4,-0.3,,0.1,,999,13329
Alfonso Rivas,CHC,37,161,143,36,7,0,3,19,15,15,39,2,1,1,,0.252,0.329,0.366,0.694,0.306,,0.6,-0.3,,0.1,,999,21560
Yolbert Sanchez,CHW,5,21,20,5,1,0,0,2,2,1,3,0,0,0,,0.273,0.306,0.379,0.685,0.297,,0,0,,0.1,,999,sa3011471
Payton Henry,MIA,6,26,23,5,1,0,1,2,2,2,8,1,0,0,,0.217,0.28,0.34,0.619,0.271,,0.1,0,,0,,999,22164
Sam Huff,TEX,6,26,24,5,1,0,1,3,3,1,9,0,0,0,,0.221,0.271,0.392,0.663,0.285,,0.1,0,,0,,587.5,22209
Chad Wallach,LAA,11,45,40,8,1,0,1,4,5,4,14,1,0,0,,0.197,0.278,0.343,0.621,0.273,,-0.4,-0.1,,0,,999,17161
Buddy Kennedy,ARI,3,14,13,3,0,0,1,2,2,1,3,0,0,0,,0.254,0.321,0.43,0.751,0.323,,-0.1,0,,0,,999,sa3004617
Steven Souza Jr.,,39,168,148,31,6,1,6,18,20,16,53,2,2,1,,0.211,0.294,0.392,0.686,0.297,,-0.3,0,,0,,999,5667
Greg Cullen,BAL,6,28,25,6,1,0,1,3,2,3,6,1,0,0,,0.229,0.315,0.345,0.66,0.294,,0,-0.1,,0,,999,sa3007069
Diego Castillo,PIT,6,28,26,6,1,0,1,3,3,2,4,0,0,0,,0.248,0.305,0.378,0.683,0.298,,-0.1,0,,0,,597.8,sa872839
Brendan Donovan,STL,3,14,13,3,1,0,0,2,1,1,3,0,0,0,,0.254,0.319,0.375,0.694,0.304,,0,0,,0,,600.5,sa3006675
Ryan McKenna,BAL,19,84,74,16,3,1,2,9,8,8,25,1,2,1,,0.222,0.305,0.373,0.678,0.297,,0,-0.1,,0,,999,19928
Alex De Goti,HOU,8,35,32,7,1,0,1,4,3,3,9,0,0,0,,0.219,0.283,0.329,0.612,0.27,,0.2,0,,0,,999,19477
Mark Kolozsvary,CIN,13,51,45,9,2,0,1,5,5,4,17,1,0,0,,0.189,0.274,0.328,0.602,0.267,,0.4,-0.1,,0,,999,sa3004996
Mark Vientos,NYM,3,14,13,3,1,0,1,2,2,1,4,0,0,0,,0.232,0.285,0.431,0.716,0.304,,0,0,,0,,999,sa3004720
Khalil Lee,NYM,8,35,30,6,1,0,1,4,3,4,12,1,1,1,,0.215,0.315,0.356,0.671,0.299,,-0.1,-0.1,,0,,596.7,19952
Rafael Marchan,PHI,16,64,58,13,2,0,1,7,5,4,12,1,0,0,,0.229,0.288,0.33,0.618,0.273,,0.3,-0.1,,0,,999,21646
Edwin Ríos,LAD,18,77,69,15,3,0,4,9,11,6,27,1,0,0,,0.219,0.284,0.435,0.72,0.307,,-0.3,-0.1,,0,,567,18316
Ender Inciarte,NYY,8,35,31,7,1,0,1,4,3,3,7,0,1,0,,0.231,0.3,0.328,0.628,0.278,,0.1,0,,0,,600,4922
Mickey Moniak,PHI,81,350,318,71,13,5,11,39,41,23,94,2,5,2,,0.224,0.279,0.397,0.676,0.287,,-1.2,0.1,,0,,600.4,19956
Gilberto Celestino,MIN,15,63,57,14,3,0,1,7,6,5,14,1,1,0,,0.24,0.301,0.371,0.672,0.293,,-0.3,-0.1,,0,,999,20233
Jedd Gyorko,,8,35,31,7,1,0,1,4,4,3,9,0,0,0,,0.231,0.311,0.401,0.712,0.309,,0.2,-0.1,,0,,999,10816
Eli White,TEX,41,175,157,34,6,1,4,19,15,14,51,3,4,2,,0.216,0.289,0.346,0.636,0.28,,0.6,-0.2,,0,,999,19346
Daniel Robertson,,5,21,18,4,1,0,0,2,2,2,5,0,0,0,,0.22,0.32,0.327,0.647,0.291,,-0.1,0,,0,,999,14145
Monte Harrison,MIA,42,182,165,34,6,1,6,20,18,13,69,2,9,2,,0.209,0.275,0.354,0.629,0.275,,0.3,0.7,,0,,999,17216
Jake Cave,MIN,11,49,44,11,2,0,1,6,5,3,15,1,0,0,,0.237,0.3,0.39,0.69,0.3,,-0.2,-0.1,,0,,999,14477
Micker Adolfo,CHW,11,49,45,10,2,0,2,6,6,3,17,1,0,0,,0.22,0.281,0.422,0.703,0.3,,-0.2,0,,0,,999,sa830303
Carlos Pérez,,5,19,18,4,1,0,1,2,2,1,4,0,0,0,,0.214,0.264,0.377,0.641,0.275,,0.3,0,,0,,999,10642
Ryan O'Hearn,KCR,10,42,38,9,2,0,2,5,5,4,11,0,0,0,,0.231,0.302,0.422,0.724,0.31,,0,0,,0,,599.8,16442
Nick Maton,PHI,11,49,44,10,2,0,1,5,5,4,13,1,1,0,,0.22,0.295,0.348,0.642,0.283,,0.1,-0.1,,0,,999,21635
Maikel Franco,WSN,31,133,123,29,7,0,5,13,17,8,21,1,0,0,,0.24,0.289,0.406,0.695,0.296,,-0.6,-0.2,,0,,598.8,12179
Nelson Velazquez,CHC,16,70,65,16,3,0,3,8,9,3,21,1,1,0,,0.239,0.283,0.42,0.703,0.299,,0,0.1,,0,,600.7,sa3005129
Daniel Johnson,CLE,13,56,51,12,2,0,2,6,6,4,17,1,1,0,,0.226,0.285,0.395,0.68,0.293,,0.1,0,,0,,999,19643
Phil Gosselin,,58,252,228,56,10,1,5,26,26,19,57,2,2,1,,0.244,0.305,0.361,0.666,0.292,,-0.8,-0.4,,0,,594.7,10953
Zack Collins,CHW,19,77,65,13,3,0,3,9,9,10,25,1,0,0,,0.205,0.318,0.373,0.691,0.304,,-1,-0.1,,0,,590.2,19181
Hunter Feduccia,LAD,3,13,12,3,0,0,0,1,1,1,3,0,0,0,,0.229,0.294,0.363,0.657,0.287,,-0.1,0,,0,,999,sa3007872
Mario Feliciano,MIL,3,13,12,3,0,0,0,1,1,1,4,0,0,0,,0.225,0.272,0.378,0.649,0.28,,0,0,,0,,600.8,20263
Rodolfo Castro,PIT,13,56,52,12,2,0,2,6,7,3,14,1,1,0,,0.23,0.277,0.415,0.693,0.295,,0.2,-0.1,,0,,999,21987
Lucius Fox,WSN,15,63,56,12,3,0,1,7,5,6,16,1,3,1,,0.219,0.299,0.333,0.632,0.281,,-0.2,0.2,,0,,999,sa914200
Jordy Mercer,,42,182,168,40,9,0,4,17,16,11,41,2,1,0,,0.24,0.293,0.363,0.656,0.286,,-1.4,-0.2,,0,,999,6547
Miles Mastrobuoni,TBR,2,7,6,2,0,0,0,1,1,1,2,0,0,0,,0.242,0.308,0.331,0.638,0.282,,0,0,,0,,999,sa918318
Kyle Garlick,MIN,3,14,13,3,1,0,1,2,2,1,4,0,0,0,,0.23,0.28,0.441,0.721,0.305,,0,0,,0,,999,18063
Jose Rojas,LAA,6,28,25,6,1,0,1,3,3,2,7,0,0,0,,0.234,0.293,0.409,0.702,0.301,,-0.1,0,,0,,600.4,19331
Kyle Stowers,BAL,2,7,6,1,0,0,0,1,1,1,2,0,0,0,,0.237,0.308,0.432,0.74,0.318,,0,0,,0,,999,sa1115829
Khris Davis,,53,231,207,47,7,1,11,27,33,19,63,2,0,0,,0.226,0.295,0.434,0.729,0.312,,0,-0.4,,0,,999,9112
Travis Blankenhorn,NYM,2,7,6,1,0,0,0,1,1,0,2,0,0,0,,0.232,0.287,0.393,0.68,0.293,,0,0,,0,,999,18395
P.J. Higgins,CHC,2,6,6,1,0,0,0,1,1,1,1,0,0,0,,0.227,0.294,0.332,0.626,0.277,,0,0,,0,,999,18433
Austin Dean,SFG,3,14,13,3,1,0,0,2,2,1,4,0,0,0,,0.247,0.312,0.411,0.723,0.312,,-0.1,0,,0,,999,18288
Andrew Young,WSN,2,7,6,1,0,0,0,1,1,0,2,0,0,0,,0.217,0.294,0.417,0.712,0.307,,-0.1,0,,0,,999,19521
Stuart Fairchild,ARI,10,42,38,9,2,0,1,5,4,3,10,1,1,0,,0.231,0.301,0.37,0.671,0.294,,0,0,,0,,999,20321
Adrián Sanchez,WSN,2,7,7,2,0,0,0,1,1,0,1,0,0,0,,0.259,0.301,0.376,0.677,0.292,,0,0,,0,,999,11338
Chadwick Tromp,ATL,2,6,6,1,0,0,0,1,1,0,2,0,0,0,,0.22,0.272,0.372,0.644,0.278,,0,0,,0,,999,16953
Pedro Leon,HOU,2,7,6,1,0,0,0,1,1,1,2,0,0,0,,0.204,0.284,0.331,0.616,0.273,,0,0,,0,,999,sa3014838
Brett Sullivan,MIL,2,6,6,1,0,0,0,1,1,0,1,0,0,0,,0.231,0.284,0.358,0.642,0.28,,0,0,,0,,999,sa857232
Jake Hager,,5,21,19,4,1,0,1,2,2,1,6,0,0,0,,0.223,0.277,0.363,0.64,0.277,,0.1,0,,0,,999,12198
Mason Martin,PIT,65,280,252,55,13,1,13,33,39,19,92,4,1,1,,0.219,0.283,0.432,0.715,0.304,,0.8,-0.3,,0,,591.7,sa3004885
Seby Zavala,CHW,29,115,105,19,4,0,4,12,13,8,46,1,0,0,,0.185,0.247,0.345,0.591,0.257,,-0.9,-0.1,,0,,598.5,18887
Sebastian Rivero,KCR,3,13,12,3,1,0,0,1,1,1,3,0,0,0,,0.221,0.273,0.333,0.606,0.264,,0,0,,0,,999,21735
Harold Castro,DET,44,189,178,48,7,1,2,18,18,7,41,1,1,1,,0.27,0.299,0.357,0.656,0.285,,-0.6,-0.3,,0,,601,14691
Tim Lopes,COL,2,7,6,2,0,0,0,1,1,0,2,0,0,0,,0.258,0.311,0.402,0.712,0.308,,0,0,,0,,999,14137
Yoenis Céspedes,,52,224,202,47,9,1,9,26,28,16,68,3,3,1,,0.23,0.293,0.419,0.712,0.306,,-0.3,-0.4,,0,,999,13110
Adam Haseley,PHI,109,469,426,104,19,2,11,51,49,31,101,6,8,3,,0.245,0.303,0.373,0.676,0.294,,-0.8,0.3,,0,,600.9,19878
JJ Bleday,MIA,10,42,37,8,2,0,1,5,4,4,9,0,0,0,,0.223,0.299,0.371,0.67,0.293,,0.1,0,,0,,599.5,sa3011642
Jonathan Davis,MIL,6,28,24,5,1,0,1,3,2,2,8,1,1,0,,0.206,0.295,0.33,0.624,0.279,,0,0,,0,,999,15104
Jeter Downs,BOS,3,14,13,3,1,0,0,2,1,1,4,0,0,0,,0.215,0.275,0.366,0.641,0.278,,0,0,,0,,598.2,sa3004615
Jason Martin,,0,0,0,0,0,0,0,0,0,0,0,0,0,0,,0,0,0,0,0,,0,0,,0,,999,16429
Chance Sisco,NYM,19,77,67,14,3,0,2,8,8,7,22,2,0,0,,0.214,0.309,0.356,0.665,0.295,,-0.8,-0.1,,0,,999,15694
Jake Noll,WSN,2,7,7,2,0,0,0,1,1,0,1,0,0,0,,0.258,0.298,0.406,0.704,0.303,,0,0,,0,,999,19703
Josh Ockimey,,13,56,48,10,2,0,2,7,6,7,19,0,0,0,,0.211,0.313,0.4,0.713,0.311,,0,-0.1,,0,,999,sa829375
Sandy León,CLE,47,186,168,32,5,0,4,16,16,13,52,2,0,0,,0.189,0.252,0.301,0.554,0.245,,0.6,-0.6,,0,,999,5273
Luis Liberato,,8,35,32,7,1,0,1,4,3,2,9,0,0,0,,0.227,0.279,0.35,0.629,0.274,,0.2,0,,0,,999,sa737020
Kyle Holder,COL,3,14,13,3,1,0,0,1,1,1,3,0,0,0,,0.241,0.295,0.349,0.643,0.282,,0,0,,0,,999,sa857840
Magneuris Sierra,,5,21,19,5,1,0,0,2,2,1,4,0,1,0,,0.238,0.285,0.32,0.604,0.263,,0,0,,0,,999,17023
Anderson Tejeda,STL,2,7,6,1,0,0,0,1,1,0,3,0,0,0,,0.184,0.236,0.315,0.55,0.24,,0,0,,0,,999,19909
Richie Martin,BAL,8,35,32,7,1,0,1,3,3,2,9,1,1,0,,0.221,0.283,0.328,0.611,0.27,,-0.2,-0.1,,0,,999,17736
Andrew Knapp,CIN,40,160,137,29,6,1,3,15,15,19,50,2,0,0,,0.212,0.312,0.335,0.647,0.288,,-2.4,-0.1,,0,,600.9,14942
Will Benson,CLE,8,35,30,6,1,0,1,4,4,4,12,0,1,0,,0.192,0.285,0.373,0.658,0.286,,-0.1,0,,0,,999,sa917927
Rusney Castillo,,13,56,52,13,2,0,1,6,6,3,12,1,1,0,,0.254,0.298,0.386,0.684,0.295,,0,-0.1,,0,,999,17016
Trent Giambrone,CHC,3,14,13,3,0,0,0,1,1,1,4,0,0,0,,0.201,0.267,0.331,0.598,0.262,,0,0,,0,,999,19250
Aaron Altherr,,52,224,196,43,9,1,7,25,24,22,60,3,4,2,,0.22,0.304,0.378,0.682,0.299,,-2.4,-0.1,,0,,999,11270
Blake Rutherford,CHW,3,14,13,3,1,0,0,1,1,1,4,0,0,0,,0.229,0.268,0.351,0.619,0.267,,0,0,,0,,999,sa917932
Wilmer Difo,,31,133,120,29,4,1,2,14,11,11,29,1,1,1,,0.24,0.304,0.338,0.642,0.283,,-0.2,-0.1,,0,,999,14320
Collin Theroux,,5,19,17,3,0,0,0,2,1,2,9,0,0,0,,0.152,0.232,0.26,0.492,0.223,,0.1,0,,0,,999,sa876102
Buddy Reed,OAK,6,28,25,5,1,0,1,3,2,2,10,0,1,0,,0.195,0.26,0.307,0.567,0.25,,0.1,0,,0,,999,sa738683
Andrew Bechtold,MIN,3,14,13,3,1,0,0,1,1,1,5,0,0,0,,0.203,0.271,0.341,0.612,0.269,,0,0,,0,,999,sa829787
Omar Estévez,LAD,8,35,32,7,1,0,1,4,3,3,9,0,0,0,,0.211,0.272,0.33,0.602,0.264,,0,0,,0,,999,sa914242
Cody Thomas,OAK,28,119,108,22,5,1,4,13,13,9,40,1,1,0,,0.206,0.269,0.381,0.65,0.281,,0.4,-0.1,,0,,999,sa738459
Jose Lobaton,,16,64,57,11,3,0,2,6,6,6,20,0,0,0,,0.195,0.269,0.332,0.6,0.265,,-0.6,-0.1,,0,,999,4243
Lane Adams,,5,21,19,4,1,0,1,2,2,2,7,0,0,0,,0.21,0.28,0.359,0.639,0.279,,-0.1,0,,0,,999,10767
Corey Ray,MIL,11,49,45,9,2,0,1,5,5,3,17,0,1,0,,0.211,0.273,0.365,0.638,0.276,,-0.1,0,,0,,999,19170
Keston Hiura,MIL,71,308,274,63,13,1,12,36,37,24,102,7,4,2,,0.228,0.304,0.413,0.717,0.31,,-0.5,-0.1,,0,,444,20003
Heliot Ramos,SFG,53,231,212,50,10,1,6,25,22,15,64,2,5,2,,0.235,0.291,0.373,0.663,0.289,,-1.8,-0.1,,0,,999,sa3004693
Símon Muzziotti,PHI,5,21,19,5,1,0,0,2,2,1,4,0,0,0,,0.235,0.284,0.331,0.615,0.27,,0,-0.1,,-0.1,,999,sa917376
Jorge Alfaro,SDP,105,444,411,99,17,1,12,42,50,20,141,9,8,3,,0.242,0.291,0.379,0.669,0.29,,-2.3,-0.5,,-0.1,,398.2,12180
Anthony Alford,PIT,99,427,382,87,18,2,12,49,48,37,146,6,15,8,,0.228,0.304,0.38,0.685,0.298,,-0.6,-0.4,,-0.1,,528,14329
Darick Hall,PHI,11,49,43,9,2,0,2,6,6,4,13,1,0,0,,0.218,0.297,0.395,0.692,0.3,,0,0,,-0.1,,999,sa918293
Andrew Stevenson,WSN,66,287,261,66,12,2,6,32,30,19,78,3,4,2,,0.253,0.31,0.382,0.691,0.3,,-0.8,-0.2,,-0.1,,597.8,17932
Kurt Suzuki,,36,141,126,29,6,0,4,13,14,8,25,4,0,0,,0.233,0.297,0.365,0.662,0.29,,-2.7,-0.4,,-0.1,,600.6,8259
Logan Warmoth,TOR,8,35,31,6,1,0,1,4,3,3,12,1,1,0,,0.197,0.277,0.304,0.581,0.26,,0.1,0,,-0.1,,999,sa3004813
Alcides Escobar,WSN,118,511,471,116,24,1,8,55,47,26,92,7,4,1,,0.246,0.294,0.354,0.648,0.283,,-4.4,0.3,,-0.1,,581.6,6310
Donovan Casey,WSN,10,42,39,9,2,0,1,4,4,2,14,0,1,0,,0.222,0.272,0.362,0.635,0.275,,-0.1,0,,-0.1,,999,sa915654
Fabian Pena,,5,19,18,4,1,0,1,1,2,1,6,0,0,0,,0.197,0.228,0.331,0.559,0.241,,-0.7,0,,-0.1,,999,sa3007303
Evan White,SEA,55,238,218,47,8,1,9,25,28,16,72,2,2,1,,0.214,0.271,0.376,0.647,0.28,,1.1,-0.1,,-0.1,,600.2,20078
Billy Hamilton,,32,140,127,26,5,1,1,16,9,10,40,0,9,2,,0.206,0.265,0.296,0.561,0.249,,0.9,0.9,,-0.1,,999,10199
Josh Palacios,TOR,23,98,88,20,4,0,2,10,9,8,26,1,2,1,,0.225,0.296,0.335,0.631,0.279,,0,-0.1,,-0.1,,999,19818
Yusniel Diaz,BAL,11,49,44,9,2,0,1,5,5,4,14,0,0,0,,0.205,0.271,0.339,0.61,0.268,,-0.1,-0.1,,-0.1,,999,sa912848
Matt Carpenter,,63,273,231,47,11,1,7,30,28,35,80,5,2,0,,0.203,0.318,0.353,0.671,0.298,,-0.5,-0.4,,-0.1,,999,8090
David Dahl,MIL,29,126,116,28,6,1,4,14,14,7,32,1,1,1,,0.242,0.29,0.4,0.69,0.297,,-0.1,-0.1,,-0.1,,598.7,13744
Luke Williams,PHI,53,231,208,47,9,1,4,24,20,17,55,2,7,3,,0.226,0.291,0.341,0.632,0.278,,1.2,-0.1,,-0.1,,999,19931
Albert Pujols,,52,224,207,50,7,0,10,23,34,12,36,3,1,0,,0.244,0.292,0.418,0.71,0.302,,-0.2,-0.5,,-0.1,,599.1,1177
Matt Joyce,PHI,36,154,131,28,5,0,4,17,16,19,38,1,1,0,,0.216,0.319,0.345,0.664,0.294,,-1.5,-0.3,,-0.1,,999,3353
Ian Desmond,COL,62,266,242,55,12,2,9,31,31,20,68,2,4,1,,0.229,0.291,0.401,0.692,0.298,,-3.2,-0.2,,-0.2,,999,6885
Jared Oliva,PIT,29,126,114,26,5,1,2,13,11,8,32,2,5,2,,0.226,0.289,0.336,0.625,0.274,,0.2,0.2,,-0.2,,999,19968
Lewis Brinson,MIA,52,224,207,46,9,1,6,22,24,13,62,3,3,1,,0.221,0.273,0.365,0.638,0.277,,0.1,0,,-0.2,,600,14352
Jarrod Dyson,,50,217,196,42,7,1,2,24,16,17,47,1,13,5,,0.213,0.278,0.302,0.58,0.258,,0.9,0.7,,-0.2,,999,4866
Dexter Fowler,,102,441,382,83,15,1,13,50,47,49,116,6,6,3,,0.218,0.313,0.364,0.677,0.299,,-4.2,-0.4,,-0.2,,999,4062
Guillermo Heredia,ATL,62,266,234,53,14,0,5,30,23,24,63,6,1,1,,0.226,0.311,0.354,0.665,0.292,,-0.6,-0.1,,-0.2,,999,18721
Scott Kingery,PHI,39,168,153,33,8,1,4,18,16,11,52,2,3,1,,0.215,0.272,0.363,0.635,0.275,,-0.6,0.3,,-0.2,,600.3,17975
Miguel Cabrera,DET,122,525,474,119,17,0,16,52,67,41,119,5,0,0,,0.252,0.314,0.391,0.704,0.306,,-0.3,-2.6,,-0.2,,502.4,1744
Drew Butera,,21,83,74,13,3,0,1,7,6,6,26,1,1,0,,0.174,0.248,0.276,0.524,0.235,,-0.5,-0.1,,-0.3,,999,3411
Ryan Vilade,COL,58,252,230,60,12,2,4,27,22,16,46,2,5,2,,0.263,0.311,0.383,0.695,0.301,,0.2,-0.1,,-0.4,,600.5,22165
