Name,Team,G,PA,AB,H,2B,3B,HR,R,RBI,BB,SO,HBP,SB,CS,AVG,OBP,SLG,OPS,wOBA,wRC+,WAR,ADP,InterSD,InterSK,IntraSD,playerid
Juan Soto,WSN,153,663,521,163,30,3,36,113,106,135,101,4,11,5,0.312,0.454,0.587,1.041,0.437,174,7.6,4.2,2.61,0.43,0.98,20123
Fernando Tatis Jr.,SDP,141,610,536,153,30,2,43,109,105,65,161,6,27,7,0.286,0.367,0.593,0.96,0.4,154,6.6,1.9,5.72,-0.9,0.58,19709
Mike Trout,LAA,134,578,468,132,25,3,36,96,94,96,137,10,7,2,0.281,0.41,0.579,0.99,0.412,164,6.2,14.6,2.93,-1.01,0.69,10155
José Ramírez,CLE,148,635,552,150,35,4,35,101,100,72,91,6,25,6,0.271,0.358,0.538,0.897,0.377,141,5.9,3.7,2.81,0.41,0.8,13510
Mookie Betts,LAD,147,658,566,159,34,3,31,112,87,79,100,8,14,5,0.28,0.373,0.514,0.887,0.376,138,5.8,15.4,3.46,-0.68,0.65,13611
Vladimir Guerrero Jr.,TOR,152,,570,175,32,2,41,108,109,74,101,6,3,2,0.306,0.39,0.585,0.975,0.409,159,5.6,5.9,4.4,0.15,1.43,19611
Trea Turner,LAD,147,651,595,180,34,5,26,109,85,47,111,5,32,7,0.303,0.357,0.506,0.863,0.367,132,5.6,1.5,3.85,0.54,1.45,16252
Ronald Acuña Jr.,ATL,131,583,495,139,26,2,36,105,87,74,146,10,22,7,0.281,0.383,0.562,0.945,0.398,147,5.6,9.6,3.45,0.14,0.6,18401
Aaron Judge,NYY,145,627,543,150,25,1,39,98,97,77,166,5,5,2,0.276,0.369,0.538,0.907,0.382,142,5.4,36,2.11,-1.17,0.95,15640
Bryce Harper,PHI,150,646,528,146,32,2,37,103,101,106,145,6,14,4,0.277,0.4,0.556,0.957,0.4,150,5.2,9.5,3.37,0.9,0.46,11579
Carlos Correa,,140,615,540,148,30,1,25,86,87,65,120,5,1,0,0.274,0.355,0.474,0.829,0.354,128,5,101.3,1.96,-0.85,0.84,14162
Rafael Devers,BOS,150,649,585,164,38,2,38,101,106,55,137,6,5,3,0.281,0.348,0.548,0.896,0.376,136,4.8,14.4,2.49,-0.36,1.03,17350
Bo Bichette,TOR,150,648,599,175,36,2,27,104,91,41,127,5,21,5,0.292,0.341,0.497,0.837,0.356,123,4.8,5.4,2.47,0.4,0.71,19612
Marcus Semien,TEX,150,666,594,154,32,2,30,95,83,66,126,3,12,4,0.259,0.335,0.473,0.808,0.346,121,4.7,39.4,2.86,-0.51,0.54,12533
Kyle Tucker,HOU,149,613,550,154,34,4,32,89,95,55,111,4,17,4,0.28,0.346,0.53,0.877,0.369,138,4.7,12.3,2.12,1.02,0.24,18345
Freddie Freeman,,146,665,571,169,34,2,31,104,95,85,108,7,6,3,0.295,0.391,0.525,0.916,0.387,140,4.6,20.2,2.51,0.05,0.95,5361
Alex Bregman,HOU,141,611,520,140,31,1,24,85,84,78,79,7,2,1,0.268,0.368,0.474,0.842,0.362,133,4.6,87.2,2.89,-1.1,0.67,17678
Xander Bogaerts,BOS,149,640,567,162,36,1,26,94,89,64,117,4,7,2,0.286,0.36,0.493,0.853,0.363,127,4.6,45.5,3.41,0.83,0.7,12161
Will Smith,LAD,128,514,434,114,22,1,29,75,83,61,107,11,2,1,0.263,0.364,0.519,0.883,0.374,136,4.6,57,2.42,-0.53,0.65,19197
Luis Robert,CHW,140,600,547,156,32,3,28,86,84,39,143,9,19,5,0.286,0.341,0.51,0.851,0.36,128,4.6,16.8,3.39,-1.23,0.51,20043
Manny Machado,SDP,152,649,575,159,29,2,32,90,102,62,105,3,11,3,0.276,0.345,0.501,0.846,0.356,125,4.5,22.2,2.02,0.82,0.51,11493
Wander Franco,TBR,144,622,565,165,33,8,18,90,80,48,74,5,8,4,0.292,0.35,0.471,0.821,0.351,121,4.5,55.8,3.08,-1.56,0.97,23667
Matt Olson,OAK,150,639,547,140,27,1,38,89,100,79,133,9,3,1,0.256,0.356,0.514,0.87,0.368,139,4.5,43.1,2.01,-1.01,1.18,14344
Corey Seager,TEX,132,566,503,145,31,2,24,81,83,54,93,5,2,1,0.288,0.36,0.505,0.865,0.367,135,4.4,77.4,3.75,-0.16,0.87,13624
Byron Buxton,MIN,122,498,460,124,30,3,29,82,73,28,122,7,16,4,0.27,0.319,0.537,0.856,0.359,129,4.4,55.4,5.38,-0.96,0.44,14161
Anthony Rendon,LAA,134,577,496,135,30,1,23,77,82,69,87,7,1,1,0.271,0.366,0.477,0.843,0.361,130,4.3,106.3,4.38,0.02,0.67,12861
Brandon Lowe,TBR,141,595,521,133,27,2,34,91,92,63,164,8,6,2,0.255,0.342,0.511,0.853,0.361,128,4.3,74.2,2.57,0.24,0.87,18882
Yordan Alvarez,HOU,144,615,543,153,32,1,39,92,108,61,145,8,1,1,0.281,0.361,0.558,0.919,0.386,149,4.2,28.4,2.16,-0.47,1.28,19556
Francisco Lindor,NYM,147,646,568,145,28,2,26,89,82,64,109,6,14,5,0.256,0.335,0.451,0.787,0.337,112,4.2,54,2.41,-0.95,0.57,12916
George Springer,TOR,134,591,514,136,24,2,35,97,84,66,125,8,6,2,0.264,0.354,0.522,0.876,0.371,133,4.2,59.6,2.8,-1.6,0.8,12856
Bryan Reynolds,PIT,150,631,552,157,32,6,25,85,85,69,128,7,5,2,0.285,0.37,0.499,0.869,0.37,133,4.1,92.7,1.88,1.07,0.72,19326
Ozzie Albies,ATL,148,646,593,161,36,6,28,99,88,44,119,5,17,5,0.272,0.326,0.495,0.821,0.347,114,4.1,18.1,2.28,0.77,0.43,16556
Yasmani Grandal,CHW,126,512,412,97,17,1,26,71,72,90,123,4,1,1,0.236,0.374,0.468,0.842,0.363,129,4.1,99.1,2.42,2.34,0.71,11368
Shohei Ohtani,LAA,143,600,516,134,25,5,38,99,94,78,172,4,22,7,0.259,0.36,0.547,0.907,0.38,143,3.9,9.3,6.07,-0.17,0.92,19755
Matt Chapman,OAK,146,614,533,120,24,3,30,78,79,68,185,6,2,1,0.224,0.316,0.447,0.764,0.328,111,3.9,188.5,2.53,0.12,1.27,16505
Jose Altuve,HOU,140,630,565,156,29,2,25,100,77,56,92,5,6,3,0.277,0.345,0.468,0.813,0.348,124,3.9,73.1,2,-0.19,0.73,5417
Jonathan India,CIN,147,636,543,142,31,2,22,98,72,71,143,18,12,3,0.261,0.363,0.451,0.814,0.353,116,3.8,87.8,3.62,-0.88,0.71,21523
Ketel Marte,ARI,143,615,557,163,35,4,22,84,78,47,90,5,5,2,0.292,0.351,0.49,0.842,0.358,122,3.8,79,2.69,-0.94,0.91,13613
Salvador Perez,KCR,139,584,544,144,25,1,35,74,98,25,139,10,1,1,0.264,0.307,0.502,0.809,0.34,114,3.7,32.8,1.94,0.11,1.12,7304
Nolan Arenado,STL,152,647,582,150,29,2,31,82,97,52,94,4,2,1,0.258,0.319,0.477,0.796,0.333,109,3.7,67.4,1.99,-0.47,0.98,9777
J.T. Realmuto,PHI,143,591,530,139,27,3,22,78,80,48,138,10,12,3,0.262,0.333,0.452,0.785,0.336,108,3.6,51.2,2.09,-0.37,0.29,11739
Joey Gallo,NYY,143,596,490,102,18,1,38,88,89,97,209,7,5,1,0.209,0.347,0.486,0.833,0.356,124,3.6,172.4,3.1,-0.12,1.9,14128
Paul Goldschmidt,STL,150,659,576,159,29,2,30,95,88,75,138,4,8,2,0.276,0.361,0.491,0.852,0.36,127,3.5,47.9,3.92,-1.88,0.51,9218
Pete Alonso,NYM,152,650,567,146,27,2,40,90,106,65,144,14,2,1,0.258,0.347,0.524,0.872,0.368,133,3.4,44.9,2.4,-0.58,1.35,19251
Yoán Moncada,CHW,144,618,536,139,30,3,19,83,70,71,164,7,4,2,0.26,0.352,0.432,0.784,0.34,114,3.3,155.3,1.42,0.61,0.44,17232
Cedric Mullins,BAL,149,644,573,149,30,5,23,86,61,51,122,7,27,7,0.261,0.326,0.45,0.776,0.333,109,3.3,32.8,2.73,0.48,1.44,17929
Willy Adames,MIL,144,593,531,135,28,2,25,81,73,58,167,2,6,3,0.255,0.33,0.459,0.789,0.339,110,3.3,127.4,2.69,-0.03,0.37,15986
Josh Donaldson,MIN,134,564,475,117,25,1,28,77,75,78,126,6,1,1,0.247,0.356,0.478,0.834,0.358,128,3.3,192.9,2.76,-0.63,0.76,5038
Jorge Polanco,MIN,147,638,579,155,32,3,26,90,83,47,111,5,9,4,0.268,0.326,0.467,0.792,0.338,114,3.3,76.8,2.13,1.21,0.3,13152
Ke'Bryan Hayes,PIT,140,602,544,145,31,4,15,78,62,51,126,4,12,3,0.266,0.332,0.421,0.752,0.326,104,3.2,139.9,3.27,-1.69,0.66,18577
Max Muncy,LAD,125,525,440,110,20,1,30,80,83,74,117,8,2,1,0.25,0.366,0.509,0.875,0.373,136,3.2,148.9,3.55,0.83,0.81,13301
Jeimer Candelario,DET,144,609,537,138,33,3,20,73,70,64,135,6,1,1,0.257,0.342,0.441,0.783,0.339,115,3.2,240.4,2.18,0.14,0.4,13621
Tim Anderson,CHW,141,623,591,174,32,2,21,99,69,26,133,4,19,6,0.295,0.327,0.46,0.787,0.337,112,3.2,33,2.38,0.09,1.17,15172
Jesse Winker,CIN,135,567,488,140,28,1,28,85,77,67,98,10,2,1,0.286,0.382,0.521,0.903,0.385,137,3.2,106.6,2.47,-1.09,0.86,13590
Jake Cronenworth,SDP,142,598,533,145,31,5,17,82,69,52,89,8,6,3,0.273,0.345,0.444,0.788,0.34,114,3.2,120.9,1.63,0.76,0.56,18036
Austin Riley,ATL,148,620,558,152,29,2,31,85,95,48,160,9,0,1,0.272,0.336,0.497,0.833,0.353,118,3.1,50.1,1.98,-0.41,1,18360
Starling Marte,NYM,138,604,543,151,28,3,17,90,66,42,112,14,37,8,0.278,0.344,0.432,0.776,0.336,111,3.1,28,6.45,0.87,2.14,9241
Trevor Story,,141,633,566,145,32,4,28,91,81,55,156,8,22,6,0.256,0.329,0.475,0.805,0.343,101,3.1,38.9,2.18,-0.69,0.99,12564
Trent Grisham,SDP,137,578,502,123,26,4,19,79,65,64,132,6,15,4,0.245,0.335,0.424,0.759,0.329,107,3,143,2.27,0.16,0.84,18564
Rhys Hoskins,PHI,132,574,483,116,26,1,34,85,86,80,135,8,3,2,0.241,0.357,0.51,0.867,0.369,130,3,131.2,5.49,0.34,1.09,16472
Cody Bellinger,LAD,143,581,510,124,25,3,28,80,82,64,129,3,10,3,0.243,0.329,0.467,0.796,0.337,112,3,97.7,4.4,-1.88,0.73,15998
Christian Yelich,MIL,137,584,495,131,25,3,22,87,73,81,141,5,13,4,0.265,0.373,0.461,0.834,0.36,123,3,102.1,2.35,0.08,0.43,11477
Harrison Bader,STL,139,517,460,113,23,2,19,64,58,43,128,10,12,4,0.245,0.321,0.426,0.747,0.322,102,2.9,231.5,4.66,-0.7,0.65,18030
Justin Turner,LAD,130,549,481,134,25,1,23,77,78,51,89,12,2,1,0.278,0.359,0.474,0.833,0.357,125,2.9,151.8,3.45,-0.32,0.65,5235
Tyler Stephenson,CIN,130,479,421,113,23,1,13,61,56,47,98,7,0,0,0.27,0.351,0.423,0.774,0.337,105,2.9,137.4,3.59,-0.37,0.64,17988
Kris Bryant,,130,583,506,130,29,2,23,83,73,63,134,12,7,2,0.257,0.352,0.458,0.81,0.349,120,2.9,97.7,2.91,0.95,0.31,15429
Ramón Laureano,OAK,119,500,447,113,24,2,20,68,60,37,129,12,13,4,0.254,0.324,0.451,0.776,0.333,115,2.9,232.6,3.8,-1.07,0.62,17128
Javier Báez,DET,144,590,551,140,27,3,28,81,83,28,177,7,16,5,0.254,0.297,0.463,0.759,0.32,102,2.8,60.6,4.47,0.49,0.66,12979
Tyler O'Neill,STL,139,545,491,126,23,2,31,81,82,41,167,9,13,3,0.256,0.323,0.5,0.823,0.349,120,2.8,48,3.86,0.21,0.52,15711
DJ LeMahieu,NYY,145,647,580,163,27,2,14,87,64,58,87,4,4,2,0.281,0.348,0.406,0.754,0.329,107,2.8,113.6,2.19,0.58,1,9874
Whit Merrifield,KCR,148,658,608,171,36,4,12,89,65,38,97,5,30,7,0.282,0.326,0.413,0.739,0.319,100,2.7,31.5,2.73,-0.18,1.85,11281
Enrique Hernández,BOS,140,581,514,128,30,3,22,81,69,54,112,7,2,1,0.248,0.326,0.449,0.775,0.332,106,2.7,221.4,4.33,-0.13,0.56,10472
Kyle Schwarber,,130,567,484,119,21,1,34,83,83,75,151,6,2,1,0.245,0.352,0.504,0.856,0.363,127,2.7,120.8,2.15,0.89,1.02,16478
Dansby Swanson,ATL,150,635,572,144,30,2,25,81,79,52,158,5,10,3,0.251,0.317,0.443,0.76,0.324,99,2.7,121.5,2.71,-0.07,0.48,18314
Brandon Nimmo,NYM,123,522,435,114,23,4,14,73,49,73,111,10,7,3,0.262,0.38,0.426,0.806,0.354,123,2.7,320.1,4.3,-0.12,0.65,12927
Willson Contreras,CHC,130,524,453,111,21,1,22,69,67,52,140,15,5,2,0.245,0.339,0.444,0.784,0.339,113,2.7,110.2,2.18,0.07,0.33,11609
Brandon Crawford,SFG,130,530,471,121,25,2,17,67,68,49,108,5,5,3,0.258,0.332,0.433,0.764,0.326,105,2.6,216.8,3.25,0.68,0.17,5343
Luis Urías,MIL,141,550,482,121,24,2,19,71,66,56,115,10,5,2,0.251,0.34,0.427,0.767,0.333,106,2.6,156.3,3.6,-0.87,0.13,16622
Michael Conforto,,135,580,496,127,26,1,23,76,76,71,127,11,3,2,0.255,0.359,0.453,0.812,0.351,121,2.6,202.4,1.85,0.08,0.41,16376
Sean Murphy,OAK,113,425,374,85,18,1,18,49,52,42,109,7,0,0,0.226,0.315,0.421,0.735,0.319,106,2.5,247.9,2.11,-0.04,0.43,19352
Gleyber Torres,NYY,140,578,514,135,25,1,20,70,69,56,115,4,11,5,0.263,0.337,0.432,0.769,0.333,109,2.5,151.2,3.49,0.42,0.38,16997
Max Kepler,MIN,132,553,483,113,25,3,24,74,69,59,103,7,8,2,0.233,0.323,0.448,0.771,0.33,109,2.5,288.1,1.33,1.02,0.73,12144
Brandon Belt,SFG,123,507,434,108,22,2,26,73,69,65,123,5,3,2,0.25,0.353,0.493,0.846,0.36,128,2.5,226.5,3.13,0.58,0.47,10264
Alex Verdugo,BOS,144,607,548,158,35,2,15,82,66,50,98,5,6,2,0.287,0.349,0.443,0.791,0.341,112,2.5,160.1,1.53,0.3,0.98,17027
Adley Rutschman,BAL,101,411,361,91,18,1,14,48,48,44,77,4,2,1,0.253,0.338,0.426,0.764,0.33,108,2.5,184.9,5.75,0.62,0.51,sa3011643
Mitch Garver,MIN,105,408,355,85,18,1,20,54,55,44,118,5,1,1,0.238,0.329,0.464,0.793,0.34,116,2.5,174.6,4.47,0.59,0.4,15161
Mitch Haniger,SEA,142,636,565,140,26,2,31,89,86,56,156,9,3,1,0.248,0.323,0.467,0.791,0.338,119,2.5,107.6,2.97,-0.24,0.98,14274
Amed Rosario,CLE,140,582,546,152,27,6,13,75,61,30,117,3,15,4,0.278,0.318,0.419,0.737,0.317,100,2.5,167,2.97,-1.3,1.05,15518
J.P. Crawford,SEA,148,638,567,144,30,2,10,78,56,59,113,6,8,3,0.254,0.328,0.365,0.693,0.306,97,2.5,388,1.24,-0.96,0.75,15491
Kolten Wong,MIL,131,553,492,131,27,3,12,75,55,42,89,13,14,5,0.267,0.337,0.41,0.747,0.323,100,2.5,191.8,2.9,0.85,0.93,12532
Ty France,SEA,142,590,526,143,28,1,19,73,73,42,108,18,0,0,0.272,0.345,0.439,0.783,0.339,120,2.5,146.7,2.71,0.09,0.66,17982
Luis Arraez,MIN,134,554,498,149,27,4,5,70,50,47,53,2,3,2,0.3,0.359,0.396,0.755,0.33,109,2.5,313.3,3.56,-0.88,1.64,18568
Bobby Witt Jr.,KCR,125,536,489,126,27,3,20,68,69,37,123,5,17,5,0.257,0.314,0.447,0.761,0.325,104,2.4,95.8,4.89,-0.24,0.82,sa3011225
Jean Segura,PHI,134,580,530,149,27,3,15,77,62,39,85,7,9,3,0.281,0.336,0.425,0.761,0.329,103,2.4,201.4,2.43,0.79,0.81,5933
Chris Taylor,LAD,139,557,490,124,27,4,19,79,72,56,155,6,11,3,0.254,0.336,0.442,0.778,0.336,111,2.4,133.5,2.59,0.27,0.41,13757
Oneil Cruz,PIT,117,476,438,114,22,4,17,60,59,35,123,3,12,4,0.26,0.317,0.446,0.764,0.327,104,2.4,214.6,3.55,-0.17,0.67,21711
Nick Castellanos,,142,637,581,163,38,3,31,93,95,45,141,7,3,2,0.28,0.337,0.517,0.853,0.36,120,2.3,61.8,2.62,-0.36,0.92,11737
Tommy Edman,STL,141,609,562,150,31,4,12,81,57,35,95,7,23,5,0.268,0.317,0.402,0.719,0.311,95,2.3,85.3,2.29,-0.79,1.45,19470
Miguel Rojas,MIA,130,541,495,133,26,2,9,64,50,38,72,6,12,4,0.268,0.326,0.381,0.707,0.308,95,2.3,413.6,2.37,1.23,1.03,7802
Jared Walsh,LAA,142,585,525,138,29,2,29,79,91,48,149,6,2,1,0.262,0.328,0.492,0.82,0.347,120,2.3,116.8,2.46,0.15,0.83,18607
Giancarlo Stanton,NYY,137,580,509,133,22,0,34,78,93,63,161,5,1,0,0.262,0.347,0.51,0.857,0.359,126,2.3,95.7,3.03,0.82,1.04,4949
Jacob Stallings,MIA,113,423,375,91,18,1,9,41,43,40,92,4,0,0,0.243,0.32,0.365,0.685,0.302,91,2.2,395.7,2.71,0.37,0.54,13723
Myles Straw,CLE,143,568,504,133,24,2,4,74,42,58,110,3,31,6,0.264,0.341,0.343,0.684,0.306,92,2.2,131.3,2.99,-0.35,2.36,17620
Dylan Carlson,STL,147,620,549,141,30,4,20,78,71,56,149,9,5,2,0.256,0.331,0.434,0.765,0.329,107,2.2,179.2,4.11,0.46,0.27,20126
José Abreu,CHW,149,646,575,153,30,2,31,87,103,49,141,15,1,1,0.267,0.337,0.486,0.823,0.348,119,2.2,75.5,2.49,0.25,1.11,15676
Teoscar Hernández,TOR,142,601,550,147,28,2,33,88,97,43,163,6,11,4,0.267,0.325,0.507,0.832,0.352,120,2.2,30.5,3.12,1.13,0.51,13066
Eloy Jiménez,CHW,142,588,544,148,29,1,31,74,92,38,143,4,1,0,0.271,0.321,0.501,0.822,0.348,119,2.2,62.8,3.14,-0.46,0.97,17484
Ian Happ,CHC,142,564,489,117,23,2,26,72,73,67,161,5,9,3,0.24,0.337,0.455,0.792,0.34,114,2.2,202,3.37,0.15,0.64,17919
Mike Yastrzemski,SFG,131,535,473,115,26,3,23,71,69,52,134,7,4,2,0.242,0.325,0.459,0.784,0.335,111,2.1,284.3,2.45,0.18,0.45,14854
Avisaíl García,MIA,137,565,512,135,22,1,23,71,76,39,133,10,8,3,0.264,0.327,0.445,0.772,0.33,110,2.1,174.2,3.44,0.39,0.17,5760
Anthony Rizzo,,133,583,502,129,23,2,23,76,74,59,89,17,5,2,0.256,0.351,0.449,0.8,0.343,116,2.1,193.2,1.73,0.12,0.25,3473
Randy Arozarena,TBR,142,600,528,137,28,3,23,85,71,53,159,15,19,8,0.26,0.342,0.452,0.794,0.342,115,2.1,62.2,3.26,0.24,0.8,19290
Daulton Varsho,ARI,114,434,391,99,20,3,17,59,55,37,93,4,10,2,0.253,0.324,0.449,0.773,0.331,105,2.1,94.2,4.63,0.61,0.58,19918
Abraham Toro,SEA,119,477,425,105,21,2,14,56,55,40,81,9,7,3,0.248,0.324,0.408,0.733,0.319,106,2.1,271.5,3.75,-1.64,0.39,19844
Adam Frazier,SEA,141,589,535,142,28,3,8,71,48,42,74,8,7,4,0.266,0.328,0.375,0.702,0.308,99,2.1,354.8,2.34,-0.04,0.9,15223
J.D. Martinez,BOS,144,624,557,153,34,2,29,85,94,58,146,4,1,1,0.274,0.343,0.5,0.843,0.355,122,2,88.6,2.18,-1.68,0.94,6184
Carson Kelly,ARI,107,406,354,85,16,1,15,46,51,43,85,5,0,0,0.241,0.329,0.418,0.747,0.324,100,2,267.4,2.01,0.74,0.39,13620
Michael Brantley,HOU,117,506,460,134,27,2,12,66,55,39,59,5,2,1,0.291,0.352,0.434,0.786,0.339,118,2,244.2,2.72,0.08,1.16,4106
Keibert Ruiz,WSN,115,449,411,111,21,1,17,51,59,31,52,5,0,0,0.27,0.328,0.447,0.776,0.333,106,2,142.3,2.91,-1.02,0.71,19610
Mike Zunino,TBR,103,372,335,68,13,1,23,48,56,30,133,6,0,0,0.203,0.281,0.456,0.737,0.313,96,2,247.1,3.16,-0.74,0.9,13265
Ryan McMahon,COL,145,588,522,133,28,2,25,77,81,57,156,4,5,2,0.254,0.331,0.459,0.789,0.338,98,2,159.3,2.95,0.55,0.46,15112
Danny Jansen,TOR,98,352,309,73,15,1,15,47,46,34,72,5,0,0,0.235,0.319,0.438,0.757,0.326,103,2,362.1,3.43,-0.18,0.4,16535
Nicky Lopez,KCR,137,542,485,130,22,4,3,65,42,43,77,4,17,4,0.267,0.331,0.348,0.679,0.301,88,2,246.8,2.28,-0.09,1.54,19339
Andrew Benintendi,KCR,132,558,498,134,28,3,17,69,70,48,108,5,10,5,0.27,0.337,0.444,0.781,0.332,109,1.9,193.1,3.04,0.58,0.47,17901
Tommy Pham,,121,512,441,112,21,2,16,67,54,64,113,5,14,5,0.253,0.353,0.419,0.773,0.338,113,1.9,266.1,3.94,-0.26,0.81,2967
Joey Votto,CIN,139,591,503,128,24,2,29,81,84,81,133,4,1,1,0.255,0.361,0.484,0.845,0.357,118,1.9,137.5,2.74,-1.03,0.81,4314
Jesús Sánchez,MIA,133,540,491,125,20,4,23,64,73,42,142,5,3,1,0.255,0.319,0.455,0.774,0.331,110,1.9,222.2,2.27,-1.16,0.41,19913
Josh Bell,WSN,145,605,527,140,26,2,30,82,94,69,117,4,0,0,0.266,0.351,0.491,0.842,0.357,122,1.9,128.4,2.45,-0.3,0.95,13145
Nick Madrigal,CHC,123,484,449,132,21,5,4,54,44,26,35,7,9,4,0.295,0.342,0.39,0.732,0.319,100,1.9,309.2,3.95,0.4,1.61,20521
Marcell Ozuna,ATL,118,505,450,119,20,1,25,66,76,50,109,3,2,1,0.265,0.341,0.478,0.82,0.35,116,1.9,186.9,5.15,-0.71,0.56,10324
Jeff McNeil,NYM,129,515,463,128,26,2,12,61,56,36,69,12,4,2,0.276,0.342,0.419,0.761,0.33,108,1.9,322.7,1.8,-0.64,0.8,15362
Eduardo Escobar,NYM,141,587,535,130,25,4,24,69,79,45,120,3,2,1,0.243,0.303,0.438,0.74,0.315,98,1.9,195,2.34,-0.43,0.69,6153
AJ Pollock,LAD,112,440,401,108,22,1,21,58,66,30,89,6,7,2,0.27,0.328,0.49,0.818,0.347,118,1.9,217.9,2.16,-1.15,0.51,9256
Max Stassi,LAA,103,386,340,77,13,1,15,45,45,35,113,7,0,0,0.226,0.307,0.403,0.71,0.308,94,1.9,305.4,2.31,0.24,0.39,10059
Nathaniel Lowe,TEX,144,596,517,134,25,2,19,74,72,72,150,4,6,1,0.258,0.351,0.425,0.777,0.338,116,1.8,242.1,1.51,-0.54,0.18,19566
Jazz Chisholm Jr.,MIA,132,558,505,121,21,5,21,76,61,43,161,6,23,7,0.239,0.306,0.422,0.728,0.313,99,1.8,77.8,4.85,0.83,1.43,20454
Franmil Reyes,CLE,144,593,529,134,23,1,36,77,97,54,177,3,3,1,0.254,0.324,0.503,0.827,0.348,121,1.8,120.4,3.6,-0.79,1.08,14566
Nico Hoerner,CHC,117,441,396,108,21,2,5,47,42,34,69,6,10,4,0.272,0.336,0.369,0.705,0.309,94,1.8,450,3.11,-0.68,1.3,21479
Kyle Lewis,SEA,122,516,457,111,19,1,20,61,60,53,145,2,6,2,0.243,0.323,0.422,0.745,0.323,109,1.8,318.5,3.36,0.59,0.32,19508
Mark Canha,NYM,137,575,482,115,22,3,18,78,63,71,127,17,9,2,0.238,0.352,0.407,0.759,0.334,110,1.8,280.8,3.63,-0.78,0.63,11445
Jonathan Schoop,DET,141,598,553,146,27,2,22,73,74,31,124,9,2,1,0.263,0.309,0.438,0.747,0.32,102,1.8,203.1,1.3,-0.68,0.45,11265
Isiah Kiner-Falefa,TEX,127,533,495,132,22,3,6,58,44,27,75,8,14,5,0.267,0.314,0.364,0.678,0.297,88,1.7,332.8,2.7,-0.44,1.3,16512
Christian Vázquez,BOS,117,451,415,106,20,1,10,49,47,30,83,2,6,3,0.255,0.308,0.384,0.692,0.301,85,1.7,202.3,4.43,0.35,0.69,9774
Brian Anderson,MIA,119,484,427,106,20,1,16,53,57,45,119,10,5,1,0.247,0.331,0.41,0.742,0.324,105,1.7,440.3,2.77,0.05,0.36,18289
Ryan Mountcastle,BAL,145,612,560,147,28,2,31,78,88,40,155,5,4,2,0.263,0.314,0.483,0.797,0.337,112,1.7,116.5,1.36,0.11,0.68,18373
Robbie Grossman,DET,136,574,489,118,23,3,17,73,57,75,123,6,16,4,0.241,0.347,0.401,0.748,0.329,108,1.7,188.9,1.75,-0.66,0.99,5254
César Hernández,WSN,134,582,522,135,24,2,14,73,58,53,117,5,3,1,0.258,0.331,0.395,0.726,0.317,95,1.7,394.3,3.26,-0.31,0.4,10556
Hunter Renfroe,MIL,138,555,500,120,24,1,32,77,86,47,142,4,2,1,0.24,0.306,0.485,0.791,0.334,107,1.7,162.9,2.89,0.22,1.06,15464
Austin Hays,BAL,132,552,508,130,26,3,21,71,68,32,112,7,6,3,0.257,0.308,0.445,0.753,0.322,102,1.7,238.8,2.1,-1.18,0.08,19363
Alejandro Kirk,TOR,89,331,293,79,17,0,13,41,46,32,45,4,1,0,0.268,0.345,0.459,0.804,0.345,116,1.7,239,3.74,-0.11,0.87,22581
Omar Narváez,MIL,113,430,379,96,16,0,12,48,47,42,87,5,0,0,0.252,0.333,0.394,0.727,0.318,96,1.6,245.3,2.21,-0.4,0.48,13338
Brandon Marsh,LAA,118,465,415,103,20,3,10,56,44,43,141,4,11,3,0.249,0.323,0.384,0.707,0.309,95,1.6,393.6,4.73,1.43,0.89,20202
C.J. Cron,COL,135,547,482,129,26,1,29,72,87,50,122,12,1,0,0.268,0.349,0.509,0.858,0.365,115,1.6,125.7,3.51,-1.35,0.83,12546
Nelson Cruz,,121,533,472,123,21,1,28,71,82,49,126,8,1,1,0.261,0.338,0.488,0.825,0.349,120,1.6,175.2,4.51,-0.98,0.7,2434
Edmundo Sosa,STL,109,390,354,93,15,3,8,45,39,22,79,11,8,2,0.263,0.324,0.391,0.715,0.312,95,1.6,440,2.11,0.4,1.05,17022
Ramón Urías,BAL,119,447,400,101,22,1,12,50,49,38,109,8,3,2,0.252,0.328,0.399,0.727,0.318,99,1.6,486,1.97,-0.06,0.47,18795
Aaron Hicks,NYY,107,434,368,84,16,2,16,55,50,59,97,4,3,2,0.228,0.338,0.411,0.749,0.326,105,1.6,499.1,3.95,-0.92,0.33,5297
Akil Baddoo,DET,138,557,496,122,23,7,18,73,61,54,144,2,20,5,0.245,0.321,0.427,0.748,0.322,104,1.6,157,3.03,0.33,1.18,22168
Luke Voit,NYY,120,489,430,108,17,1,26,65,72,48,135,9,0,0,0.25,0.337,0.478,0.815,0.349,120,1.6,258.9,2.29,-1.62,0.62,14811
Yandy Díaz,TBR,112,461,399,108,19,1,12,56,52,57,74,3,1,1,0.27,0.363,0.411,0.774,0.339,114,1.6,399.2,3.29,-0.44,0.71,16578
Brendan Rodgers,COL,127,532,495,137,28,3,18,67,66,28,110,8,2,1,0.278,0.325,0.457,0.782,0.335,96,1.6,163.4,3.14,-0.01,0.71,17907
Andrés Giménez,CLE,117,420,383,94,19,2,12,49,41,21,100,10,18,5,0.246,0.299,0.402,0.701,0.302,90,1.6,278.7,2.78,-0.61,1.44,19950
Julio Rodríguez,SEA,66,284,255,69,13,1,9,37,33,23,62,3,7,2,0.271,0.338,0.441,0.779,0.335,117,1.6,271.1,3.59,0.84,1.25,sa3005720
Bobby Dalbec,BOS,124,487,434,103,20,3,29,63,74,44,161,8,3,1,0.238,0.318,0.498,0.816,0.345,115,1.6,224.8,4.02,0.25,0.82,19966
Gary Sánchez,NYY,103,406,354,74,13,1,23,52,58,44,116,6,0,0,0.208,0.306,0.44,0.746,0.321,101,1.6,256.1,2.33,-0.27,0.81,11442
Patrick Wisdom,CHC,129,512,457,100,18,1,27,63,71,44,181,5,5,2,0.219,0.294,0.44,0.734,0.314,97,1.5,330.6,2.9,-0.23,1.07,13602
Gavin Lux,LAD,118,455,407,105,19,4,13,60,54,44,100,3,6,2,0.257,0.332,0.418,0.75,0.325,104,1.5,243.1,1.6,0.45,0.45,19955
Adam Duvall,ATL,131,529,483,112,20,2,33,68,87,36,154,6,3,1,0.232,0.292,0.489,0.781,0.328,102,1.5,217.3,3.3,-0.36,1.23,10950
Trey Mancini,BAL,145,622,559,147,29,2,24,78,77,52,141,8,0,0,0.263,0.332,0.452,0.785,0.337,112,1.5,195.5,2.76,-0.56,0.63,15149
Austin Meadows,TBR,136,578,511,126,28,3,26,77,86,54,129,6,6,3,0.247,0.323,0.468,0.791,0.336,112,1.5,140.5,3.54,-0.76,0.67,15672
Rafael Ortega,CHC,124,482,432,109,21,3,12,60,47,44,98,3,15,5,0.252,0.324,0.4,0.725,0.316,98,1.5,327.5,2.26,1.6,1.03,10323
Spencer Torkelson,DET,100,410,359,89,18,1,18,53,55,43,93,5,3,1,0.248,0.335,0.458,0.792,0.34,116,1.5,264.2,7.37,0.06,0.35,sa3014504
Jonah Heim,TEX,85,320,295,70,14,0,10,31,37,21,58,2,2,1,0.237,0.29,0.389,0.68,0.293,85,1.5,453.9,1.38,-0.61,0.83,16930
Josh Rojas,ARI,130,541,478,119,27,3,11,70,50,55,125,3,11,4,0.249,0.326,0.387,0.713,0.311,91,1.5,239.7,3.58,0.33,0.81,19734
Lorenzo Cain,MIL,104,420,376,99,18,1,8,50,41,38,72,4,11,4,0.263,0.336,0.382,0.718,0.313,93,1.5,401.5,4.79,0.08,1.15,9077
Eugenio Suárez,CIN,131,541,473,107,20,1,31,70,80,56,155,7,1,1,0.227,0.317,0.466,0.784,0.334,103,1.4,194.9,4.77,-0.16,1.16,12552
Cavan Biggio,TOR,120,488,415,95,20,2,14,61,52,66,129,4,8,2,0.229,0.337,0.39,0.727,0.32,99,1.4,316.5,3.21,1.02,0.61,19252
Jose Miranda,MIN,95,393,365,99,21,1,13,48,49,20,54,5,2,1,0.271,0.317,0.438,0.755,0.322,104,1.4,422.4,5.64,1.56,0.81,sa917952
Evan Longoria,SFG,109,433,389,98,19,1,17,55,58,36,95,4,2,1,0.251,0.318,0.437,0.755,0.321,101,1.4,399.8,3.75,-0.83,0.3,9368
Yan Gomes,CHC,85,325,297,74,14,1,12,38,41,20,70,5,1,0,0.248,0.304,0.423,0.726,0.311,95,1.4,381.6,3.87,0.17,0.73,9627
Paul DeJong,STL,119,471,417,96,19,1,19,56,59,40,119,8,5,2,0.229,0.306,0.418,0.724,0.312,95,1.4,441.7,2.83,-0.35,0.5,18015
Yuli Gurriel,HOU,132,554,498,139,28,1,15,69,70,42,65,4,2,1,0.279,0.335,0.432,0.767,0.33,112,1.4,206.9,3.94,-0.26,0.78,19198
Jarred Kelenic,SEA,131,542,487,113,23,2,22,66,67,49,136,4,12,4,0.232,0.306,0.422,0.728,0.314,103,1.4,141.9,2.55,-0.48,0.85,22558
Riley Greene,DET,87,366,329,84,14,3,11,45,42,31,101,4,7,2,0.255,0.325,0.42,0.745,0.321,103,1.4,301.9,8.38,0.23,0.86,sa3010694
Lourdes Gurriel Jr.,TOR,135,548,506,136,27,2,22,68,77,32,111,4,3,2,0.27,0.315,0.464,0.78,0.331,107,1.4,142.2,3.19,0.23,0.5,19238
Gio Urshela,NYY,120,480,444,118,22,1,16,55,58,28,100,3,1,0,0.266,0.31,0.425,0.736,0.315,98,1.4,287.9,3.33,-0.2,0.55,10681
James McCann,NYM,109,410,373,88,15,1,13,42,46,29,113,5,2,1,0.238,0.298,0.386,0.684,0.297,85,1.4,339.9,3.48,-0.28,0.48,12859
Tony Kemp,OAK,126,434,370,93,17,3,7,51,36,48,60,7,8,3,0.251,0.344,0.369,0.712,0.315,103,1.4,427.1,3.67,0.6,0.97,14894
Jorge Soler,,131,571,496,119,24,0,31,75,82,64,150,8,1,1,0.239,0.333,0.479,0.812,0.346,114,1.4,193.9,3.83,-1.66,1.03,14221
Ha-Seong Kim,SDP,107,367,328,80,16,2,11,45,44,31,77,4,8,2,0.244,0.314,0.403,0.717,0.31,94,1.4,384.9,3.15,-1.15,0.8,27506
Anthony Santander,BAL,129,544,504,126,29,1,25,67,73,31,114,5,2,1,0.25,0.298,0.463,0.761,0.322,102,1.3,284,1.6,1.24,0.54,14551
Josh Harrison,,108,433,392,104,21,2,8,47,44,24,64,11,7,3,0.266,0.322,0.39,0.713,0.31,99,1.3,430,2.36,-0.04,0.97,8202
Seiya Suzuki,,74,287,249,64,14,1,12,36,36,32,57,4,4,2,0.258,0.349,0.461,0.809,0.348,119,1.3,999,12.68,-0.61,1,sa3018052
David Fletcher,LAA,146,618,572,155,29,3,4,68,47,37,60,2,12,3,0.271,0.317,0.351,0.667,0.293,84,1.3,347.1,2.5,-0.59,1.28,17992
Austin Nola,SDP,95,357,318,83,17,1,9,38,42,30,58,6,1,1,0.26,0.331,0.404,0.735,0.32,101,1.3,367.7,2.71,0.06,0.86,15941
Roberto Pérez,PIT,103,391,343,71,12,1,11,35,40,40,121,4,2,1,0.206,0.294,0.342,0.636,0.282,75,1.3,517.8,2.2,-0.58,0.64,2900
Elias Díaz,COL,104,382,349,90,18,1,14,46,47,28,65,2,0,0,0.259,0.318,0.433,0.751,0.323,88,1.3,239.8,2.55,0.23,0.66,11680
Adolis García,TEX,137,573,535,123,25,2,26,71,76,29,182,6,12,5,0.229,0.275,0.428,0.703,0.299,89,1.3,165.6,2,2.65,1.08,19287
Andrew Vaughn,CHW,131,536,473,119,25,1,20,63,64,50,110,7,2,1,0.252,0.33,0.437,0.767,0.331,108,1.3,245.2,3.61,0.05,0.26,26197
Jake Meyers,HOU,95,373,337,83,17,2,12,46,45,25,97,5,7,2,0.245,0.305,0.41,0.715,0.309,97,1.3,587.5,3.85,-0.87,0.75,20308
Tucker Barnhart,DET,110,391,351,79,16,1,9,36,40,34,93,4,0,0,0.225,0.3,0.348,0.648,0.281,76,1.3,409.7,2.57,0.05,0.49,10200
Bryan De La Cruz,MIA,110,433,398,106,19,2,10,47,45,30,101,3,4,2,0.268,0.322,0.405,0.726,0.315,100,1.2,481.8,3.18,-0.21,0.87,19600
Kevin Kiermaier,TBR,113,421,379,89,17,5,7,49,42,35,104,5,11,4,0.234,0.305,0.361,0.666,0.292,82,1.2,578.9,2.2,-0.25,1.03,11038
Jeremy Peña,HOU,85,339,313,76,13,2,12,38,37,18,90,5,7,2,0.244,0.294,0.414,0.708,0.304,94,1.2,470.4,5.96,-0.57,0.94,sa876320
Tom Murphy,SEA,76,278,247,54,10,1,11,29,32,26,87,2,1,0,0.216,0.296,0.398,0.694,0.301,94,1.2,503.6,2.02,-0.56,0.81,13499
Chas McCormick,HOU,91,337,299,73,12,1,12,43,43,30,88,3,6,2,0.244,0.315,0.415,0.73,0.315,101,1.2,458.3,4.89,-0.5,0.72,19599
Francisco Mejía,TBR,78,276,253,62,13,2,8,30,32,16,54,5,0,0,0.244,0.302,0.406,0.707,0.305,91,1.2,425.4,2.41,0.64,0.94,16403
Yadier Molina,STL,108,419,389,97,17,0,10,41,49,21,67,5,2,1,0.25,0.294,0.371,0.665,0.287,79,1.2,303.4,2.77,0.71,0.64,7007
Tommy La Stella,SFG,107,420,378,100,19,2,11,53,45,36,44,3,1,0,0.265,0.332,0.414,0.746,0.324,103,1.2,534.2,3.77,-1.23,0.7,12371
Martín Maldonado,HOU,112,416,365,72,13,1,12,42,41,42,119,6,0,0,0.196,0.289,0.337,0.626,0.277,76,1.2,548.2,1.47,-0.68,0.66,6887
Joey Wendle,MIA,121,470,431,110,23,3,9,57,46,26,97,9,9,4,0.255,0.309,0.385,0.694,0.301,91,1.2,362.9,4.66,-0.45,0.8,13853
Santiago Espinal,TOR,120,432,391,104,20,1,5,49,40,32,65,3,9,3,0.266,0.324,0.363,0.687,0.302,86,1.2,506.7,4.8,-0.21,1.15,19997
Aledmys Díaz,HOU,88,346,316,80,17,0,11,39,44,22,62,6,1,1,0.254,0.311,0.415,0.726,0.313,100,1.2,553.6,2.88,-0.18,0.74,15937
Ryan Jeffers,MIN,71,260,234,52,9,0,11,28,31,22,85,4,0,0,0.221,0.297,0.41,0.707,0.306,93,1.2,484.3,3.25,-0.37,0.85,24618
Carter Kieboom,WSN,123,497,433,104,19,1,13,57,52,53,117,9,2,1,0.241,0.333,0.38,0.713,0.314,94,1.2,494.3,3.78,-1.19,0.11,19958
Alex Kirilloff,MIN,119,498,459,125,25,2,19,58,66,31,105,4,4,2,0.271,0.321,0.46,0.781,0.332,111,1.2,179.4,4.72,-0.84,0.57,20325
Michael A. Taylor,KCR,129,472,432,103,21,2,13,51,49,31,132,4,12,4,0.238,0.294,0.385,0.679,0.291,82,1.2,464.7,3.39,0.1,0.9,11489
Bryson Stott,PHI,78,316,283,70,14,1,9,36,33,30,74,1,5,2,0.247,0.321,0.396,0.717,0.312,92,1.2,475.3,3.35,-2.56,0.98,sa3011443
Manny Piña,ATL,74,254,228,53,10,0,10,29,32,20,54,5,0,0,0.233,0.307,0.414,0.722,0.312,92,1.1,547.3,1.58,-1,0.91,2829
Kyle Farmer,CIN,122,438,404,103,21,1,12,49,51,21,87,10,3,2,0.255,0.306,0.405,0.711,0.307,86,1.1,503.9,2.94,-0.83,0.51,14813
Garrett Cooper,MIA,108,434,385,102,18,1,15,54,54,42,111,6,2,1,0.265,0.344,0.435,0.78,0.338,115,1.1,493.4,3.68,1.29,0.56,15279
David Peralta,ARI,128,516,469,126,25,5,12,58,62,40,95,4,2,1,0.269,0.33,0.418,0.749,0.323,99,1.1,481.6,1.72,0.35,0.66,2136
Kole Calhoun,TEX,108,445,392,90,17,1,19,54,55,43,103,5,3,1,0.231,0.313,0.426,0.738,0.317,101,1.1,484,3.69,2.35,0.4,11200
Jonathan Villar,,111,448,402,99,16,2,13,55,42,39,115,3,16,6,0.246,0.317,0.391,0.708,0.308,93,1.1,286.2,5.13,0.12,1.24,10071
Nick Ahmed,ARI,131,517,472,113,26,3,11,56,53,38,107,3,7,2,0.239,0.298,0.373,0.672,0.291,78,1.1,562.9,2.66,-0.53,0.52,12147
Andrelton Simmons,,109,417,385,96,17,1,4,41,35,27,55,3,3,1,0.25,0.303,0.332,0.636,0.28,75,1.1,592.6,2.76,-0.63,0.85,10847
Jesús Aguilar,MIA,127,509,449,114,21,0,21,58,75,49,100,4,0,0,0.255,0.329,0.442,0.771,0.33,110,1.1,302.3,3.97,1.75,0.59,11342
Jose Barrero,CIN,76,293,267,68,15,1,9,35,35,19,74,6,7,2,0.256,0.319,0.421,0.739,0.32,94,1.1,424.4,9.21,-0.04,1.14,23378
Taylor Walls,TBR,87,338,295,67,15,2,6,38,31,38,90,2,10,4,0.227,0.318,0.354,0.672,0.297,86,1.1,564.2,3.02,-0.38,1.16,22458
Manuel Margot,TBR,116,443,402,102,20,3,11,53,48,36,74,2,14,6,0.255,0.317,0.397,0.714,0.31,94,1.1,375.1,3.12,-0.46,1.07,14712
Wil Myers,SDP,138,527,469,114,24,2,20,63,67,53,150,3,8,4,0.243,0.322,0.43,0.752,0.324,104,1.1,288.6,3.25,0.34,0.39,10047
Adalberto Mondesi,KCR,120,494,459,113,22,5,16,66,55,24,144,3,43,8,0.245,0.285,0.423,0.708,0.302,89,1.1,60.8,5.05,0.12,2.88,13769
Wilmer Flores,SFG,111,412,373,100,19,1,16,51,53,32,56,4,1,1,0.267,0.329,0.449,0.778,0.333,110,1.1,413.5,2.29,-0.98,0.66,5827
LaMonte Wade Jr.,SFG,118,458,399,97,19,2,16,58,54,48,97,7,6,2,0.243,0.333,0.423,0.756,0.328,106,1,310.8,3.05,0.24,0.36,18126
Joc Pederson,,113,446,396,94,18,2,21,58,59,39,105,8,2,2,0.236,0.316,0.449,0.765,0.327,101,1,465,3.49,-2.41,0.36,11899
Connor Joe,COL,111,431,373,99,21,1,15,55,55,48,91,5,2,1,0.266,0.355,0.449,0.804,0.348,104,1,329.4,4.29,-0.47,0.56,16572
José Iglesias,,102,403,380,103,22,2,7,45,42,16,57,5,4,2,0.272,0.308,0.39,0.698,0.302,86,1,586,2.15,-0.16,1.05,10231
Travis d'Arnaud,ATL,110,437,396,99,19,0,15,48,57,34,103,3,0,0,0.251,0.314,0.417,0.731,0.315,94,1,213,2.68,-0.46,0.45,7739
Lane Thomas,WSN,119,454,403,97,21,3,14,60,53,46,120,4,10,4,0.241,0.324,0.413,0.737,0.32,98,1,248.5,2.18,0.24,0.65,16939
Nick Solak,TEX,109,450,405,104,18,1,12,52,47,33,92,8,7,3,0.257,0.323,0.393,0.716,0.313,99,1,441.7,3.07,-1.13,0.68,19294
Leury García,CHW,122,490,446,117,20,3,8,59,45,31,103,5,8,2,0.263,0.315,0.372,0.687,0.3,88,1,495.1,3.58,0.66,0.89,5913
Tyrone Taylor,MIL,107,380,346,85,16,2,15,47,52,26,83,7,7,2,0.247,0.311,0.44,0.75,0.322,99,1,469.8,3.87,-0.2,0.62,13675
Austin Slater,SFG,93,310,272,68,13,2,10,40,32,31,81,5,12,3,0.251,0.338,0.418,0.756,0.33,107,0.9,558.9,5.58,1.31,1.34,16153
Tyler Naquin,CIN,120,470,430,112,23,2,18,58,63,31,113,4,5,2,0.261,0.314,0.447,0.762,0.325,97,0.9,366.6,2.58,0.04,0.36,13359
Victor Robles,WSN,116,435,385,90,21,2,9,50,39,31,104,13,12,5,0.235,0.311,0.368,0.68,0.298,83,0.9,452.6,3.22,-0.2,1.09,18363
Chad Pinder,OAK,113,419,383,93,20,1,15,48,49,29,107,5,2,1,0.242,0.302,0.418,0.72,0.31,100,0.9,564.6,4.71,-0.64,0.36,15191
Pedro Severino,MIL,80,299,269,64,11,1,10,28,34,25,74,2,0,0,0.24,0.309,0.399,0.708,0.307,89,0.9,479.7,2.68,0.06,0.93,14523
Joey Bart,SFG,99,370,344,82,15,1,8,39,39,20,115,6,1,1,0.239,0.292,0.365,0.657,0.287,79,0.9,272.9,2.3,0.79,0.6,21524
Andrew McCutchen,,111,484,415,99,20,1,20,65,61,62,108,4,5,2,0.24,0.342,0.438,0.78,0.336,108,0.9,369.1,2.11,-1.74,0.3,9847
Alek Thomas,ARI,63,258,235,63,12,3,6,33,27,19,58,3,5,3,0.267,0.327,0.422,0.749,0.323,99,0.9,551.9,5.43,0.22,1.33,sa3006892
Andy Ibáñez,TEX,82,325,297,79,16,1,11,38,35,23,50,3,2,1,0.265,0.321,0.44,0.76,0.326,108,0.9,588.3,3.33,-2.85,1.01,18819
Alec Bohm,PHI,121,487,440,116,21,1,13,56,56,39,113,3,5,2,0.264,0.326,0.408,0.734,0.318,96,0.9,289.9,2.26,-1,0.55,21618
Ben Gamel,PIT,139,532,462,113,25,3,13,59,50,61,139,5,6,3,0.245,0.337,0.396,0.733,0.321,100,0.9,571.3,4.26,0.01,0.39,12160
Jason Castro,HOU,50,172,148,32,6,0,7,20,19,21,54,2,0,0,0.216,0.32,0.4,0.721,0.315,101,0.9,596,2.01,-0.66,1.2,8722
J.D. Davis,NYM,88,322,282,72,14,1,11,37,36,33,89,5,1,1,0.256,0.343,0.426,0.769,0.334,110,0.9,460,3.98,1.19,0.91,16219
Darin Ruf,SFG,96,328,284,71,13,1,14,41,43,39,86,3,2,1,0.251,0.348,0.458,0.805,0.347,119,0.9,409.2,6.53,1.51,0.71,9929
Jason Heyward,CHC,100,387,344,83,15,2,11,42,40,37,74,4,5,1,0.242,0.32,0.39,0.71,0.309,93,0.9,600.1,2.37,0.47,0.72,4940
Brad Miller,,88,315,276,65,12,2,15,41,42,36,90,2,2,1,0.235,0.326,0.448,0.774,0.332,105,0.9,549.5,3.03,-1.27,0.61,12775
Didi Gregorius,PHI,114,468,427,103,20,2,16,52,62,29,72,6,3,1,0.242,0.296,0.412,0.708,0.303,87,0.8,468.9,3.86,-0.12,0.33,6012
Cal Raleigh,SEA,70,262,242,54,13,0,9,25,30,16,71,2,1,1,0.224,0.277,0.393,0.67,0.288,85,0.8,530.3,2.86,-0.66,0.94,21534
Elvis Andrus,OAK,102,404,373,92,18,2,6,42,34,24,62,3,9,3,0.246,0.296,0.35,0.645,0.282,81,0.8,553.4,2.1,0.35,1.11,8709
Eddie Rosario,,115,494,458,120,22,2,22,62,74,29,75,1,8,3,0.262,0.305,0.463,0.768,0.324,100,0.8,180.5,3.47,-0.52,0.38,12155
Curt Casali,SFG,78,262,231,51,10,0,7,25,27,26,73,4,0,0,0.22,0.307,0.361,0.669,0.294,84,0.8,592.7,2.85,0.67,0.93,12510
Austin Barnes,LAD,62,220,193,43,8,0,6,26,24,21,53,4,2,1,0.225,0.311,0.359,0.67,0.296,85,0.8,591.5,1.73,0.24,1.08,12158
Jed Lowrie,,103,415,370,91,21,1,12,46,50,40,88,2,0,0,0.247,0.321,0.406,0.728,0.312,101,0.8,591.8,1.7,-1.01,0.42,4418
Odúbel Herrera,,90,370,338,89,19,2,10,44,41,24,65,4,4,2,0.262,0.317,0.418,0.735,0.316,95,0.8,585.4,5.8,0.19,0.86,11476
Frank Schwindel,CHC,131,552,515,136,27,1,21,68,73,30,98,4,2,1,0.265,0.31,0.443,0.753,0.322,102,0.8,233.2,4.71,0.32,0.41,15351
Gavin Sheets,CHW,110,419,378,96,17,1,18,51,59,35,95,3,1,1,0.254,0.321,0.447,0.768,0.33,107,0.8,483.8,4.84,-0.52,0.47,19901
Donovan Solano,,88,337,310,84,17,1,6,36,36,19,61,5,1,0,0.272,0.322,0.394,0.716,0.311,95,0.8,596.1,2.47,-2.49,1.16,8623
Kevin Plawecki,BOS,64,225,204,53,11,1,5,24,25,17,39,4,1,0,0.258,0.324,0.393,0.718,0.311,92,0.8,578.3,1.28,-1.83,1.3,13807
Jordan Luplow,ARI,85,331,286,68,15,1,14,42,42,39,83,4,3,2,0.236,0.334,0.443,0.777,0.336,107,0.8,598.3,3.28,-0.7,0.61,16424
Victor Caratini,SDP,70,239,212,51,9,0,5,24,26,22,53,3,1,1,0.24,0.319,0.362,0.68,0.299,87,0.8,562.4,1.97,-1.34,1.14,14968
Vidal Bruján,TBR,69,268,243,60,13,2,5,34,26,22,49,2,15,5,0.248,0.314,0.378,0.692,0.302,89,0.8,350.5,4.72,-0.11,1.69,20536
Niko Goodrum,,87,350,313,69,15,2,11,42,34,32,111,3,12,4,0.221,0.295,0.381,0.676,0.294,85,0.8,571.2,6.02,0.13,1.21,12092
Luis Torrens,SEA,80,306,277,66,13,1,11,32,37,24,75,2,0,0,0.239,0.303,0.414,0.716,0.306,97,0.8,392.9,4.69,0.01,0.81,15905
Miguel Sanó,MIN,138,561,494,111,24,1,33,76,82,62,200,4,1,1,0.224,0.314,0.476,0.79,0.336,113,0.8,271.9,2.29,0.08,1.36,12164
Carlos Santana,KCR,124,525,447,104,19,1,17,60,60,73,85,3,1,1,0.233,0.342,0.395,0.737,0.322,102,0.8,461.5,5.41,0.54,0.33,2396
Rowdy Tellez,MIL,114,433,389,99,20,1,20,53,61,34,91,6,1,0,0.254,0.32,0.466,0.787,0.334,107,0.8,318.5,4.95,-0.58,0.48,15679
Kyle Higashioka,NYY,64,232,214,46,9,0,11,25,32,15,63,1,0,0,0.216,0.271,0.42,0.69,0.295,84,0.8,564.9,1.06,0.09,0.91,5517
Steven Kwan,CLE,72,296,268,73,14,2,6,34,30,22,35,2,4,1,0.274,0.333,0.412,0.745,0.322,104,0.8,518.2,4.6,-1.6,1.31,sa3008536
Riley Adams,WSN,79,281,246,56,12,1,8,31,30,27,93,7,1,1,0.227,0.319,0.375,0.695,0.307,89,0.7,588.6,3.06,0.1,0.81,19864
Thairo Estrada,SFG,66,229,211,55,10,1,7,29,26,13,44,3,3,1,0.26,0.313,0.42,0.733,0.316,98,0.7,600.3,2.6,-0.66,1.26,16426
Jake Fraley,SEA,85,332,286,64,14,1,11,38,37,39,93,4,11,4,0.224,0.325,0.391,0.716,0.314,103,0.7,591.9,2.44,-0.77,1.13,19260
Adam Engel,CHW,87,328,299,71,15,2,11,41,36,20,84,7,11,3,0.238,0.301,0.412,0.712,0.308,93,0.7,596.2,2.91,-2.35,1.14,15082
Leody Taveras,TEX,65,258,233,53,10,2,6,30,24,22,70,1,11,3,0.228,0.297,0.369,0.666,0.29,83,0.7,546.2,4.29,0.49,1.43,18900
Christian Walker,ARI,124,507,454,114,25,2,17,63,63,44,121,5,2,1,0.25,0.32,0.426,0.746,0.322,98,0.7,462.1,2.31,-0.16,0.17,13419
Christian Arroyo,BOS,59,228,208,52,11,1,8,29,27,13,54,5,2,1,0.249,0.307,0.421,0.728,0.314,94,0.7,593.8,3.38,0.83,1.13,16434
Charlie Blackmon,COL,127,550,490,136,27,4,17,76,71,47,92,8,3,1,0.278,0.347,0.449,0.796,0.342,100,0.7,238.4,2.07,1.51,0.68,7859
Austin Allen,OAK,50,167,158,38,8,0,6,17,19,8,43,1,0,0,0.238,0.28,0.404,0.684,0.293,88,0.7,599.6,4.09,0.03,1.36,18083
Eric Haase,DET,88,335,303,67,12,1,16,39,44,24,109,2,1,1,0.22,0.278,0.426,0.704,0.299,88,0.7,303.7,4.4,0.21,0.59,14111
Kyle Isbel,KCR,95,363,331,83,17,3,9,43,37,27,85,4,10,3,0.25,0.313,0.396,0.709,0.308,93,0.7,506.9,3.37,-0.63,1.09,21614
Bradley Zimmer,CLE,95,360,313,70,13,1,9,43,35,31,125,11,14,3,0.224,0.313,0.364,0.677,0.297,87,0.7,470.6,3.71,-0.27,1.32,16221
Rougned Odor,BAL,92,365,329,70,15,1,18,43,48,27,102,6,2,1,0.213,0.283,0.427,0.71,0.302,88,0.7,456.2,3.73,-0.62,0.64,12282
Dylan Moore,SEA,87,319,282,59,12,1,10,38,33,29,89,6,16,5,0.209,0.296,0.37,0.666,0.293,89,0.7,462.1,3.29,-0.13,1.54,18042
Ji-Man Choi,TBR,106,421,356,83,18,1,14,49,52,56,111,4,1,1,0.233,0.34,0.407,0.748,0.327,105,0.7,555.1,3.12,2.32,0.25,5452
Nolan Gorman,STL,59,245,227,56,11,1,8,29,29,14,59,2,2,0,0.248,0.297,0.416,0.713,0.305,91,0.7,476.8,6.78,0.15,1.1,sa3007017
Matt Thaiss,LAA,52,193,172,39,8,1,6,23,22,19,46,2,1,0,0.228,0.31,0.387,0.697,0.304,91,0.7,579.4,4.7,0.15,1.16,19318
Victor Reyes,DET,79,298,280,74,13,3,6,36,28,15,66,2,8,2,0.265,0.305,0.397,0.702,0.303,90,0.7,592.4,4.68,1,1.36,15487
Luis García,WSN,108,421,397,105,20,2,12,50,47,21,73,2,3,2,0.265,0.304,0.414,0.718,0.309,90,0.6,510.8,1.5,0.17,0.71,20391
Brett Gardner,,88,334,287,66,12,3,8,39,32,39,73,3,4,1,0.228,0.324,0.378,0.702,0.308,93,0.6,598.6,1.82,-0.13,0.78,9927
Oscar Mercado,CLE,85,328,294,71,15,1,8,38,32,25,64,4,10,3,0.241,0.306,0.384,0.691,0.301,89,0.6,588,4.71,0.37,1.2,16375
Nick Gordon,MIN,77,286,264,66,14,2,6,33,29,17,66,3,11,3,0.251,0.302,0.38,0.681,0.296,86,0.6,559.1,4.77,-0.17,1.46,16337
Jarren Duran,BOS,95,392,358,91,19,4,10,50,39,27,106,4,13,4,0.254,0.311,0.407,0.718,0.31,91,0.6,433.3,5.57,-1.08,1.17,24617
Jo Adell,LAA,128,511,471,114,23,3,20,61,67,32,150,5,8,3,0.242,0.297,0.426,0.723,0.31,95,0.6,232.5,3.48,-1.14,0.44,20220
Steven Duggar,SFG,88,319,289,68,15,3,6,38,31,26,94,2,7,2,0.235,0.304,0.374,0.678,0.295,84,0.6,599.6,2.09,-0.59,1.03,17719
Hunter Dozier,KCR,123,496,444,105,23,4,17,57,56,45,135,5,5,2,0.237,0.311,0.423,0.734,0.316,98,0.6,395.3,3.81,-0.11,0.33,15117
Sergio Alcántara,CHC,75,269,237,54,9,1,5,28,22,28,68,2,4,1,0.228,0.313,0.336,0.649,0.289,80,0.6,600.4,3.35,0.57,1.12,16417
Mike Moustakas,CIN,119,461,410,99,21,1,22,55,64,40,93,5,1,1,0.241,0.313,0.453,0.767,0.325,97,0.6,362.5,4.15,-0.55,0.46,4892
Wilson Ramos,,47,174,161,42,7,0,6,18,22,11,33,1,0,0,0.26,0.309,0.417,0.726,0.311,96,0.6,599.8,2.35,3.45,1.43,1433
Andrew Knizner,STL,57,206,183,43,8,0,4,21,19,16,41,3,1,0,0.235,0.303,0.348,0.651,0.285,78,0.6,595.6,1.59,2.55,1.27,19514
Brennen Davis,CHC,43,161,142,34,7,0,6,21,19,14,47,3,3,1,0.237,0.318,0.426,0.744,0.322,102,0.6,999,7.92,0.18,1.39,sa3007876
Pavin Smith,ARI,122,499,445,117,24,3,11,58,53,42,89,3,2,1,0.264,0.327,0.409,0.735,0.317,95,0.6,408.1,3.22,0.51,0.56,19892
Nick Senzel,CIN,80,307,277,72,17,2,7,40,32,26,59,2,7,3,0.261,0.325,0.415,0.74,0.32,94,0.6,478.4,5.12,0,1.17,19293
Johan Camargo,PHI,62,200,182,45,9,1,7,23,23,16,44,1,0,0,0.25,0.313,0.418,0.731,0.315,94,0.6,600.9,4.15,1.04,1.25,14950
Kevin Smith,TOR,74,247,226,52,12,1,9,30,30,18,71,2,4,2,0.231,0.294,0.418,0.712,0.306,89,0.6,594.6,2.45,0.68,1.04,20242
David Bote,CHC,60,226,200,48,9,1,8,25,28,21,54,3,1,1,0.237,0.317,0.408,0.725,0.314,97,0.6,591.4,3.04,0.39,1.09,14593
Zack Collins,CHW,40,147,126,27,6,0,5,17,18,19,46,1,1,0,0.215,0.323,0.388,0.711,0.313,96,0.5,590.2,3.19,0.31,1.32,19181
DJ Stewart,BAL,81,316,268,59,12,1,14,38,37,40,85,4,1,0,0.219,0.33,0.425,0.754,0.328,106,0.5,600.5,4.07,-0.41,0.62,17766
Corey Dickerson,,92,356,330,88,18,3,10,43,40,22,66,2,5,2,0.266,0.315,0.426,0.741,0.317,97,0.5,594.5,3.06,-1.24,0.96,10762
Sam Hilliard,COL,105,386,350,80,15,3,18,48,49,33,129,2,9,2,0.229,0.298,0.445,0.743,0.317,84,0.5,436.8,1.83,1.32,0.76,17954
Kevin Newman,PIT,115,452,419,109,20,3,5,44,39,24,44,3,6,2,0.26,0.303,0.357,0.66,0.287,79,0.5,592.2,3.81,-0.99,1.03,17696
Lewin Díaz,MIA,80,311,287,68,13,1,15,37,41,20,72,3,1,0,0.235,0.29,0.447,0.737,0.313,99,0.5,571.2,4.38,1.02,0.7,18365
Alex Dickerson,,81,280,253,64,13,2,12,35,37,22,63,5,1,0,0.252,0.321,0.457,0.778,0.332,109,0.5,600.5,1.72,-0.13,0.88,12649
Matt Duffy,,56,217,195,52,9,1,3,25,19,18,40,3,4,1,0.267,0.338,0.362,0.699,0.31,94,0.5,586.7,1.93,-1.27,1.54,13836
Randal Grichuk,TOR,128,514,478,116,25,2,23,63,72,29,115,4,1,1,0.243,0.29,0.448,0.738,0.313,94,0.5,400.2,1.61,-0.33,0.54,10243
Jon Berti,MIA,52,195,169,41,7,1,3,24,16,20,45,3,7,2,0.24,0.33,0.34,0.67,0.3,90,0.5,564.8,5.88,0.58,1.57,12037
Austin Hedges,CLE,95,347,313,61,11,0,12,33,37,21,98,3,1,1,0.195,0.25,0.346,0.596,0.256,59,0.5,580.2,2.37,-0.88,0.73,12976
Bobby Bradley,CLE,106,431,383,82,17,1,21,51,60,39,147,6,0,0,0.213,0.294,0.43,0.723,0.31,95,0.5,438.3,2.59,2.01,0.77,17278
Isaac Paredes,DET,32,123,107,27,5,0,3,14,13,13,19,1,0,0,0.255,0.338,0.394,0.732,0.32,102,0.5,600.8,5.42,0.67,1.61,20036
Dom Nuñez,COL,67,247,215,44,9,1,10,28,29,28,77,2,1,0,0.205,0.3,0.401,0.702,0.303,75,0.5,579.1,1.41,-0.61,0.82,15055
Jose Trevino,TEX,80,294,275,65,13,0,6,27,30,12,55,1,1,1,0.235,0.268,0.354,0.622,0.267,68,0.5,585.3,1.68,1.6,0.95,16725
Hoy Park,PIT,45,175,150,36,7,1,3,20,16,21,40,2,3,1,0.237,0.336,0.367,0.702,0.311,94,0.5,599,3.64,0.85,1.46,18027
Jorge Mateo,BAL,105,360,333,79,17,4,7,38,32,17,98,4,14,4,0.238,0.282,0.377,0.659,0.284,77,0.5,455.2,2.69,0.33,1.41,17273
Josh VanMeter,ARI,85,312,275,64,15,2,9,37,35,33,78,3,4,2,0.233,0.32,0.403,0.723,0.315,94,0.5,592.6,3.08,-1.76,0.81,15170
Mike Brosseau,MIL,75,282,251,59,12,1,10,34,33,22,78,5,3,1,0.235,0.309,0.409,0.717,0.31,91,0.5,597.3,3.72,-0.39,0.86,19683
Josh Naylor,CLE,83,320,294,77,16,1,10,36,36,23,55,3,2,1,0.261,0.319,0.424,0.743,0.32,102,0.4,583.2,5.95,0.3,0.97,18839
Nick Pratto,KCR,56,227,201,47,10,1,9,28,29,22,70,2,4,1,0.233,0.314,0.437,0.751,0.322,102,0.4,530.7,4.12,2.65,1.11,sa3004138
Eric Hosmer,SDP,133,541,490,130,23,1,16,60,68,42,104,4,4,2,0.265,0.325,0.412,0.738,0.318,99,0.4,399.7,1.8,-0.33,0.44,3516
Tyler Wade,LAA,97,290,258,59,12,1,4,38,22,25,71,3,20,5,0.229,0.303,0.328,0.631,0.28,75,0.4,463.9,3.73,0.93,2.01,15730
Kevin Pillar,,86,317,299,74,15,2,11,38,39,12,63,5,5,2,0.247,0.287,0.42,0.707,0.302,89,0.4,596.3,7.83,0.31,0.85,12434
Triston Casas,BOS,55,223,197,49,11,1,8,29,28,22,49,2,2,1,0.25,0.33,0.432,0.762,0.329,104,0.4,497.2,2.92,1.36,1.16,sa3007634
Luis Rengifo,LAA,47,182,163,39,7,1,4,21,18,14,36,2,3,2,0.242,0.305,0.376,0.68,0.297,86,0.4,600.3,6.44,1.43,1.42,19858
Brent Rooker,MIN,77,309,273,61,13,1,13,37,38,28,101,7,1,1,0.223,0.311,0.425,0.736,0.318,101,0.4,599.4,5.13,0.43,0.63,19627
Michael Perez,PIT,54,191,173,36,8,1,5,18,20,16,53,1,0,0,0.206,0.278,0.351,0.63,0.276,71,0.4,999,1.65,-0.6,1.15,12977
MJ Melendez,KCR,25,100,89,22,4,1,4,13,14,10,25,1,1,1,0.242,0.319,0.446,0.765,0.328,106,0.4,375.4,4.65,3.86,1.59,sa3004139
Garrett Hampson,COL,117,440,400,100,19,5,11,56,39,31,109,3,17,5,0.25,0.307,0.402,0.709,0.306,77,0.4,277.5,5.1,0.62,1.35,19262
Orlando Arcia,ATL,72,263,240,61,11,1,8,29,29,19,45,1,3,1,0.252,0.308,0.401,0.709,0.305,87,0.4,600.2,7.97,-1.16,1.14,13185
Starlin Castro,,53,215,199,54,10,1,5,23,25,13,39,1,1,0,0.269,0.315,0.409,0.724,0.311,91,0.4,599.5,3.09,0.97,1.39,4579
Edward Olivares,KCR,42,159,145,38,7,1,5,19,17,10,30,2,4,1,0.26,0.314,0.429,0.743,0.319,100,0.4,578.8,6.32,1.48,1.58,19698
Nolan Jones,CLE,45,179,157,36,8,1,5,21,19,19,58,1,2,1,0.23,0.319,0.394,0.714,0.311,96,0.4,592.4,4.13,-0.33,1.33,sa917941
Dominic Smith,NYM,107,402,363,94,20,1,14,46,54,29,91,6,1,1,0.258,0.319,0.437,0.756,0.324,104,0.4,444.7,2.35,-0.56,0.58,15653
Yoshi Tsutsugo,PIT,119,464,404,92,20,1,17,55,57,54,118,3,0,0,0.227,0.321,0.409,0.731,0.318,99,0.4,378.9,3.32,0.01,0.37,27459
Travis Swaggerty,PIT,41,167,149,35,7,1,4,19,16,15,40,1,5,1,0.236,0.308,0.372,0.68,0.297,85,0.4,593,3.15,1.83,1.53,sa3007512
Matt Vierling,PHI,97,346,314,80,15,2,9,38,37,24,80,4,8,2,0.254,0.312,0.398,0.711,0.307,89,0.4,565.8,7.82,-1.07,1.08,21558
Jackie Bradley Jr.,BOS,78,299,267,58,14,1,7,33,29,25,80,5,5,2,0.217,0.294,0.358,0.653,0.286,75,0.4,581.7,2.68,1.93,0.93,12984
Juan Yepez,STL,55,221,199,50,11,0,9,26,29,18,48,2,1,1,0.251,0.319,0.447,0.766,0.328,106,0.4,494.2,5.03,-0.54,1.15,sa877505
Brett Phillips,TBR,67,211,183,36,6,2,8,28,24,23,76,1,9,2,0.197,0.29,0.383,0.674,0.292,82,0.4,596.2,3.4,0.85,1.31,14735
Willi Castro,DET,43,169,154,38,7,2,4,20,17,9,40,3,3,2,0.248,0.297,0.401,0.698,0.3,89,0.4,533.5,7.41,0.45,1.48,17338
Mauricio Dubón,SFG,37,136,125,32,6,0,3,15,14,8,25,1,2,1,0.258,0.304,0.393,0.697,0.301,88,0.3,589.2,4.2,2.75,1.63,16530
Robinson Chirinos,,33,114,98,21,4,0,4,13,13,11,34,3,0,0,0.213,0.308,0.381,0.689,0.303,89,0.3,598,1.72,-0.23,1.48,3142
Trevor Larnach,MIN,94,386,341,79,16,1,11,42,41,36,124,6,1,1,0.233,0.316,0.382,0.697,0.305,92,0.3,539.8,2.45,-0.2,0.48,21501
Cam Gallagher,KCR,32,111,100,24,5,0,2,11,10,8,20,1,0,0,0.242,0.302,0.346,0.648,0.285,78,0.3,600.5,2.05,0.81,1.65,12981
Taylor Ward,LAA,36,137,122,30,7,0,5,18,15,13,35,1,1,0,0.249,0.327,0.432,0.759,0.328,107,0.3,600,8,0.55,1.49,17548
Oswald Peraza,NYY,28,112,103,26,5,0,3,12,11,6,23,1,5,1,0.252,0.302,0.389,0.691,0.299,87,0.3,600.1,4.47,2.44,1.81,sa3003305
Yu Chang,CLE,61,222,204,47,11,1,7,26,27,15,62,2,1,1,0.231,0.29,0.401,0.692,0.298,88,0.3,596.7,2.03,-0.5,1.05,14773
Clint Frazier,CHC,98,384,335,78,17,1,13,44,42,42,108,5,4,1,0.234,0.326,0.414,0.74,0.322,102,0.3,441.3,3.21,0.9,0.55,15983
Gabriel Arias,CLE,27,89,83,21,4,0,2,10,9,5,23,1,1,0,0.255,0.304,0.393,0.698,0.302,90,0.3,600.1,4.79,2.92,1.74,sa3004047
Kelvin Gutierrez,BAL,90,349,321,77,12,2,6,33,32,23,92,3,3,1,0.24,0.297,0.351,0.648,0.285,77,0.3,598.8,2.45,-0.95,0.9,17468
Jacob Nottingham,BAL,49,174,156,31,6,0,6,18,21,12,59,4,1,1,0.201,0.275,0.363,0.638,0.278,72,0.3,600.5,4.47,0.5,1.18,16448
Zach McKinstry,LAD,48,179,163,39,8,1,6,22,22,13,45,2,2,1,0.237,0.299,0.406,0.705,0.304,90,0.3,591.7,4.56,1.86,1.29,19392
Jake Rogers,DET,18,70,61,13,2,0,3,8,8,6,23,1,0,0,0.21,0.291,0.38,0.671,0.293,84,0.3,600.8,2.79,1.54,1.71,19452
Reese McGuire,TOR,30,106,96,22,4,0,2,11,9,7,22,1,0,0,0.234,0.296,0.353,0.648,0.284,75,0.3,600.3,3.89,2.26,1.64,15674
Michael Hermosillo,CHC,41,151,131,30,6,1,5,18,17,12,43,4,3,1,0.226,0.308,0.403,0.71,0.308,93,0.3,599,4.25,0.97,1.41,16285
Jake Burger,CHW,27,102,93,23,4,0,4,12,12,7,30,1,0,0,0.243,0.303,0.417,0.719,0.31,94,0.3,584.7,5.04,1.9,1.6,22275
Yonny Hernandez,TEX,25,100,85,20,3,0,0,11,6,12,18,2,5,2,0.241,0.343,0.305,0.648,0.296,87,0.3,598.9,4.48,2.36,1.89,19432
Robinson Canó,NYM,80,324,298,78,16,1,10,37,40,20,51,3,1,0,0.262,0.313,0.425,0.738,0.315,97,0.3,483.5,2.36,-0.86,0.91,3269
Nick Fortes,MIA,26,96,88,21,4,0,2,10,10,7,18,1,1,0,0.24,0.303,0.364,0.667,0.292,85,0.3,596.7,3.39,1.47,1.7,21538
Josh Lowe,TBR,57,219,195,46,10,1,7,26,26,22,63,1,7,2,0.237,0.313,0.399,0.713,0.309,94,0.3,408.9,9.21,0.25,1.36,19953
Rylan Bannon,BAL,39,151,134,29,6,1,5,16,16,14,35,2,2,1,0.219,0.297,0.382,0.679,0.296,84,0.3,600.3,2.83,1.45,1.41,sa3004162
Greg Allen,PIT,56,199,175,43,9,1,3,24,17,14,46,6,12,2,0.247,0.319,0.368,0.687,0.301,87,0.3,600.8,5.61,1.09,1.81,16623
Cooper Hummel,ARI,34,134,115,28,6,1,4,16,15,16,31,2,1,0,0.243,0.343,0.403,0.746,0.327,102,0.3,999,2.53,2.64,1.52,sa918412
Romy Gonzalez,CHW,25,96,88,21,4,0,4,11,11,7,30,1,3,1,0.235,0.298,0.416,0.714,0.307,92,0.3,999,3.67,2.57,1.69,21562
Luis Guillorme,NYM,37,122,106,27,4,0,1,13,10,14,21,1,1,1,0.251,0.34,0.333,0.673,0.302,89,0.3,999,4.13,2.15,1.67,16451
Lars Nootbaar,STL,93,320,284,71,11,2,10,37,35,30,67,2,4,2,0.249,0.322,0.402,0.723,0.313,96,0.3,555.2,2.82,-0.18,0.95,21454
Harold Ramirez,CHC,58,229,214,59,12,1,6,25,27,11,40,3,2,1,0.277,0.319,0.428,0.748,0.321,102,0.3,532.7,4.78,0.39,1.45,14387
Mitch Moreland,,70,264,237,55,11,1,12,31,36,23,60,2,0,0,0.234,0.304,0.433,0.737,0.314,102,0.3,600.9,2.78,0.24,0.83,3086
Stephen Vogt,,41,144,128,28,6,1,5,15,16,14,35,1,0,0,0.218,0.293,0.383,0.676,0.29,77,0.3,999,1.15,0.62,1.37,5000
Daniel Vogelbach,,48,175,147,34,6,0,7,22,21,27,41,1,0,0,0.23,0.352,0.417,0.769,0.337,109,0.3,599.8,2.68,2.02,1.22,14130
Jose Siri,HOU,65,235,218,50,10,2,8,28,27,14,82,2,9,2,0.228,0.281,0.396,0.677,0.291,86,0.3,554.3,4.78,1.29,1.35,17452
Ben Rortvedt,MIN,21,72,65,14,3,0,2,8,7,5,19,1,0,0,0.221,0.285,0.357,0.642,0.281,76,0.3,999,1.81,1.07,1.71,20287
Tyler Freeman,CLE,18,56,52,15,4,0,1,7,5,2,7,1,1,0,0.286,0.328,0.403,0.731,0.316,100,0.3,999,3.6,0.22,1.93,sa3004755
Travis Shaw,,54,200,175,38,8,0,7,22,25,22,53,2,1,0,0.219,0.31,0.394,0.704,0.306,88,0.3,600.8,1.89,0.35,1.09,11982
William Contreras,ATL,17,66,60,15,3,0,3,7,8,5,17,0,0,0,0.246,0.31,0.42,0.73,0.315,93,0.3,590.4,5.58,2.09,1.77,20503
Alex Jackson,MIA,35,122,110,21,4,0,4,12,14,9,49,4,0,0,0.19,0.27,0.353,0.623,0.273,73,0.2,999,3.46,0.29,1.37,17276
Josh Jung,TEX,23,96,87,22,5,0,3,11,12,7,22,1,1,0,0.258,0.321,0.421,0.742,0.32,103,0.2,326,12.6,0.24,1.69,sa3011468
Aristides Aquino,CIN,83,295,262,59,11,1,16,38,40,27,94,3,4,1,0.225,0.304,0.462,0.767,0.326,98,0.2,594.3,6.96,0.95,0.77,15482
Shed Long Jr.,,33,131,119,27,5,1,4,14,13,11,37,1,2,1,0.227,0.294,0.371,0.666,0.291,87,0.2,999,1.85,0.45,1.53,16542
Cristian Pache,ATL,59,217,199,47,10,1,5,26,22,13,64,2,3,2,0.235,0.288,0.373,0.661,0.287,75,0.2,587.5,3.53,0.58,1.19,19948
Adam Eaton,,54,220,192,47,9,2,4,27,19,19,46,4,3,1,0.243,0.323,0.375,0.697,0.306,93,0.2,999,2.45,1.93,1.29,11205
Justin Upton,LAA,87,345,304,67,12,0,16,45,44,35,100,4,3,1,0.222,0.307,0.423,0.73,0.313,97,0.2,548,3.13,1.28,0.53,5222
Tomás Nido,NYM,52,175,165,36,7,0,4,16,18,8,45,2,1,0,0.219,0.261,0.344,0.605,0.262,63,0.2,600.8,1.91,0.18,1.29,13755
Willie Calhoun,TEX,111,432,393,100,19,2,15,48,49,31,60,4,1,1,0.254,0.312,0.425,0.737,0.317,101,0.2,433.8,5.68,0.53,0.52,17838
Vimael Machín,OAK,38,139,123,28,5,1,3,14,12,12,30,1,1,0,0.23,0.306,0.345,0.651,0.287,84,0.2,999,3.97,1.09,1.51,17684
Garrett Stubbs,PHI,29,92,78,17,4,0,1,10,7,9,19,1,1,0,0.217,0.301,0.309,0.61,0.273,67,0.2,999,2.47,1.01,1.69,18067
Luis Campusano,SDP,38,147,134,34,6,1,4,16,17,10,34,2,0,0,0.253,0.316,0.405,0.721,0.313,96,0.2,999,3.73,1,1.51,22217
Seth Beer,ARI,82,297,265,67,14,1,11,36,37,21,68,9,1,0,0.253,0.329,0.433,0.762,0.329,103,0.2,538.3,4.82,0.02,0.86,20493
Andrew Velazquez,LAA,33,117,105,24,5,1,2,13,11,9,37,1,6,1,0.223,0.288,0.355,0.643,0.282,76,0.2,999,3.12,2.74,1.73,14196
Seth Brown,OAK,120,436,400,90,19,2,20,54,58,31,130,3,5,2,0.226,0.284,0.433,0.717,0.306,97,0.2,485.5,5.46,0,0.58,18171
Geraldo Perdomo,ARI,25,96,85,20,4,1,1,11,8,9,21,1,2,1,0.236,0.32,0.341,0.661,0.294,80,0.2,592.1,2.9,0.41,1.72,22799
Ronald Guzmán,,48,176,158,36,7,1,7,20,20,15,49,2,1,1,0.229,0.305,0.406,0.711,0.308,95,0.2,999,1.94,2.37,1.26,14388
Owen Miller,CLE,43,168,155,39,8,1,4,17,17,10,40,1,1,0,0.25,0.301,0.376,0.677,0.294,85,0.2,600.5,2.94,0.63,1.48,24655
Danny Mendick,CHW,50,179,161,37,7,0,4,19,17,15,39,2,2,1,0.229,0.299,0.343,0.641,0.283,77,0.2,999,3.62,1.69,1.35,18889
José Peraza,NYY,39,137,127,32,5,0,3,15,14,7,21,2,2,1,0.25,0.298,0.38,0.678,0.293,83,0.2,600.8,5.11,0.79,1.58,13593
Kurt Suzuki,,35,130,116,27,6,0,4,13,15,8,21,4,0,0,0.236,0.3,0.379,0.679,0.294,84,0.2,600.6,1.91,2.02,1.51,8259
Nick Allen,OAK,47,190,173,41,8,1,3,19,15,11,40,2,4,1,0.235,0.285,0.339,0.623,0.272,74,0.2,999,2.05,0.68,1.49,sa3004723
Alan Trejo,COL,78,251,233,58,13,1,7,27,29,12,61,2,1,1,0.247,0.285,0.405,0.69,0.294,69,0.2,999,5,-1.15,1.1,20056
TJ Friedl,CIN,60,213,188,47,9,2,5,25,20,17,36,4,4,1,0.249,0.32,0.388,0.708,0.308,86,0.2,598.8,5.19,-0.56,1.39,19522
Elehuris Montero,COL,17,66,61,16,3,0,3,8,9,5,15,0,0,0,0.262,0.315,0.461,0.776,0.331,93,0.2,599.6,5.27,3.37,1.78,sa872477
Colton Welker,COL,81,286,261,69,15,1,7,35,36,21,62,2,1,1,0.267,0.327,0.416,0.742,0.32,86,0.2,592.7,5.16,0.46,1.07,19961
Derek Hill,DET,54,192,177,42,7,2,4,22,17,12,57,2,6,2,0.236,0.293,0.37,0.662,0.289,81,0.2,999,3.98,0.72,1.49,16947
Brock Holt,,58,218,193,45,9,1,2,21,18,21,43,2,3,1,0.234,0.314,0.323,0.637,0.285,79,0.2,999,1.13,0.29,1.35,9345
Phil Gosselin,,49,188,172,43,8,1,4,21,20,14,43,1,2,1,0.25,0.311,0.375,0.686,0.3,89,0.2,594.7,2.9,0.75,1.39,10953
Bryan Lavastida,CLE,10,37,34,9,2,0,1,4,4,3,8,0,1,0,0.254,0.322,0.396,0.718,0.311,97,0.2,999,4.37,4.09,1.92,sa3006917
Tim Locastro,,55,194,174,42,9,1,3,25,17,12,39,6,7,2,0.239,0.308,0.358,0.666,0.294,84,0.2,594.6,3.46,0.84,1.55,15124
Jordan Groshans,TOR,16,63,57,14,3,0,1,7,7,5,14,0,0,0,0.253,0.314,0.379,0.694,0.303,87,0.2,600.5,4.14,1.08,1.81,sa3006893
Daz Cameron,DET,49,188,170,39,8,1,5,23,19,15,53,3,6,2,0.231,0.304,0.386,0.689,0.301,89,0.2,598.4,5.1,0.49,1.44,18353
Estevan Florial,NYY,51,184,166,36,8,1,6,22,19,17,63,1,5,2,0.216,0.292,0.381,0.673,0.293,83,0.2,600.4,3.03,-0.2,1.34,19151
Jack Mayfield,LAA,40,153,140,32,7,0,5,17,18,9,35,2,2,1,0.226,0.277,0.383,0.66,0.284,78,0.2,999,4.69,2.34,1.39,15402
Chance Sisco,NYM,20,72,63,13,3,0,2,7,7,7,21,2,0,0,0.209,0.305,0.344,0.648,0.289,80,0.1,999,2.24,2.01,1.7,15694
Ryan McKenna,BAL,24,85,74,17,3,1,3,10,8,9,26,1,2,1,0.227,0.316,0.405,0.72,0.314,96,0.1,999,3.84,1.13,1.71,19928
Marwin Gonzalez,,62,237,214,49,10,0,6,25,25,17,56,4,2,1,0.23,0.296,0.362,0.658,0.287,83,0.1,999,3.09,-0.96,1.09,5497
Zack Short,DET,16,58,50,10,2,0,2,7,6,7,17,0,0,0,0.207,0.3,0.371,0.671,0.293,84,0.1,999,3.68,0.75,1.75,19562
Taylor Trammell,SEA,26,101,89,19,3,0,3,11,10,10,32,1,2,1,0.209,0.298,0.354,0.652,0.288,85,0.1,600.9,3.88,1.45,1.6,19960
Hanser Alberto,,34,103,98,26,5,0,2,11,10,2,11,1,1,0,0.266,0.288,0.376,0.664,0.286,78,0.1,600.7,2.59,1.57,1.77,11902
Curtis Terry,MIN,14,54,50,11,3,0,2,6,7,3,15,1,0,0,0.227,0.286,0.41,0.696,0.3,89,0.1,999,3.84,3.21,1.79,18881
Keston Hiura,MIL,86,331,294,68,14,1,15,41,41,27,112,7,5,2,0.231,0.309,0.435,0.744,0.32,98,0.1,444,3.18,0.25,0.7,20003
Renato Núñez,,23,93,84,20,4,0,4,11,13,7,25,2,0,0,0.239,0.306,0.439,0.745,0.32,102,0.1,599.6,5.52,3.65,1.61,14503
CJ Abrams,SDP,21,86,79,19,5,0,1,10,8,5,17,1,4,1,0.238,0.292,0.355,0.647,0.282,75,0.1,573.3,3.32,0.03,1.81,sa3010152
Skye Bolt,OAK,17,55,49,11,3,0,1,6,5,5,15,0,1,0,0.22,0.29,0.356,0.645,0.283,81,0.1,999,3.61,0.69,1.83,17723
Charlie Culberson,,60,193,179,42,9,1,4,21,19,11,51,2,4,1,0.238,0.286,0.37,0.656,0.285,79,0.1,597.2,1.91,-0.49,1.39,3298
Austin Romine,,36,122,115,26,5,0,3,12,13,6,36,1,0,0,0.23,0.268,0.352,0.619,0.269,67,0.1,999,1.59,0.86,1.53,5491
Emmanuel Rivera,KCR,20,77,72,18,4,0,3,9,9,4,16,1,1,0,0.256,0.303,0.423,0.727,0.312,95,0.1,999,3.56,1.87,1.77,19890
Jonathan Araúz,BOS,15,56,50,12,3,0,1,7,6,5,11,0,0,0,0.239,0.307,0.368,0.674,0.295,81,0.1,999,5.52,2.26,1.81,20275
Richie Palacios,CLE,10,37,33,9,2,0,1,4,4,3,7,0,1,0,0.261,0.335,0.387,0.722,0.316,100,0.1,600.5,4.43,4.1,1.94,sa3006908
Otto Lopez,TOR,23,62,57,15,3,0,1,7,6,4,18,1,1,1,0.264,0.314,0.372,0.686,0.299,84,0.1,999,4.88,3.62,1.88,19608
Alcides Escobar,WSN,105,435,402,102,20,1,6,49,42,22,79,6,5,2,0.254,0.301,0.359,0.66,0.288,77,0.1,581.6,4.29,0.74,0.76,6310
Oswaldo Cabrera,NYY,12,46,43,10,2,0,2,5,5,3,11,0,1,1,0.237,0.285,0.404,0.69,0.296,85,0.1,999,5.24,3.56,1.86,sa916954
Miguel Andújar,NYY,38,151,141,37,7,0,6,19,19,8,26,1,1,0,0.261,0.303,0.435,0.738,0.315,98,0.1,593,3.72,-0.3,1.47,15878
Luke Raley,LAD,22,76,69,16,3,0,3,10,10,4,23,2,1,0,0.233,0.301,0.407,0.707,0.306,92,0.1,999,4.71,1.73,1.68,19354
Taylor Jones,HOU,22,85,76,18,4,0,2,10,10,7,22,1,0,0,0.238,0.311,0.39,0.701,0.305,95,0.1,999,3.62,2.54,1.67,19533
Kyle Garlick,MIN,23,70,65,15,4,0,4,9,9,4,22,1,0,0,0.228,0.282,0.457,0.739,0.313,98,0.1,999,4.8,0.1,1.69,18063
Dustin Garneau,DET,11,42,37,8,2,0,2,4,5,3,11,1,0,0,0.206,0.281,0.384,0.665,0.286,79,0.1,999,2.39,1.45,1.83,9433
Ernie Clement,CLE,27,99,92,23,5,0,1,10,8,5,14,1,1,0,0.247,0.292,0.348,0.64,0.28,75,0.1,999,3.44,-0.16,1.75,20352
Matt Beaty,LAD,89,287,258,66,13,1,8,36,37,21,53,7,3,1,0.255,0.327,0.407,0.734,0.32,101,0.1,585.1,1.82,-0.84,0.93,17710
Rafael Marchan,PHI,24,87,80,19,3,0,1,9,7,6,16,1,0,0,0.233,0.29,0.313,0.603,0.268,64,0.1,999,2.34,1.62,1.71,21646
Yairo Muñoz,PHI,23,87,81,22,4,0,2,10,9,4,16,1,2,1,0.267,0.308,0.399,0.707,0.306,88,0.1,999,4.42,1.84,1.81,16313
Jose Herrera,ARI,12,44,40,9,2,0,1,5,4,4,10,0,0,0,0.222,0.297,0.33,0.627,0.277,69,0.1,999,2.61,1.49,1.85,sa830295
Jahmai Jones,BAL,35,130,118,27,5,1,3,13,12,11,34,1,2,1,0.227,0.297,0.353,0.65,0.286,78,0.1,600.7,4.12,1.05,1.57,18872
Rob Refsnyder,BOS,40,148,132,33,7,1,3,17,15,13,40,1,1,0,0.249,0.317,0.386,0.703,0.304,87,0.1,999,3.16,0.35,1.51,13770
Cole Tucker,PIT,77,296,265,61,13,2,5,31,25,26,70,2,6,2,0.229,0.301,0.351,0.652,0.287,78,0.1,573.2,3.88,0.1,1.14,17326
Jake Marisnick,,65,202,184,41,8,1,6,24,22,12,64,4,4,1,0.221,0.283,0.38,0.663,0.287,79,0.1,999,1.84,-0.16,1.24,11339
Joe Panik,,55,196,177,43,8,1,3,19,17,16,27,2,2,1,0.242,0.308,0.342,0.65,0.286,81,0.1,999,1.59,-0.27,1.41,11936
Donovan Walton,SEA,9,32,29,7,1,0,1,4,3,3,6,0,0,0,0.24,0.308,0.373,0.681,0.298,92,0.1,999,4.65,2.18,1.92,19314
Jace Peterson,MIL,59,220,191,45,9,1,5,26,23,25,52,2,6,1,0.235,0.325,0.372,0.698,0.304,87,0.1,560,3.45,0.05,1.33,12325
Jake McCarthy,ARI,78,293,264,61,12,3,7,35,29,23,83,3,13,3,0.23,0.298,0.382,0.68,0.296,81,0.1,600.1,3.77,0.22,1.45,21622
Pablo Reyes,MIL,18,57,52,12,3,0,1,7,6,4,12,0,1,0,0.236,0.296,0.365,0.661,0.289,77,0.1,999,2.67,1.32,1.83,16357
Alfonso Rivas,CHC,35,136,120,30,6,0,2,15,13,13,34,2,1,0,0.251,0.332,0.361,0.693,0.307,92,0.1,999,2.65,1.31,1.58,21560
Korey Lee,HOU,6,22,20,5,1,0,1,2,2,1,5,0,0,0,0.236,0.286,0.385,0.671,0.287,83,0.1,999,3.82,3.79,1.95,sa3010034
Drew Ellis,ARI,27,102,90,19,5,0,3,12,11,9,30,2,0,0,0.213,0.298,0.369,0.667,0.293,80,0.1,999,2.71,1.46,1.52,19873
Yermín Mercedes,CHW,14,47,43,11,2,0,2,5,6,3,8,0,0,0,0.253,0.303,0.408,0.71,0.306,91,0.1,593.9,3.83,3.05,1.86,17423
Brett Cumberland,BAL,9,34,29,6,1,0,1,4,3,3,11,1,0,0,0.19,0.292,0.329,0.621,0.278,72,0.1,999,2.14,1.57,1.86,sa915611
Anthony Bemboom,,16,60,53,11,2,0,2,6,5,5,17,1,0,0,0.2,0.275,0.324,0.599,0.265,63,0.1,999,1.52,1.95,1.76,13854
Tres Barrera,WSN,21,77,69,15,3,0,2,7,7,7,18,1,0,0,0.216,0.291,0.329,0.62,0.275,68,0.1,999,2.67,1.27,1.71,19977
Yonathan Daza,COL,77,284,263,73,14,2,3,30,26,16,49,2,3,2,0.278,0.322,0.376,0.698,0.304,76,0.1,599.8,4.21,-0.25,1.48,15794
Zach Reks,TEX,35,126,113,26,5,0,4,14,13,11,44,2,1,0,0.227,0.308,0.378,0.686,0.301,91,0.1,999,3.42,2.08,1.49,19667
Michael Stefanic,LAA,7,26,24,6,1,0,1,3,3,2,4,0,0,0,0.262,0.322,0.372,0.694,0.303,91,0.1,999,4.11,4.59,1.97,sa3008479
Gilberto Celestino,MIN,14,51,46,11,3,0,1,6,5,4,11,1,0,0,0.247,0.312,0.381,0.693,0.302,90,0.1,999,3.14,2.21,1.86,20233
Ryan McBroom,,18,39,36,8,2,0,1,4,5,3,13,0,0,0,0.228,0.285,0.388,0.674,0.291,82,0.1,999,5.84,3.13,1.86,16524
Patrick Mazeika,NYM,16,53,49,11,2,0,2,5,6,4,10,1,0,0,0.218,0.277,0.355,0.632,0.275,71,0.1,999,3.11,1.48,1.8,18142
Edwin Ríos,LAD,41,146,132,29,6,0,7,18,20,11,48,2,0,0,0.222,0.293,0.433,0.726,0.311,95,0.1,567,6.73,0.51,1.29,18316
Taylor Motter,,13,35,31,7,1,0,1,4,4,4,9,0,0,0,0.214,0.3,0.406,0.706,0.305,88,0.1,999,2.2,2.15,1.86,12399
Danny Santana,,43,166,153,36,7,1,6,21,19,11,48,1,5,2,0.233,0.288,0.41,0.699,0.298,83,0.1,999,3.95,1.59,1.44,10322
Tucupita Marcano,PIT,18,60,54,13,2,0,0,6,5,5,9,0,1,1,0.247,0.314,0.329,0.643,0.286,77,0.1,600.6,3.26,2.9,1.87,22871
Kevin Padlo,SEA,11,32,29,6,1,0,1,3,4,3,12,0,0,0,0.203,0.277,0.366,0.642,0.28,80,0.1,600.3,2.89,2.1,1.87,16593
Payton Henry,MIA,5,20,18,4,1,0,1,2,2,1,6,0,0,0,0.218,0.29,0.363,0.653,0.286,81,0.1,999,2.43,1.52,1.95,22164
Eguy Rosario,SDP,8,26,24,6,1,0,0,3,3,2,6,0,1,0,0.244,0.302,0.372,0.674,0.292,82,0.1,999,5.56,3.24,1.96,sa917140
Mickey Moniak,PHI,73,231,212,48,10,3,7,23,26,15,69,1,2,1,0.226,0.281,0.391,0.672,0.288,77,0.1,600.4,4.95,-0.97,1.11,19956
Esteban Quiroz,TBR,6,23,20,4,1,0,1,3,2,2,6,0,0,0,0.224,0.317,0.39,0.708,0.31,94,0.1,999,2.33,1.39,1.93,sa596560
Brian Goodwin,,47,177,157,36,8,1,5,20,19,17,48,1,2,1,0.229,0.308,0.39,0.698,0.303,90,0.1,600.6,3,0.4,1.3,12858
Connor Wong,BOS,8,27,26,6,1,0,1,3,3,1,9,0,0,0,0.23,0.268,0.392,0.66,0.283,73,0.1,999,3.3,3.42,1.92,19896
Jason Vosler,SFG,11,36,32,7,2,0,1,4,4,3,8,0,0,0,0.226,0.294,0.378,0.673,0.292,82,0.1,999,3.18,3.02,1.88,16686
Christin Stewart,BOS,24,95,85,20,4,1,4,11,12,8,26,1,0,0,0.233,0.308,0.433,0.741,0.317,96,0.1,999,4.24,3.35,1.6,17714
Ali Sánchez,STL,9,30,28,7,1,0,0,3,3,2,6,0,0,0,0.241,0.287,0.323,0.61,0.268,67,0.1,999,1.83,1.73,1.94,18551
Mark Kolozsvary,CIN,9,33,30,6,1,0,1,4,3,3,12,1,0,0,0.203,0.287,0.342,0.629,0.279,67,0.1,999,1.68,0.54,1.87,sa3004996
Tyler Nevin,BAL,19,70,63,15,3,0,2,7,7,6,16,1,0,0,0.234,0.304,0.382,0.686,0.3,87,0.1,999,4.46,2.29,1.76,17893
Sam Huff,TEX,7,27,25,5,1,0,1,3,3,2,10,0,0,0,0.215,0.262,0.399,0.661,0.282,78,0.1,587.5,3.46,2.88,1.9,22209
Nick Maton,PHI,18,65,58,13,3,0,1,7,6,6,18,1,1,0,0.219,0.299,0.343,0.643,0.284,74,0.1,999,2.77,0.85,1.78,21635
Nomar Mazara,,75,292,266,64,13,1,9,31,34,22,72,3,1,1,0.241,0.304,0.398,0.701,0.302,89,0.1,600.1,2.27,-1.23,0.88,14553
Tony Wolters,LAD,12,41,36,8,1,0,0,4,3,4,11,1,0,0,0.211,0.293,0.292,0.585,0.261,62,0.1,999,2.11,2.81,1.87,11470
Alejo Lopez,CIN,9,28,26,7,1,0,0,4,3,2,4,0,0,0,0.272,0.329,0.36,0.689,0.303,83,0,999,4.05,2.84,1.96,21127
Jurickson Profar,SDP,121,449,394,93,19,2,10,52,45,44,68,7,9,3,0.235,0.321,0.37,0.691,0.304,90,0,501.5,1.45,-0.45,0.78,10815
Brendon Davis,LAA,5,22,20,5,1,0,1,3,3,2,6,0,0,0,0.235,0.297,0.392,0.689,0.298,87,0,999,5.5,2.2,1.94,sa875089
José Devers,MIA,23,61,55,14,3,0,1,7,5,4,12,1,1,0,0.251,0.305,0.344,0.65,0.284,80,0,999,3.33,0.61,1.85,20540
Daniel Johnson,CLE,17,60,55,13,2,0,2,7,6,4,19,1,1,0,0.228,0.292,0.396,0.688,0.298,87,0,999,2.68,0.1,1.8,19643
Luke Maile,MIL,19,64,57,12,2,0,1,6,5,6,21,1,0,0,0.204,0.282,0.292,0.574,0.258,58,0,999,1.38,-0.3,1.76,13355
Max Moroff,,9,31,27,6,1,0,1,4,4,3,12,0,0,0,0.213,0.305,0.379,0.684,0.301,88,0,999,10.9,0.09,1.88,14556
Franchy Cordero,BOS,24,86,77,19,5,0,2,11,9,7,27,1,1,0,0.243,0.309,0.394,0.703,0.305,88,0,999,4.18,1.91,1.71,14567
Ronald Torreyes,PHI,51,183,171,42,7,1,3,17,17,9,23,2,1,1,0.244,0.287,0.343,0.631,0.276,69,0,600.7,1.69,1.36,1.43,11400
Colin Moran,,104,405,364,91,16,1,13,44,52,35,98,3,1,0,0.25,0.319,0.408,0.727,0.315,97,0,579.4,6.68,-0.44,0.53,16909
Sheldon Neuse,LAD,11,31,29,7,1,0,1,4,3,2,10,0,0,0,0.233,0.282,0.378,0.659,0.285,78,0,999,5.31,3.27,1.91,19635
Khalil Lee,NYM,21,70,60,13,3,0,2,9,6,8,26,2,2,1,0.214,0.32,0.346,0.666,0.298,87,0,596.7,3.68,0.79,1.76,19952
Mario Feliciano,MIL,5,20,19,5,0,0,0,2,2,1,6,0,0,0,0.247,0.299,0.334,0.633,0.279,71,0,999,3.22,2.65,1.97,20263
Juan Lagares,,53,181,168,41,9,1,4,20,18,9,43,1,1,1,0.246,0.289,0.375,0.665,0.287,80,0,999,2.34,-0.13,1.4,5384
Greg Deichmann,CHC,10,30,26,6,1,0,1,3,3,3,9,0,0,0,0.214,0.298,0.338,0.636,0.282,76,0,999,3.46,1.71,1.91,19872
Andy Burns,LAD,22,32,29,6,1,0,1,4,3,3,8,0,0,0,0.212,0.293,0.357,0.65,0.286,78,0,999,3.05,2.19,1.89,12779
Eli White,TEX,33,127,114,25,5,1,3,14,11,10,37,2,2,1,0.218,0.291,0.35,0.641,0.282,78,0,999,4.09,1.68,1.55,19346
Nelson Velazquez,CHC,10,39,36,9,2,0,2,4,5,2,12,0,1,0,0.238,0.286,0.416,0.702,0.299,87,0,600.7,4.99,3.19,1.89,sa3005129
José Godoy,SEA,9,25,24,5,1,0,0,2,2,1,6,0,0,0,0.219,0.268,0.317,0.585,0.257,65,0,999,2.72,3.94,1.93,15808
Jake Lamb,,54,198,172,37,8,1,7,23,23,22,55,3,0,0,0.215,0.311,0.386,0.697,0.299,85,0,999,2.02,-0.19,1.07,13329
Ryan O'Hearn,KCR,28,105,94,22,5,0,4,11,13,9,27,0,0,0,0.229,0.297,0.422,0.719,0.308,93,0,599.8,5.08,0.82,1.57,16442
Stuart Fairchild,ARI,7,21,19,4,1,0,1,2,2,2,5,0,0,0,0.241,0.313,0.385,0.697,0.305,87,0,999,2.96,2.01,1.96,20321
Micker Adolfo,CHW,12,49,44,10,2,0,2,6,6,3,17,1,0,0,0.224,0.288,0.415,0.703,0.302,89,0,999,3.27,2.19,1.8,sa830303
Daniel Robertson,,21,66,58,13,3,0,1,7,6,7,17,1,0,0,0.226,0.314,0.314,0.628,0.281,72,0,999,3.91,-0.2,1.76,14145
Jeter Downs,BOS,7,26,24,6,2,0,1,3,2,2,7,0,0,0,0.231,0.292,0.367,0.659,0.286,75,0,598.2,4.58,1.85,1.93,sa3004615
Omar Estévez,LAD,7,29,27,6,1,0,1,3,3,2,8,0,0,0,0.227,0.286,0.364,0.649,0.282,76,0,999,2.79,0.38,1.91,sa914242
Heliot Ramos,SFG,37,151,139,33,7,1,4,17,15,10,44,2,3,1,0.239,0.296,0.379,0.675,0.293,83,0,999,4.13,0.19,1.54,sa3004693
Sebastian Rivero,KCR,8,28,26,6,2,0,0,3,3,2,8,0,0,0,0.217,0.27,0.32,0.59,0.259,60,0,999,2.57,0.37,1.92,21735
Jonathan Davis,MIL,10,30,26,5,1,0,1,3,2,2,8,1,1,0,0.212,0.299,0.345,0.644,0.285,75,0,999,3.18,1.18,1.93,15104
Clay Dungan,KCR,5,21,19,5,1,0,0,2,2,1,3,0,1,0,0.252,0.298,0.327,0.625,0.275,71,0,999,5.17,3.72,1.98,sa1169803
Lucius Fox,WSN,13,51,45,10,2,0,1,6,4,5,13,1,2,1,0.222,0.307,0.319,0.626,0.28,72,0,999,2.95,1.94,1.89,sa914200
Delino DeShields,,20,60,51,12,2,0,1,7,4,7,16,0,2,1,0.226,0.32,0.324,0.644,0.288,73,0,999,3.75,3.45,1.88,11379
Jonathan Aranda,TBR,9,34,30,8,1,0,1,4,4,3,7,0,0,0,0.249,0.316,0.383,0.698,0.305,91,0,999,2.52,3.26,1.92,sa919293
Roman Quinn,,38,125,113,25,5,1,2,15,9,9,38,2,8,2,0.222,0.294,0.34,0.634,0.28,72,0,999,1.86,0.01,1.81,13546
Ender Inciarte,NYY,11,34,30,7,1,0,1,4,3,3,7,0,1,0,0.223,0.291,0.334,0.625,0.275,71,0,600,2.73,0.63,1.91,4922
Rio Ruiz,,17,49,44,10,2,0,1,5,5,3,11,0,0,0,0.233,0.289,0.382,0.671,0.29,66,0,999,3.59,1.7,1.84,14103
Lewis Brinson,MIA,57,215,199,45,9,1,6,23,23,12,57,3,2,1,0.228,0.279,0.38,0.658,0.285,80,0,600,2.88,0.15,1.18,14352
Jose Rojas,LAA,22,89,81,19,4,0,3,10,10,7,22,0,1,0,0.233,0.292,0.398,0.69,0.298,87,0,600.4,5.95,1.44,1.67,19331
Drew Waters,ATL,41,163,148,35,8,1,3,19,15,12,53,2,6,2,0.237,0.301,0.37,0.671,0.293,79,0,600.4,4.78,0.44,1.6,sa3004378
Ehire Adrianza,,59,180,160,39,8,1,3,21,17,16,36,2,1,0,0.244,0.317,0.365,0.683,0.3,84,0,999,1.7,0.13,1.37,8418
Ildemaro Vargas,,12,33,31,8,2,0,1,3,3,1,5,0,0,0,0.24,0.273,0.349,0.622,0.268,63,0,999,3.6,2.2,1.92,13324
Aramis Garcia,CIN,15,51,47,10,2,0,1,5,5,3,15,1,0,0,0.215,0.271,0.328,0.599,0.264,58,0,999,3.8,1.61,1.8,16925
Raimel Tapia,COL,126,519,477,134,27,4,6,66,46,35,83,2,18,5,0.28,0.329,0.391,0.721,0.313,81,0,262.9,3.63,0.29,1.58,14350
Sandy León,CLE,55,190,173,34,6,0,4,16,17,13,52,2,0,0,0.196,0.259,0.305,0.564,0.249,54,0,999,2.2,-0.19,1.16,5273
Evan White,SEA,52,205,188,41,7,0,7,22,24,14,62,2,1,1,0.22,0.28,0.381,0.661,0.286,84,0,600.2,3.02,-0.39,1.1,20078
Travis Demeritte,ATL,12,48,43,10,2,0,2,6,6,4,16,0,1,0,0.222,0.3,0.405,0.705,0.305,87,0,999,4.74,2.22,1.82,15958
José Rondón,,18,53,48,11,2,0,2,6,6,4,12,0,1,0,0.23,0.283,0.393,0.676,0.291,81,0,999,2.91,-0.07,1.83,14140
Eric Sogard,,42,139,127,30,6,1,2,14,12,10,23,1,2,1,0.24,0.297,0.333,0.631,0.276,72,0,999,1.65,-0.09,1.61,7927
Chad Wallach,LAA,11,39,35,7,1,0,1,4,4,3,13,0,0,0,0.191,0.268,0.318,0.586,0.259,61,0,999,2.12,2.05,1.84,17161
Jose Lobaton,,8,28,26,5,1,0,1,3,3,3,9,0,0,0,0.199,0.275,0.328,0.603,0.259,61,0,999,1.34,1.27,1.9,4243
John Nogowski,ATL,41,149,132,32,6,0,3,16,15,14,24,2,1,0,0.243,0.324,0.356,0.68,0.301,88,0,600.8,2.76,0.2,1.5,16852
Jaylin Davis,SFG,17,59,53,12,2,0,2,7,6,5,17,1,1,0,0.223,0.292,0.383,0.675,0.294,84,0,999,3.85,2.44,1.78,19552
Nick Martini,,8,21,18,4,1,0,0,2,2,2,5,0,0,0,0.241,0.325,0.347,0.672,0.297,86,0,999,3.2,2.68,1.96,12005
Will Benson,CLE,6,23,20,4,1,0,1,3,3,3,8,0,1,0,0.2,0.292,0.364,0.656,0.287,80,0,999,3.82,2.63,1.93,sa917927
DJ Peters,,15,54,49,10,2,0,3,8,9,3,19,1,0,0,0.21,0.268,0.426,0.694,0.294,86,0,600.5,3.08,2.28,1.71,19348
Buddy Reed,OAK,5,20,18,4,1,0,0,2,2,2,7,0,1,0,0.198,0.261,0.312,0.574,0.252,61,0,999,2.76,0.81,1.96,sa738683
Aaron Altherr,,26,105,93,20,4,0,3,12,11,10,29,2,2,1,0.22,0.304,0.38,0.684,0.298,87,0,999,1.16,1.08,1.59,11270
Rodolfo Castro,PIT,18,66,61,14,3,0,2,7,8,4,17,1,1,0,0.229,0.28,0.39,0.67,0.288,79,0,999,3.55,2.61,1.75,21987
Dillon Thomas,LAA,17,51,47,9,2,0,1,5,4,4,22,1,1,0,0.198,0.271,0.327,0.598,0.265,70,0,999,4.1,3.5,1.8,12719
JJ Bleday,MIA,6,24,21,5,1,0,1,3,2,2,6,0,0,0,0.215,0.294,0.355,0.649,0.285,80,0,599.5,3.34,2.75,1.93,sa3011642
Willians Astudillo,,12,37,35,9,2,0,1,4,4,1,2,1,0,0,0.252,0.281,0.388,0.669,0.287,80,0,600.9,3.65,0.92,1.91,15608
Webster Rivas,SDP,10,32,29,6,1,0,0,3,3,2,8,0,0,0,0.213,0.272,0.289,0.561,0.249,54,0,999,1.84,1.24,1.9,14636
Andrew Knapp,CIN,51,169,147,31,6,1,4,17,15,18,53,2,0,0,0.208,0.3,0.333,0.633,0.28,68,0,600.9,1.87,-0.44,1.27,14942
Josh Ockimey,,6,26,22,5,1,0,1,3,3,3,9,0,0,0,0.211,0.311,0.379,0.69,0.302,86,0,999,3.18,2.51,1.91,sa829375
Luis Barrera,OAK,55,168,155,36,7,2,2,18,13,11,37,1,2,1,0.234,0.289,0.336,0.625,0.274,75,0,999,4.4,1.58,1.49,19615
Max Schrock,CIN,49,171,158,40,8,1,4,20,18,11,32,1,2,1,0.254,0.305,0.382,0.687,0.298,80,0,600.7,4.4,1.22,1.47,17750
Monte Harrison,MIA,53,158,141,29,5,1,5,17,16,11,63,2,6,2,0.204,0.272,0.352,0.624,0.273,73,0,999,3,1.68,1.52,17216
Hunter Owen,PIT,14,30,27,6,1,0,1,3,3,2,13,1,0,0,0.203,0.266,0.355,0.621,0.27,68,0,999,3.25,2.42,1.89,20034
Jack López,,14,35,32,7,1,0,1,3,3,2,10,0,1,0,0.227,0.275,0.326,0.601,0.264,60,0,999,2.68,3.17,1.92,13663
Josh Palacios,TOR,14,56,48,11,2,0,1,6,5,5,14,1,1,0,0.233,0.307,0.345,0.651,0.287,76,0,999,2.6,1.07,1.84,19818
Jake Cave,MIN,32,108,98,23,5,0,3,12,11,7,35,2,0,0,0.234,0.299,0.368,0.666,0.292,83,0,999,4.39,0.33,1.6,14477
Darick Hall,PHI,6,26,23,5,1,0,1,3,3,2,7,1,0,0,0.213,0.295,0.394,0.689,0.298,83,0,999,3.61,2.97,1.91,sa918293
Taylor Davis,,9,29,26,6,1,0,0,3,2,3,4,0,0,0,0.223,0.294,0.288,0.582,0.261,62,0,999,1.58,2.56,1.93,12782
Isan Díaz,MIA,33,121,107,23,5,0,3,13,12,12,33,1,1,0,0.218,0.302,0.349,0.651,0.287,81,0,600.5,2.63,0.87,1.51,17922
Steven Souza Jr.,,28,98,87,18,4,0,3,11,10,9,34,1,1,0,0.211,0.297,0.377,0.674,0.294,83,0,999,2.47,-0.8,1.57,5667
Nick Plummer,NYM,6,21,18,4,1,0,0,2,2,2,7,0,0,0,0.2,0.302,0.327,0.629,0.282,76,0,999,4.36,1.35,1.94,sa874684
Justin Smoak,,23,95,82,18,3,0,4,11,12,12,24,1,0,0,0.215,0.318,0.401,0.719,0.313,93,0,999,1.61,0.14,1.57,9054
Gerardo Parra,,9,22,20,5,1,0,0,2,2,2,5,0,0,0,0.23,0.291,0.331,0.622,0.27,65,0,999,2.41,1.08,1.96,8553
Rusney Castillo,,6,24,23,6,1,0,0,3,2,1,5,0,0,0,0.245,0.291,0.343,0.634,0.277,69,0,999,1.43,-0.15,1.96,17016
Logan Warmoth,TOR,6,23,20,4,1,0,1,2,2,2,8,0,1,0,0.198,0.28,0.316,0.596,0.266,62,0,999,2.4,0.68,1.94,sa3004813
Corey Ray,MIL,9,29,26,5,1,0,1,3,3,2,10,0,0,0,0.207,0.271,0.347,0.618,0.27,65,0,999,2.58,0.06,1.91,19170
Mason Martin,PIT,52,208,187,41,9,1,9,24,27,16,70,3,1,1,0.219,0.289,0.419,0.707,0.303,89,0,591.7,3.81,0.1,1.03,sa3004885
Pat Valaika,,39,125,117,26,5,0,4,12,13,7,33,1,1,0,0.22,0.265,0.359,0.624,0.27,67,0,999,2.71,1.12,1.51,14885
Austin Dean,SFG,11,35,32,8,2,0,1,4,4,3,9,0,0,0,0.243,0.303,0.366,0.669,0.291,81,0,999,5.69,1.45,1.9,18288
Maikel Franco,WSN,32,127,117,27,6,0,4,12,15,8,21,1,0,0,0.234,0.282,0.4,0.682,0.291,78,0,598.8,2.52,2.47,1.51,12179
Cody Thomas,OAK,30,119,108,22,5,1,4,12,13,9,40,1,1,0,0.205,0.271,0.377,0.649,0.28,80,-0.1,999,2.53,0.73,1.46,sa738459
Khris Davis,,55,209,187,42,7,1,9,23,27,18,57,2,0,0,0.224,0.297,0.412,0.708,0.304,95,-0.1,999,2.69,-0.55,1.05,9112
Pete Kozma,,12,35,33,6,1,0,0,3,2,2,9,0,0,0,0.192,0.245,0.251,0.496,0.214,35,-0.1,999,1.78,-0.12,1.88,2539
Richie Martin,BAL,24,86,78,17,3,1,2,8,7,5,21,1,2,0,0.218,0.278,0.328,0.607,0.267,65,-0.1,999,2.67,-0.46,1.75,17736
Trayce Thompson,,10,26,24,5,1,0,1,3,3,2,10,0,1,0,0.189,0.265,0.358,0.624,0.272,69,-0.1,999,3.39,2.7,1.91,9952
Shogo Akiyama,CIN,56,198,177,44,9,1,2,22,16,18,41,2,3,2,0.248,0.323,0.346,0.67,0.297,79,-0.1,600.8,3.11,1.19,1.47,27461
Stephen Piscotty,OAK,112,430,392,89,18,1,14,43,47,31,107,4,4,1,0.228,0.291,0.381,0.672,0.291,86,-0.1,597.3,5,-0.79,0.52,13367
Asdrúbal Cabrera,CIN,62,238,211,50,11,1,7,27,28,22,53,2,1,0,0.235,0.308,0.393,0.701,0.303,83,-0.1,599.6,2.56,1.01,1.02,4962
Travis Jankowski,,43,129,114,28,5,1,1,15,8,13,28,1,4,1,0.245,0.325,0.316,0.641,0.287,76,-0.1,999,2.03,0.18,1.76,13768
Seby Zavala,CHW,31,113,102,18,4,0,4,12,12,8,49,1,0,0,0.182,0.248,0.337,0.585,0.256,58,-0.1,598.5,2.71,0.51,1.41,18887
Trent Giambrone,CHC,6,24,22,4,1,0,0,2,2,2,7,0,0,0,0.194,0.256,0.265,0.522,0.234,44,-0.1,999,3.99,0.94,1.93,19250
Albert Almora Jr.,,25,44,41,9,2,0,1,4,4,2,8,0,0,0,0.231,0.278,0.355,0.632,0.273,70,-0.1,999,2.38,-0.38,1.87,14109
Magneuris Sierra,,18,58,53,12,2,0,0,6,4,3,12,0,3,0,0.234,0.277,0.299,0.576,0.253,59,-0.1,999,4.22,0.97,1.91,17023
Anthony Alford,PIT,102,379,341,77,15,2,12,44,40,33,132,5,13,5,0.225,0.303,0.386,0.689,0.3,87,-0.1,528,4.04,2.19,1.17,14329
Yusniel Diaz,BAL,7,29,27,6,1,0,1,3,3,2,9,0,0,0,0.208,0.267,0.329,0.596,0.261,61,-0.1,999,2.44,0.34,1.9,sa912848
Jake Bauers,CIN,22,75,66,15,3,0,2,8,7,8,19,1,1,0,0.227,0.314,0.363,0.677,0.299,80,-0.1,600.8,4.68,1.12,1.75,15194
Matt Joyce,PHI,38,115,98,22,5,0,3,13,12,15,28,1,0,0,0.227,0.332,0.371,0.703,0.309,91,-0.1,999,1.73,-0.5,1.54,3353
Donovan Casey,WSN,9,36,34,7,2,0,1,4,4,2,12,0,1,0,0.22,0.265,0.356,0.621,0.269,64,-0.1,999,4.26,2.44,1.9,sa915654
Drew Butera,,15,48,43,8,2,0,1,4,3,3,16,1,0,0,0.179,0.242,0.284,0.526,0.232,43,-0.1,999,1.17,0.12,1.8,3411
Jordy Mercer,,35,123,114,27,6,0,3,12,12,8,27,1,0,0,0.238,0.294,0.361,0.655,0.279,71,-0.1,999,1.79,0.32,1.58,6547
Billy Hamilton,,36,115,103,22,4,1,1,13,7,8,31,0,7,2,0.21,0.267,0.287,0.554,0.246,52,-0.1,999,2.09,0.68,1.82,10199
Chris Owings,,17,59,54,12,2,0,2,7,6,4,18,0,2,0,0.218,0.282,0.364,0.646,0.275,57,-0.1,600.7,1.93,2.86,1.81,10030
Harold Castro,DET,55,206,193,51,8,1,2,20,19,9,43,1,1,1,0.261,0.293,0.347,0.641,0.279,74,-0.1,601,3.21,0.36,1.48,14691
Eric Thames,OAK,44,181,160,35,7,1,7,20,20,18,56,3,2,1,0.216,0.304,0.408,0.712,0.306,88,-0.1,595.4,2.9,0.75,1.22,3711
Andrew Young,WSN,33,81,74,15,2,0,2,10,10,4,31,2,0,0,0.201,0.267,0.337,0.605,0.266,62,-0.1,999,4.53,0.02,1.58,19521
Trey Amburgey,CIN,29,79,73,16,4,0,2,8,9,5,27,1,0,0,0.223,0.274,0.366,0.64,0.277,66,-0.1,999,4.02,3.51,1.68,18425
Scott Kingery,PHI,45,147,135,29,6,1,4,15,14,10,48,1,2,1,0.218,0.279,0.369,0.648,0.281,73,-0.1,600.3,3.05,0.76,1.45,17975
Yadiel Hernandez,WSN,113,408,367,94,15,1,14,48,49,33,95,2,4,1,0.257,0.316,0.417,0.733,0.314,94,-0.1,568.5,3.23,-0.43,0.58,19334
Jared Oliva,PIT,27,92,84,19,4,1,1,9,8,6,25,1,3,1,0.231,0.289,0.338,0.627,0.275,71,-0.1,999,2.28,1.86,1.79,19968
Matt Carpenter,,60,199,168,34,8,1,6,22,21,27,58,3,1,0,0.205,0.323,0.365,0.689,0.303,90,-0.2,999,3.07,-1.02,1.1,8090
Jorge Alfaro,SDP,97,364,337,81,14,1,10,35,41,18,116,7,6,2,0.24,0.293,0.375,0.668,0.291,81,-0.2,398.2,1.51,-0.34,0.88,12180
Luke Williams,PHI,56,181,165,38,7,1,3,19,16,14,43,2,5,2,0.228,0.292,0.334,0.626,0.277,69,-0.2,999,2.49,-0.31,1.49,19931
Michael Chavis,PIT,112,429,396,95,18,2,15,50,51,23,129,6,4,2,0.24,0.291,0.411,0.702,0.301,88,-0.2,542.8,3.21,-0.08,0.36,17321
Wilmer Difo,,40,128,115,27,4,1,2,14,11,10,28,1,1,0,0.238,0.298,0.339,0.637,0.272,69,-0.2,999,2.23,-0.1,1.59,14320
David Dahl,MIL,34,135,124,30,7,1,4,15,15,8,34,1,1,0,0.245,0.293,0.399,0.692,0.297,83,-0.2,598.7,3.04,0.7,1.54,13744
Andrew Stevenson,WSN,84,278,254,64,12,2,6,33,29,19,75,3,4,1,0.25,0.309,0.375,0.684,0.298,83,-0.2,597.8,4.68,1.13,1.11,17932
Jarrod Dyson,,66,188,170,37,6,1,2,21,13,15,40,1,12,3,0.216,0.282,0.296,0.578,0.257,56,-0.2,999,1.55,-0.26,1.81,4866
Josh Reddick,,46,159,146,36,7,1,3,17,17,11,29,0,0,0,0.244,0.296,0.366,0.662,0.287,76,-0.2,999,1.34,-0.37,1.45,3892
Dexter Fowler,,75,281,246,54,10,1,7,32,28,32,74,3,6,1,0.218,0.315,0.359,0.674,0.293,84,-0.3,999,4.28,-1.53,1.05,4062
Guillermo Heredia,ATL,66,232,206,47,11,0,4,27,20,19,54,5,1,1,0.228,0.309,0.349,0.659,0.29,77,-0.3,999,3.42,0.45,1.08,18721
Ian Desmond,COL,27,106,96,22,4,1,3,13,12,8,28,1,2,1,0.229,0.292,0.385,0.677,0.294,69,-0.3,999,4.55,2.28,1.6,6885
Adam Haseley,PHI,90,327,297,71,13,1,6,32,29,20,69,4,5,2,0.239,0.295,0.351,0.646,0.283,74,-0.3,600.9,7.08,-1.01,1.03,19878
Albert Pujols,,45,163,152,36,6,0,7,16,22,8,26,2,1,0,0.235,0.278,0.413,0.69,0.291,82,-0.3,599.1,1.95,0.94,1.35,1177
Ryan Vilade,COL,55,189,175,46,9,1,3,22,17,12,35,1,3,1,0.261,0.312,0.38,0.692,0.301,74,-0.4,600.5,3.58,0.76,1.52,22165
Miguel Cabrera,DET,111,463,417,105,16,1,13,45,57,37,103,4,0,0,0.252,0.315,0.391,0.706,0.303,91,-0.4,502.4,3.31,-0.68,0.51,1744
