Name,Team,POS,ADP,PA,mAVG,mRBI,mR,mSB,mHR,PTS,aPOS,Dollars,PlayerId
Aaron Judge,NYY,OF/DH,4.679999828,677.11,3.151347171,6.783021309,7.809534117,0.546673888,8.97312971,27.2637062,12.55672875,40.82043495,15640
Vladimir Guerrero Jr.,TOR,1B/DH,12.14000034,653.446,6.275350567,7.797967089,5.254775838,-0.977723399,6.993871647,25.34424174,12.24404145,38.58828319,19611
Ronald Acuna Jr.,ATL,OF/DH,2.589999914,682.077,2.12875789,1.522240056,7.48539178,10.22387082,3.563042264,24.92330281,12.55672875,38.48003156,18401
Julio Rodriguez,SEA,OF,999,679.069,3.417524091,2.52545174,5.320268109,6.362427746,4.145555747,21.77122743,12.55672875,35.32795619,23697
Juan Soto,SDP,OF,10.09000015,674.752,3.840298955,4.494641339,8.230622217,-0.005618785,4.533253923,21.09319765,12.55672875,34.6499264,20123
Kyle Tucker,HOU,OF,5.909999847,619.675,3.965454626,5.005386467,2.89558829,4.033355287,4.654268463,20.55405313,12.55672875,34.11078189,18345
Mookie Betts,LAD,OF,11.77000046,693.278,2.099392211,2.467365336,7.040184193,2.29690386,3.743516792,17.64736239,12.55672875,31.20409115,13611
Yordan Alvarez,HOU,OF/DH,11.05000019,602.222,4.232174359,6.619514759,3.52896366,-2.738054608,5.615577068,17.25817524,12.55672875,30.81490399,19556
Pete Alonso,NYM,1B/DH,20.04999924,648.837,0.505082833,7.57992963,3.737851486,-2.075148553,7.059132028,16.80684742,12.24404145,30.05088887,19251
Mike Trout,LAA,OF,22.09000015,676.967,-0.451046195,5.379190729,6.445858952,-2.212970179,7.157667259,16.31870057,12.55672875,29.87542932,10155
Freddie Freeman,LAD,1B,13.64000034,675.331,6.491768554,3.22059914,5.511749983,-0.086894855,1.458620485,16.59584331,12.24404145,29.83988475,5361
Fernando Tatis Jr.,SDP,SS,18.18000031,530.956,3.757334465,3.604421987,3.034294218,4.078598966,5.481469574,19.95611921,8.249806128,29.20592534,19709
Jose Ramirez,CLE,3B/DH,2.859999895,662.841,0.575826343,5.090643374,3.50540555,4.231824659,3.205879713,16.60957964,9.970805717,27.58038536,13510
Rafael Devers,BOS,3B,20.5,661.726,3.673565434,5.661212758,3.678706708,-1.705766531,4.140117254,15.44783562,9.970805717,26.41864134,17350
Austin Riley,ATL,3B,21.72999954,654.97,2.906426914,6.478180589,3.366182564,-2.74312472,5.206045778,15.21371112,9.970805717,26.18451684,18360
Paul Goldschmidt,STL,1B/DH,25.86000061,666.008,2.851969341,4.434400572,3.516442669,-1.226274443,2.996802768,12.57334091,12.24404145,25.81738235,9218
Jose Altuve,HOU,2B,42.72999954,689.867,2.932779844,0.789504613,5.704006623,1.389858858,1.614037836,12.43018777,12.36268108,25.79286886,5417
Bobby Witt Jr.,KCR,3B/SS,999,669.006,0.686676927,2.19402459,3.06755659,7.032803993,1.723853445,14.70491554,9.970805717,25.67572126,25764
Bo Bichette,TOR,SS,12.44999981,672.412,4.515464597,3.379358114,3.95713134,2.422959649,1.84043682,16.11535052,8.249806128,25.36515665,19612
Luis Robert,CHW,OF,48.95000076,613.899,4.451334437,2.648462656,0.706627461,1.805065155,1.237417959,10.84890767,12.55672875,24.40563642,20043
Trea Turner,PHI,SS,2,686.991,5.075116683,0.516226104,4.119072013,5.654781143,-0.37150469,14.99369125,8.249806128,24.24349738,16252
Manny Machado,SDP,3B,15.22999954,662.821,1.801237315,5.106938335,3.058822427,-0.178660041,3.295875327,13.08421336,9.970805717,24.05501908,11493
Michael Harris II,ATL,OF,999,611.228,3.200185414,0.9117623,2.026433195,4.252143676,0.051160276,10.44168486,12.55672875,23.99841362,25931
Randy Arozarena,TBR,OF/DH,36.81999969,655.921,-0.313703842,2.054468169,1.578794619,6.801900967,0.302213046,10.42367296,12.55672875,23.98040171,19290
Shohei Ohtani,LAA,P/DH,9.680000305,649.29,-0.799675461,4.685047102,4.132669797,2.945296075,5.247497576,16.21083509,6.033740274,23.24457536,19755
Eloy Jimenez,CHW,OF/DH,77.73000336,612.932,2.445506876,4.689376573,1.021840302,-3.072603841,4.026233148,9.110353058,12.55672875,22.66708181,17484
Matt Olson,ATL,1B,46.5,652.178,-1.818272874,5.433742383,3.167622751,-2.779621671,5.095101439,9.098572028,12.24404145,22.34261347,14344
George Springer,TOR,OF/DH,84.68000031,635.08,-0.188781899,0.69119546,4.175828479,0.941058083,3.128331626,8.747631749,12.55672875,22.3043605,12856
Nolan Arenado,STL,3B,35.63999939,648.598,2.056673526,5.451772004,2.122108474,-1.81862474,3.08949765,10.90142691,9.970805717,21.87223263,9777
Cedric Mullins II,BAL,OF,47.90999985,679.764,-1.311204623,-1.507598132,3.326208298,8.349907439,-0.724114673,8.133198309,12.55672875,21.68992706,17929
Jazz Chisholm Jr.,MIA,2B,48.22999954,589.15,-2.348934487,1.435163909,0.347522209,6.432209269,2.19506069,8.061021589,12.36268108,21.42370267,20454
Marcus Semien,TEX,2B,35.63999939,691.585,-1.79532944,0.093519406,3.727674487,3.929476202,1.58676546,7.542106115,12.36268108,20.9047872,12533
Bryan Reynolds,PIT,OF,94.73000336,674.561,1.449013018,1.994039094,3.510805925,-0.759167175,1.043971879,7.238662741,12.55672875,20.7953915,19326
Kyle Schwarber,PHI,OF,63.86000061,642.736,-5.902887679,2.976605601,3.908033886,-0.906858011,6.539744406,6.614638203,12.55672875,20.17136696,16478
Nathaniel Lowe,TEX,1B,108.9499969,633.504,2.22243506,2.360521715,0.868138074,-1.837705331,1.645096719,5.258486236,12.24404145,18.50252768,19566
Starling Marte,NYM,OF,82.05000305,599.612,1.503650514,-1.250447022,0.744234755,5.637442248,-2.081097858,4.553782637,12.55672875,18.11051139,9241
Byron Buxton,MIN,OF/DH,114.5899963,595.228,-3.388640493,0.829392239,2.146571025,0.639677409,4.208762286,4.435762466,12.55672875,17.99249122,14161
Tommy Edman,STL,2B/SS,80.26999664,667.939,0.847544708,-2.427748763,2.372649771,6.944483259,-3.333744651,4.403184324,12.36268108,17.76586541,19470
Seiya Suzuki,CHC,OF,999,588.94,0.50880956,1.696330113,0.165678937,0.274049515,1.226339661,3.871207785,12.55672875,17.42793654,30116
Gleyber Torres,NYY,2B,122.9499969,611.901,0.555358922,-0.122154638,1.157964227,1.819927381,0.615747786,4.026843678,12.36268108,17.38952476,16997
Christian Walker,ARI,1B,140.5,644.361,-1.179926101,3.776860365,1.114396824,-2.445885176,2.379322493,3.644768405,12.24404145,16.88880985,13419
Alex Bregman,HOU,3B,83.08999634,659.893,0.731636954,3.418200475,2.900558605,-2.475764005,1.222593109,5.797225137,9.970805717,16.76803085,17678
Teoscar Hernandez,SEA,OF,77.18000031,610.217,-1.599449634,2.911010843,-0.332324293,-0.422411848,2.616033715,3.172858783,12.55672875,16.72958754,13066
Masataka Yoshida,BOS,OF,999,564.84,6.307477434,-2.626249344,2.347691502,-1.608970312,-1.309045435,3.110903844,12.55672875,16.6676326,31837
Adolis Garcia,TEX,OF/DH,59.40999985,647.7,-4.972894372,2.755912691,-0.176686794,3.29834574,2.190266856,3.094944121,12.55672875,16.65167288,19287
Joey Meneses,WSN,1B/OF,999,615.148,0.956363555,2.646767891,-0.133570789,-2.706589013,2.204930349,2.967901992,12.55672875,16.52463075,14366
Andres Gimenez,CLE,2B,88.31999969,596.296,1.384292558,0.259911206,-0.678455514,3.345137429,-1.205433612,3.105452069,12.36268108,16.46813315,19950
Jose Abreu,HOU,1B/DH,91,642.13,2.619020642,2.545573488,1.042537363,-3.108288054,-0.056198099,3.042645339,12.24404145,16.28668679,15676
Anthony Santander,BAL,OF/DH,132.2700043,650.823,-2.621596588,3.925704483,0.85634917,-2.628563663,3.147869632,2.679763033,12.55672875,16.23649179,14551
Corey Seager,TEX,SS,67.91000366,641.451,2.309052596,1.869542466,2.865167271,-2.251905458,2.155622778,6.947479653,8.249806128,16.19728578,13624
Steven Kwan,CLE,OF,999,646.86,4.484441776,-3.141848171,2.679881875,2.822530084,-4.225763949,2.619241616,12.55672875,16.17597037,24610
Vinnie Pasquantino,KCR,1B/DH,999,557.938,3.075486278,1.663700295,-0.266531637,-2.454477297,0.911918995,2.930096634,12.24404145,16.17413808,27676
Wander Franco,TBR,SS,92.23000336,649.206,5.188898949,0.383530131,2.641800202,0.621061424,-2.251864085,6.583426621,8.249806128,15.83323275,23667
Jake McCarthy,ARI,OF,120.4100037,596.706,-0.172476518,-0.748381582,-1.14478858,7.014729111,-2.752600396,2.196482035,12.55672875,15.75321079,21622
Christian Yelich,MIL,OF/DH,128,665.784,-1.856421874,-1.091793373,3.143375231,2.221239235,-0.321028435,2.095370783,12.55672875,15.65209954,11477
Ty France,SEA,1B,170.2700043,640.792,2.516551602,0.616250769,1.757625827,-3.071674975,0.096802742,1.915555965,12.24404145,15.15959741,17982
Taylor Ward,LAA,OF,132.2700043,630.7,0.160423561,-0.637711175,2.417958755,-0.648553839,0.270388871,1.562506172,12.55672875,15.11923493,17548
Rhys Hoskins,PHI,1B,128.0899963,660.263,-4.838296855,2.861647214,2.459031152,-2.141911382,3.319844498,1.660314627,12.24404145,14.90435607,16472
Tim Anderson,CHW,SS,94.36000061,645.704,5.298100602,-2.276248396,1.6965031,3.058618982,-2.188214198,5.58876009,8.249806128,14.83856622,15172
C.J. Cron,COL,1B/DH,135.1799927,591.741,-0.803937373,2.800444165,0.127984647,-3.086653053,2.238648545,1.27648693,12.24404145,14.52052838,12546
Giancarlo Stanton,NYY,OF/DH,153.6799927,538.368,-1.901775881,2.456864813,-0.504937684,-3.103450176,3.941635304,0.888336376,12.55672875,14.44506513,4949
Oneil Cruz,PIT,SS,79.31999969,581.761,-1.542230041,-0.545279442,1.553256918,3.660180013,1.990335,5.116262447,8.249806128,14.36606858,21711
Francisco Lindor,NYM,SS,31.40999985,665.79,-1.748422336,2.728928899,1.528536659,1.494511948,1.103149876,5.106705047,8.249806128,14.35651118,12916
Brandon Nimmo,NYM,OF,177.6399994,666.698,1.609845947,-2.004643906,3.92492278,-0.970679473,-1.963547879,0.595897468,12.55672875,14.15262622,12927
Salvador Perez,KCR,C/DH,68.41000366,589.603,-1.178639312,2.860538116,-0.850015092,-2.992140185,3.298413239,1.138156765,11.87087657,14.00903334,7304
Rowdy Tellez,MIL,1B,179.2299957,553.221,-1.878161008,2.172690016,-0.489898706,-2.518763088,3.44106035,0.726927564,12.24404145,13.97096901,15679
Ryan Mountcastle,BAL,1B/DH,160.2299957,599.704,-0.678056088,1.645188735,-0.67410895,-1.791571288,1.606625411,0.10807782,12.24404145,13.35211927,18373
Ian Happ,CHC,OF,155.3600006,643.67,-2.294557985,1.248334388,0.389369371,0.081540757,0.331097453,-0.244216015,12.55672875,13.31251274,17919
Anthony Rizzo,NYY,1B,159.9499969,579.381,-2.863589346,1.312172143,0.214173978,-0.704750594,2.069614984,0.027621164,12.24404145,13.27166261,3473
Ozzie Albies,ATL,2B,53.04999924,572.679,0.004755126,-0.261690313,-1.136914538,1.778553727,-0.482568894,-0.097864891,12.36268108,13.26481619,16556
Carlos Correa,MIN,SS,125.7699966,643.852,2.272381384,1.074683183,2.409009561,-2.863375102,0.762181404,3.65488043,8.249806128,12.90468656,14162
Kris Bryant,COL,OF,140.0500031,567.513,1.719443595,-0.880638704,0.727388539,-1.521540034,-0.843316639,-0.798663243,12.55672875,12.75806551,15429
Corbin Carroll,ARI,OF,999,587.058,-2.681247587,-2.606482668,1.282405943,3.907531663,-0.82607451,-0.92386716,12.55672875,12.63286159,25878
Will Smith,LAD,C/DH,56.5,557.64,-1.021661519,1.753621797,-0.144284543,-2.755200048,1.767239989,-0.400284324,11.87087657,12.47059225,19197
Willy Adames,MIL,SS,102.8600006,652.797,-2.844589742,1.547214705,2.203220796,-0.211402634,2.437412485,3.13185561,8.249806128,12.38166174,15986
Tyler O'Neill,STL,OF,108.8600006,538.757,-2.453418443,-0.195048695,-1.843590563,1.947608691,1.306868239,-1.23758077,12.55672875,12.31914798,15711
Brandon Lowe,TBR,2B,176.9499969,585.31,-3.130963709,1.689030813,0.100876076,-1.847961637,2.12887366,-1.060144797,12.36268108,12.30253629,18882
Thairo Estrada,SFG,2B/SS,174.0899963,594.926,-0.082578542,-2.351423684,-0.41111232,3.44332719,-1.74073409,-1.142521446,12.36268108,12.22015964,16426
Daulton Varsho,TOR,C/OF,36.72999954,560.668,-3.811212149,0.472280298,-0.708576147,1.600442129,1.715675728,-0.731390141,11.87087657,12.13948643,19918
Xander Bogaerts,SDP,SS,92.86000061,649.76,1.43899938,2.43659625,0.92751922,-1.049711039,-0.89693551,2.856468301,8.249806128,12.10627443,12161
Andrew Vaughn,CHW,1B/OF/DH,143.2700043,585.896,0.989667295,0.312016462,-0.977145505,-2.805668861,0.641529532,-1.839601077,12.55672875,11.71712768,26197
Jorge Polanco,MIN,2B,170.5,606.097,-0.471140289,0.270475563,-0.47944266,-0.531631827,-0.503798841,-1.715538054,12.36268108,11.64714303,13152
Gunnar Henderson,BAL,3B,999,612.249,-0.855956298,0.856939356,0.135064227,0.498836905,-0.146434979,0.488449211,9.970805717,11.45925493,26289
Ketel Marte,ARI,2B/DH,216.6399994,616.307,1.491204258,-0.747628353,0.768588969,-1.509232541,-2.054671453,-2.051739121,12.36268108,11.31094196,13613
Alex Verdugo,BOS,OF,203.7700043,599.693,3.910222766,-0.478157481,-0.939323181,-1.858295361,-2.957567737,-2.323120994,12.55672875,11.23360776,17027
J.T. Realmuto,PHI,C,25.68000031,554.682,-0.516259288,-0.08458734,-1.600558907,1.310053287,-0.75038049,-1.641732738,11.87087657,11.22914384,11739
Josh Bell,CLE,1B/DH,182.4499969,598.966,-0.329587284,1.397931735,-0.125890438,-3.048182218,0.064937844,-2.040790361,12.24404145,11.20325109,13145
Ramon Laureano,OAK,OF,222.1799927,625.35,-4.541406557,-0.954453551,-0.018337616,3.129832617,0.00289922,-2.381465888,12.55672875,11.17526287,17128
Josh Naylor,CLE,1B/DH,223.8200073,535.726,1.275211582,-0.142652999,-2.000219499,-1.437244717,0.091726917,-2.213178715,12.24404145,11.03086273,18839
Yandy Diaz,TBR,3B,272.5,640.954,4.244336217,-2.273320058,2.530245522,-1.523320394,-2.929973032,0.047968256,9.970805717,11.01877397,16578
Hunter Renfroe,LAA,OF,152.4100037,543.595,-2.982245553,1.382160205,-1.353827419,-2.57581136,2.791351741,-2.738372387,12.55672875,10.81835637,15464
Luis Arraez,MIA,1B/2B/DH,215.5,635.625,7.346651741,-4.002573501,0.796665996,-0.908986802,-5.802982672,-2.571225238,12.36268108,10.79145585,18568
Mitch Haniger,SFG,OF,176.6799927,589.825,-1.325292272,0.827300113,-0.569138132,-2.826452393,0.969123061,-2.924459622,12.55672875,10.63226913,14274
Amed Rosario,CLE,SS,121.7300034,640.071,3.629314279,-0.9975424,0.563811338,1.520868722,-3.407022161,1.309429778,8.249806128,10.55923591,15518
Oscar Gonzalez,CLE,OF,183.0899963,523.171,2.564839713,-0.037816925,-2.976217488,-2.419489739,-0.206620304,-3.075304743,12.55672875,10.48142401,20970
Nick Castellanos,PHI,OF,131.2700043,601.874,-0.305904084,0.631624939,-1.248318204,-1.641713089,-0.602576107,-3.166886546,12.55672875,10.38984221,11737
Dansby Swanson,CHC,SS,85.13999939,660.314,-2.244657739,0.217575587,1.125757309,1.63810041,0.164158457,0.900934023,8.249806128,10.15074015,18314
Jeff McNeil,NYM,2B/OF,201.1799927,590.213,5.426462392,-1.048934322,-1.639458022,-2.185684562,-4.022528888,-3.470143404,12.55672875,10.08658535,15362
Jonathan India,CIN,2B,186.6399994,636.704,-1.333280615,-1.811184534,1.184557382,0.028672187,-1.5656581,-3.49689368,12.36268108,9.865787404,21523
Brendan Rodgers,COL,2B,270.3200073,568.902,3.494017047,-0.844515627,-1.73760861,-2.989585775,-2.063131161,-4.140824127,12.36268108,9.221856957,17907
Adley Rutschman,BAL,C/DH,999,581.871,-0.41334952,-1.545666518,0.725623978,-1.856747259,-1.015694128,-4.105833446,11.87087657,8.765043128,26288
Nico Hoerner,CHC,SS,137.9499969,601.502,3.743004279,-3.315143507,-0.378797066,3.598526097,-4.196356284,-0.548766481,8.249806128,8.701039647,21479
Ryan McMahon,COL,3B,222.2299957,595.387,-1.773115503,0.434148079,-0.442674148,-0.843655901,0.20903563,-2.416261843,9.970805717,8.554543874,15112
MJ Melendez,KCR,C/OF/DH,999,582.228,-3.617401596,-1.739147434,0.904799891,-1.085898453,1.184927049,-4.352720543,11.87087657,8.518156031,22197
Alejandro Kirk,TOR,C/DH,102.3199997,493.41,3.645746189,-1.111287961,-2.246520927,-3.113783901,-1.625722023,-4.451568622,11.87087657,8.419307952,22581
Andrew Benintendi,CHW,OF,220.1799927,571.073,0.999216119,-2.532730057,-0.915999798,0.020583335,-2.776650246,-5.205580646,12.55672875,8.351148108,17901
Jean Segura,MIA,2B,234,574.163,2.602543936,-3.425354317,-1.791417029,1.478643552,-4.257145929,-5.392729787,12.36268108,7.969951297,5933
Ke'Bryan Hayes,PIT,3B,180.9100037,603.332,-0.023664169,-1.52696665,-1.053049501,2.847106314,-3.38816877,-3.144742776,9.970805717,7.826062941,18577
Joc Pederson,SFG,OF,247.9499969,531.976,-2.478192741,-0.24483043,-1.806304994,-1.91843993,0.668318606,-5.77944949,12.55672875,7.777279265,11899
Jose Miranda,MIN,1B/3B/DH,999,559.398,1.726410431,-0.062770828,-1.843848271,-2.500379083,-0.667515311,-3.348103062,9.970805717,7.622702655,20538
Riley Greene,DET,OF,999,614.344,-0.292673283,-1.690431709,-1.287411011,-0.503959207,-2.842756982,-6.617232193,12.55672875,6.939496562,25976
Willson Contreras,STL,C/DH,106.1800003,557.919,-2.964922915,-1.516571451,-0.009171752,-1.348769514,-0.133141482,-5.972577114,11.87087657,6.898299461,11609
Lourdes Gurriel Jr.,ARI,OF,228.2299957,531.923,3.469636127,-2.1573571,-3.426307572,-1.691833517,-2.877482122,-6.683344184,12.55672875,6.873384571,19238
Max Muncy,LAD,2B/3B/DH,139.5500031,563.689,-5.174199758,0.440236148,-0.37496756,-2.642303222,1.253008101,-6.498226291,12.36268108,6.864454792,13301
Seth Brown,OAK,1B/OF,210.4499969,552.917,-4.509015046,-0.382672936,-2.432366057,-0.262297252,0.757226981,-6.82912431,12.55672875,6.727604444,18171
Ezequiel Tovar,COL,SS,999,482.219,3.064666362,-2.307351807,-2.650074221,1.337532497,-1.970234967,-2.525462136,8.249806128,6.724343992,24064
Austin Meadows,DET,OF,279.8200073,567.613,-1.981772274,-2.537687485,-0.519482585,-1.201891438,-0.743693402,-6.984527183,12.55672875,6.572201571,15672
Austin Hays,BAL,OF,260.9100037,560.501,-1.312968506,-0.972693822,-2.296693531,-1.575259936,-0.925093811,-7.082709606,12.55672875,6.474019148,19363
Jake Cronenworth,SDP,1B/2B,196.6399994,610.639,-1.540003695,-0.63198057,-0.439791759,-2.0562228,-2.542718203,-7.210717028,12.36268108,6.151964056,18036
Lane Thomas,WSN,OF,271.1400146,581.419,-3.812828788,-2.906157705,-0.642740813,0.665221422,-0.754529665,-7.451035549,12.55672875,6.105693205,16939
Alec Bohm,PHI,3B,187.6799927,595.485,2.345956723,-0.991623488,-2.192410481,-1.698374358,-2.360592072,-4.897043676,9.970805717,6.073762041,21618
Wil Myers,CIN,1B/OF,266.0499878,559.207,-2.223504355,-1.012268666,-2.451664601,-1.14971973,-0.696318272,-7.533475625,12.55672875,6.02325313,10047
Sean Murphy,ATL,C/DH,127.8199997,562.999,-2.14405242,-0.205820508,-1.271554591,-2.94124566,-0.425082838,-6.987756016,11.87087657,5.883120558,19352
Charlie Blackmon,COL,OF/DH,288.6799927,549.922,0.854601577,-1.742347061,-2.326383284,-2.11458701,-2.668486239,-7.997202016,12.55672875,5.559526738,7859
Javier Baez,DET,SS,168.1399994,627.065,-3.427365813,-0.105147939,-0.737189928,0.514550647,0.014742811,-3.740410223,8.249806128,5.509395905,12979
Anthony Rendon,LAA,3B,242.4499969,566.267,-0.217591736,-0.232636738,-1.189303101,-2.323196512,-1.644172791,-5.606900878,9.970805717,5.363904839,12861
Harrison Bader,NYY,OF,168.2700043,515.682,-1.613217914,-3.000199624,-3.829301952,3.011478123,-2.786237914,-8.217479281,12.55672875,5.339249473,18030
Jeremy Pena,HOU,SS,999,566.25,-2.210438978,-0.325863191,-2.298608284,0.368872335,-0.077065377,-4.543103495,8.249806128,4.706702632,21636
Matt Chapman,TOR,3B,163.5,616.384,-6.557670681,0.752858107,-0.419997497,-2.155844489,1.940422726,-6.440231834,9.970805717,4.530573883,16505
Jose Siri,TBR,OF,304.9500122,453.199,-2.559145351,-3.629041327,-4.208608547,3.078434545,-1.82343868,-9.141799359,12.55672875,4.414929395,17452
Avisail Garcia,MIA,OF,324.9100037,573.641,-2.261245738,-1.209723184,-3.088288404,-1.079280101,-1.510105252,-9.148642679,12.55672875,4.408086075,5760
Jorge Soler,MIA,OF,292.9100037,544.343,-4.4433041,-0.968927677,-2.313367395,-2.483930276,0.962838597,-9.24669085,12.55672875,4.310037904,14221
Randal Grichuk,COL,OF,255.3200073,479.959,0.067550586,-1.958292395,-4.097419911,-2.332369137,-1.019239368,-9.339770224,12.55672875,4.21695853,10243
Justin Turner,BOS,3B/DH,240,554.807,1.438714587,-1.218361381,-2.147638252,-2.487026573,-2.879134108,-7.293445726,9.970805717,3.677359991,5235
Mike Yastrzemski,SFG,OF,359.8599854,572.556,-4.732637074,-1.894475385,-0.88486803,-1.687189118,-0.837394843,-10.03656445,12.55672875,3.520164304,14854
CJ Abrams,WSN,SS,999,568.597,1.251943891,-3.615089834,-2.290582407,3.21772667,-4.400196048,-5.836197728,8.249806128,3.4136084,25768
Garrett Cooper,MIA,1B/DH,424.4500122,553.549,-0.479354781,-1.59938196,-2.622729282,-2.923132622,-2.505253455,-10.1298521,12.24404145,3.114189346,15279
William Contreras,MIL,C/DH,121.4499969,471.8,-1.616375024,-1.554200985,-3.799353671,-2.746491845,-0.100429845,-9.81685137,11.87087657,3.054025204,20503
Luis Urias,MIL,2B/3B/SS,247.0500031,561.992,-2.589819888,-2.107638399,-2.442133514,-1.876950194,-1.372171296,-10.38871329,12.36268108,2.973967793,16622
Enrique Hernandez,BOS,OF,380.5,595.611,-3.452339182,-2.413232348,-0.38884439,-2.314952731,-2.056645385,-10.62601404,12.55672875,2.930714718,10472
Whit Merrifield,TOR,2B/OF,194.8200073,493.322,0.132032023,-4.990284945,-3.839091568,2.729719972,-4.759211513,-10.72683603,12.55672875,2.829892724,11281
Manuel Margot,TBR,OF,310.5499878,533.15,-0.084757569,-3.831892923,-3.871987896,1.270537319,-4.303513348,-10.82161442,12.55672875,2.735114338,14712
Gavin Lux,LAD,2B/OF,227.2700043,522.059,0.665187467,-3.3624573,-3.308040997,-0.788697665,-3.943329583,-10.73733808,12.36268108,2.625343006,19955
Triston Casas,BOS,1B,999,483.988,-1.575708575,-2.798059766,-3.2920984,-2.179414641,-1.048444952,-10.89372633,12.24404145,2.350315112,22514
Michael Brantley,HOU,OF/DH,347.6799927,483.019,3.109522557,-4.59085813,-2.597556804,-2.463417665,-4.66595265,-11.20826269,12.55672875,2.348466063,4106
Michael Conforto,SFG,OF,239.7299957,538.503,-2.284352745,-2.194087387,-2.664403272,-2.159714791,-1.943123948,-11.24568214,12.55672875,2.311046612,16376
Eugenio Suarez,SEA,3B,152.4499969,624.37,-8.5051047,1.070103168,-0.738094368,-2.962958081,2.428388797,-8.707665184,9.970805717,2.263140533,12552
Christopher Morel,CHC,2B/OF,999,474.07,-3.384464411,-3.40903861,-4.003766079,1.011458957,-1.417733083,-11.20354323,12.36268108,2.159137856,21897
Kolten Wong,SEA,2B,243.4100037,513.253,-1.149792091,-4.354247671,-3.686809196,1.933985169,-3.993604526,-11.25046831,12.36268108,2.112212769,12532
T.J. Friedl,CIN,OF,376.4100037,472.759,-1.469557428,-5.493982115,-2.880218843,1.246735094,-2.866605519,-11.46362881,12.55672875,2.093099944,19522
Tyler Stephenson,CIN,C,141.5899963,529.962,-0.269110873,-2.004852959,-3.424630008,-2.693700878,-2.537078398,-10.92937312,11.87087657,1.941503457,17988
Brendan Donovan,STL,2B/3B/OF,999,528.094,1.588888073,-3.972495406,-2.755604775,-1.379577278,-4.996930446,-11.51571983,12.36268108,1.846961251,24679
Jonathan Schoop,DET,2B,447.3599854,569.236,-2.245328601,-1.67261114,-3.481600684,-2.199037073,-2.086455673,-11.68503317,12.36268108,1.677647913,11265
Josh Rojas,ARI,2B/3B,213.5899963,514.791,-1.377274973,-4.591276236,-3.411247255,2.192366668,-4.686618617,-11.87405041,12.36268108,1.488630671,19734
Jake Fraley,CIN,OF,300.769989,472.853,-2.98840506,-3.65531338,-4.223303641,0.063427488,-1.336519891,-12.14011449,12.55672875,1.416614269,19260
Dylan Carlson,STL,OF,313.6799927,501.673,-0.951010267,-3.756926688,-2.830798844,-1.28641892,-3.404081241,-12.22923596,12.55672875,1.327492795,20126
Isaac Paredes,TBR,1B/2B/3B,343.769989,463.294,-1.959693933,-2.75407167,-3.639175917,-2.740725101,-0.948701082,-12.0423677,12.36268108,1.32031338,20036
Esteury Ruiz,OAK,OF,999,385.482,-1.701207564,-7.234280257,-6.289114577,7.983118353,-5.047487379,-12.28897142,12.55672875,1.26775733,21780
Harold Ramirez,TBR,1B/OF/DH,384.269989,451.281,3.127300162,-4.056036803,-5.276604964,-1.621006885,-4.505580108,-12.3319286,12.55672875,1.224800157,14387
Yoan Moncada,CHW,3B,291.1799927,587.419,-2.533026304,-1.566626072,-1.721666834,-2.139124761,-1.872747019,-9.83319099,9.970805717,1.137614727,17232
Luis Garcia,WSN,2B/SS,313.1400146,477.179,1.090468435,-3.648766512,-5.20173344,-1.418938223,-3.12466809,-12.30363783,12.36268108,1.059043254,20391
J.D. Martinez,LAD,DH,211.5899963,559.801,-1.230884984,0.228096855,-1.677303327,-3.095786968,-0.257861851,-6.033740274,6.033740274,1,6184
Adalberto Mondesi,KCR,SS,243.9100037,494.807,-3.716070664,-3.868873754,-4.735764775,7.299545264,-3.228642198,-8.249806128,8.249806128,1,13769
Ha-seong Kim,SDP,3B/SS,264.3200073,528.836,-1.685064351,-3.932377184,-1.972551194,0.633717164,-3.014530152,-9.970805717,9.970805717,1,27506
Keibert Ruiz,WSN,C,188.7700043,458.908,0.616395948,-3.21499357,-4.779397016,-1.89034146,-2.602540475,-11.87087657,11.87087657,1,19610
Jared Walsh,LAA,1B,332.230011,465.226,-2.574940981,-2.320195,-4.34942292,-2.442750216,-0.556732329,-12.24404145,12.24404145,1,18607
Vaughn Grissom,ATL,2B,999,418.071,1.694686422,-5.377915428,-5.048654963,0.702647539,-4.333444653,-12.36268108,12.36268108,1,26031
Max Kepler,MIN,OF,374.8200073,519.991,-4.319395394,-2.113933926,-3.102681471,-1.528700043,-1.492017921,-12.55672875,12.55672875,1,12144
Bryan De La Cruz,MIA,OF,234.5899963,462.064,0.491197417,-3.664767841,-5.090910847,-1.717416286,-2.836674214,-12.81857177,12.55672875,0.738156984,19600
Jesse Winker,MIL,OF,273.3599854,486.554,-1.23346208,-3.326543277,-3.133534192,-3.015671652,-2.112197464,-12.82140866,12.55672875,0.73532009,13590
Brandon Drury,LAA,1B/2B/3B/DH,199.6399994,480.101,-1.889460403,-2.895531909,-4.180036623,-2.291924419,-1.386351487,-12.64330484,12.36268108,0.719376243,11615
Tony Kemp,OAK,2B/OF,455.1799927,590.18,-1.488279142,-5.476621143,-1.642599761,0.614017498,-4.943553226,-12.93703577,12.36268108,0.42564531,14894
Lars Nootbaar,STL,OF,191.3200073,429.605,-1.493409074,-4.048067257,-4.594756712,-1.162182061,-1.890109012,-13.18852412,12.55672875,0.368204639,21454
Leody Taveras,TEX,OF,358.5899963,496.858,-2.767577241,-4.530366818,-4.773286714,2.5664706,-3.687442256,-13.19220243,12.55672875,0.364526326,18900
Trent Grisham,SDP,OF,315.1799927,491.829,-5.066145122,-3.592311837,-3.029574508,0.315461924,-1.918751384,-13.29132093,12.55672875,0.265407827,18564
Danny Jansen,TOR,C,182.5,425.099,-2.526223389,-3.090998829,-4.335697103,-2.426146662,-0.411870019,-12.790936,11.87087657,0.079940572,16535
Mark Canha,NYM,OF,347.6799927,528.407,-2.447769754,-3.535020951,-3.0588342,-1.639506972,-2.892347311,-13.57347919,12.55672875,-0.016750434,11445
Miguel Vargas,LAD,1B/3B/OF/DH,999,397.294,0.529473902,-4.798708645,-5.405263568,-0.92233922,-3.168175267,-13.7650128,12.55672875,-0.208284043,20178
DJ LeMahieu,NYY,1B/2B/3B,257.6400146,463.927,2.046898167,-6.217389167,-3.252446678,-1.724692377,-4.531160926,-13.67879098,12.36268108,-0.316109898,9874
Trey Mancini,CHC,1B/OF/DH,288.4100037,519.803,-2.09913961,-3.069705747,-3.67172754,-3.069623695,-2.025223834,-13.93542043,12.55672875,-0.378691671,15149
Cody Bellinger,CHC,OF,187.4100037,483.68,-4.933026416,-3.449178376,-4.651083117,0.61800379,-1.63418173,-14.04946585,12.55672875,-0.492737095,15998
Andrew McCutchen,PIT,OF/DH,422.5,497.809,-3.04405359,-3.58580646,-3.869749777,-0.851087014,-2.724803995,-14.07550084,12.55672875,-0.518772082,9847
Spencer Torkelson,DET,1B,999,509.031,-3.794964532,-2.890449209,-3.710195775,-2.485788054,-1.180578515,-14.06197608,12.24404145,-0.817934638,27465
Cal Raleigh,SEA,C,164.2700043,452.573,-4.639532989,-2.61650205,-4.621542737,-2.421076505,0.588716677,-13.7099376,11.87087657,-0.839061029,21534
Bryson Stott,PHI,2B/SS,999,456.191,-0.857844296,-4.7723951,-5.07935667,0.240029832,-3.860867028,-14.33043326,12.36268108,-0.967752179,26294
Ramon Urias,BAL,2B/3B,385.0899963,516.284,-1.792771962,-3.365615436,-4.280296476,-2.430907144,-2.547471698,-14.41706272,12.36268108,-1.054381634,18795
Wilmer Flores,SFG,1B/2B/3B/DH,329.8200073,488.417,-1.22933078,-3.545834256,-4.313235482,-2.950689205,-2.495504814,-14.53459454,12.36268108,-1.171913453,5827
Kerry Carpenter,DET,OF,999,394.074,-0.790718129,-4.218246746,-6.074267462,-1.835847553,-1.833992953,-14.75307284,12.55672875,-1.196344088,25961
Santiago Espinal,TOR,2B,500,472.322,1.363729715,-5.166341855,-4.9327767,-0.458676588,-5.44916405,-14.64322948,12.36268108,-1.280548394,19997
Tyrone Taylor,MIL,OF,403.1400146,457.953,-3.584603958,-3.480469297,-4.871415963,-1.319548699,-1.623184111,-14.87922203,12.55672875,-1.322493273,13675
Spencer Steer,CIN,1B/2B/3B/DH,999,453.611,-2.373127278,-3.558802721,-5.106852623,-2.092913299,-1.656539638,-14.78823556,12.36268108,-1.425554475,26323
Oscar Colas,CHW,OF,999,374.387,0.548196809,-4.923477361,-6.227409956,-2.288402456,-2.222778366,-15.11387133,12.55672875,-1.557142575,sa3018099
Chris Taylor,LAD,2B/OF,316.8599854,540.284,-4.876310227,-3.38291417,-3.31501142,-0.156482969,-3.299059466,-15.02977825,12.36268108,-1.66709717,13757
Eric Hosmer,CHC,1B,477.4500122,441.619,1.631110082,-4.554818834,-5.601694418,-2.553053968,-3.913881579,-14.99233872,12.24404145,-1.748297271,3516
Alex Kirilloff,MIN,OF,333,436.606,-0.413506539,-4.119812321,-5.660429654,-2.565942057,-2.549082961,-15.30877353,12.55672875,-1.752044777,20325
Ji-Man Choi,PIT,1B,518.1400146,508.855,-3.416120931,-2.877271691,-3.260278043,-3.094703287,-2.457113416,-15.10548737,12.24404145,-1.861445922,5452
Joey Votto,CIN,1B,385.6799927,517.354,-4.932954898,-2.450945663,-3.469208546,-2.985289761,-1.426394103,-15.26479297,12.24404145,-2.020751525,4314
Josh Jung,TEX,3B,999,497.835,-3.26618312,-2.884488008,-4.573091194,-1.556179253,-0.877719449,-13.15766102,9.970805717,-2.186855308,26299
Luis Rengifo,LAA,2B/3B,290.269989,409.489,-0.288211053,-5.271720509,-5.813614825,-0.707227632,-3.750044476,-15.83081849,12.36268108,-2.468137412,19858
Aledmys Diaz,OAK,2B/OF,412.6799927,475.829,-1.33961894,-3.616700818,-5.332995386,-2.58475182,-2.967276423,-15.84134339,12.36268108,-2.478662304,15937
Jeimer Candelario,WSN,3B,394.5499878,557.135,-2.99348236,-2.449397714,-3.399436191,-2.784962703,-1.994486128,-13.6217651,9.970805717,-2.650959379,13621
Kevin Newman,CIN,2B/SS,470.0899963,493.956,1.155038985,-5.362039371,-5.443280403,-0.556633999,-5.903734254,-16.11064904,12.36268108,-2.747967959,17696
James Outman,LAD,OF/DH,999,371.917,-2.256266413,-5.139923783,-5.728997183,-1.086207944,-2.251662773,-16.4630581,12.55672875,-2.906329343,24770
Joey Wendle,MIA,2B/3B/SS,398.269989,478.277,0.191859064,-5.445413206,-5.916735728,0.725443594,-5.88069154,-16.32553781,12.36268108,-2.962856731,13853
Carlos Santana,PIT,1B/DH,443.4100037,487.994,-3.947846219,-3.726137654,-4.010715164,-2.948483134,-1.856713529,-16.4898957,12.24404145,-3.245854253,2396
Jurickson Profar,,OF,377.1400146,475.357,-2.375621902,-5.397179419,-3.96803004,-1.165433104,-3.906751145,-16.81301561,12.55672875,-3.256286856,10815
Yonathan Daza,COL,OF,564.3599854,463.536,3.03030362,-6.98710624,-4.359212536,-1.907409527,-6.591511547,-16.81493623,12.55672875,-3.258207476,15794
Trayce Thompson,LAD,OF,430.8599854,394.318,-4.448412184,-4.112679784,-5.832010571,-1.771523191,-0.770965778,-16.93559151,12.55672875,-3.378862753,9952
Nick Senzel,CIN,OF,509.1799927,449.585,-1.101344343,-5.927545205,-5.674715205,0.613204737,-4.882280663,-16.97268068,12.55672875,-3.415951925,19293
Myles Straw,CLE,OF,401.269989,486.766,-0.767765374,-7.291989249,-4.818102441,3.549644558,-7.652282896,-16.9804954,12.55672875,-3.423766648,17620
Garrett Mitchell,MIL,OF,999,425.24,-2.013573396,-5.917819455,-6.463018969,1.717673817,-4.372520665,-17.04925867,12.55672875,-3.492529913,27555
Marcell Ozuna,ATL,OF/DH,335.1799927,382.574,-1.276314954,-4.779695197,-6.221773211,-2.690759465,-2.272449373,-17.2409922,12.55672875,-3.684263447,10324
David Peralta,,OF,657.5,452.448,-1.086691744,-4.608511935,-5.418796514,-2.386205121,-4.022528888,-17.5227342,12.55672875,-3.966005448,2136
Brandon Marsh,PHI,OF,292.0899963,485.665,-3.870176164,-5.335872642,-5.035380545,0.878862327,-4.426582498,-17.78914952,12.55672875,-4.232420768,20202
Jack Suwinski,PIT,OF,999,384.057,-3.663119917,-4.903585413,-6.319622593,-1.604132319,-1.631523185,-18.12198343,12.55672875,-4.565254672,22244
Dominic Smith,WSN,1B,501.8599854,436.908,-0.80681985,-5.02910656,-5.780288437,-2.430055628,-3.802575341,-17.84884581,12.24404145,-4.604804369,15653
Rodolfo Castro,PIT,2B/3B,999,397.017,-3.089453326,-4.921824885,-6.264049614,-1.180798231,-2.517822383,-17.97394844,12.36268108,-4.611267354,21987
Travis d'Arnaud,ATL,C,228.2299957,410.954,-1.0031171,-4.619409818,-6.003096591,-3.028134029,-2.995072824,-17.64883036,11.87087657,-4.777953787,7739
Eddie Rosario,ATL,OF,472.769989,418.208,-2.35579283,-4.971355278,-6.473453675,-1.32732806,-3.29261403,-18.42054387,12.55672875,-4.863815118,12155
Jarred Kelenic,SEA,OF,318.4100037,380.064,-3.796487466,-5.78840689,-6.437071725,0.120630782,-2.556656743,-18.45799204,12.55672875,-4.901263288,22558
Adam Frazier,BAL,2B/OF,468.8599854,457.594,0.677559032,-6.785342996,-5.490268592,-0.259084964,-6.521376269,-18.37851379,12.36268108,-5.015832706,15223
Jordan Walker,STL,3B,999,394.092,-0.193862953,-5.516091461,-5.986551581,-0.549086989,-3.848902804,-16.09449579,9.970805717,-5.12369007,sa3014464
Oswaldo Cabrera,NYY,OF,999,365.298,-2.373390557,-6.080405215,-7.21849042,0.125158915,-3.248180204,-18.79530748,12.55672875,-5.238578727,21707
J.P. Crawford,SEA,SS,431.1799927,590.86,-0.503684951,-4.181935363,-2.927744606,-1.489029422,-5.395223233,-14.49761758,8.249806128,-5.247811448,15491
Christian Arroyo,BOS,2B,490.0899963,368.911,0.552486203,-6.420721106,-6.854653684,-1.261377991,-4.698824876,-18.68309145,12.36268108,-5.320410371,16434
Luke Voit,,1B/DH,388.269989,407.925,-3.385577838,-4.573915264,-5.905806123,-2.915237226,-2.092700182,-18.87323663,12.24404145,-5.629195188,14811
Bryce Harper,PHI,DH,170.2700043,341.723,0.782604813,-4.987858494,-5.751695173,-0.518472818,-2.331828683,-12.80725035,6.033740274,-5.773510081,11579
Nolan Gorman,STL,2B,999,355.175,-2.177924755,-5.424371466,-6.807148439,-2.562845852,-2.175524637,-19.14781515,12.36268108,-5.785134065,22263
Elvis Andrus,,SS,367.3599854,484.318,-1.140862275,-5.267997451,-5.063414894,1.059489719,-4.807552863,-15.22033777,8.249806128,-5.970531637,8709
A.J. Pollock,SEA,OF,433.1400146,389.987,-1.355891184,-5.801668189,-6.890777106,-2.110368368,-3.538873349,-19.6975782,12.55672875,-6.140849442,9256
Matt Carpenter,SDP,1B/3B/OF/DH,440.269989,420.66,-4.762302976,-4.79948262,-5.477811617,-2.339142143,-2.459530695,-19.83827005,12.55672875,-6.281541296,8090
Juan Yepez,STL,OF,999,313.517,-0.77147903,-5.939028756,-7.549431649,-3.03119157,-2.570232614,-19.86136362,12.55672875,-6.304634865,18400
Joey Gallo,MIN,OF,396.6400146,453.235,-8.712971829,-4.220129021,-4.788885426,-2.133358017,-0.408486136,-20.26383043,12.55672875,-6.707101676,14128
Akil Baddoo,DET,OF,449.8599854,379.338,-2.641574469,-7.774016722,-6.988604328,2.49057381,-5.406543183,-20.32016489,12.55672875,-6.763436137,22168
Michael A. Taylor,KCR,OF,589.5499878,445.765,-2.098069912,-5.956264455,-6.467752094,-1.086285456,-4.754538312,-20.36291023,12.55672875,-6.806181474,11489
Adam Duvall,,OF,520.7299805,391.756,-5.312566932,-4.563603846,-6.719927455,-2.498869737,-1.361656979,-20.45662495,12.55672875,-6.899896194,10950
Kyle Stowers,BAL,OF,999,362.077,-1.945588606,-5.899789035,-7.23658496,-2.419838078,-2.987177097,-20.48897778,12.55672875,-6.932249023,26151
Victor Robles,WSN,OF,495.4100037,438.491,-4.089688417,-6.889738623,-6.395268882,1.91877488,-5.264983309,-20.72090435,12.55672875,-7.164175596,18363
Jonah Heim,TEX,C,250.3200073,415.144,-2.95026278,-5.189559501,-6.392320835,-2.440428108,-3.106660669,-20.07923189,11.87087657,-7.208355319,16930
Ji Hwan Bae,PIT,2B/OF,999,333.372,0.51857222,-8.445068772,-7.720776198,1.599590613,-6.54075311,-20.58843525,12.36268108,-7.225754164,23818
Corey Dickerson,WSN,OF/DH,673.8599854,373.448,0.578326583,-6.504848968,-7.562921918,-2.363873395,-5.029197968,-20.88251567,12.55672875,-7.325786912,10762
Royce Lewis,MIN,SS/OF,447.3599854,275.467,0.813493874,-7.959527294,-8.663964855,-0.41939297,-4.692137788,-20.92152903,12.55672875,-7.364800279,20437
Chas McCormick,HOU,OF,415.769989,416.684,-3.769446117,-5.856470387,-6.061208075,-1.473199966,-3.761283746,-20.92160829,12.55672875,-7.364879537,19599
Jon Berti,MIA,2B/3B,265.5499878,340.421,-1.855859363,-9.414917757,-7.666838104,4.969543408,-6.761028603,-20.72910042,12.36268108,-7.366419335,12037
Brandon Crawford,SFG,SS,430.769989,498.418,-2.21710583,-4.108914437,-4.984196807,-1.886471158,-3.588785623,-16.78547386,8.249806128,-7.535667728,5343
LaMonte Wade Jr.,SFG,1B/OF,506.3200073,408.729,-3.497248527,-6.146836982,-5.895006194,-2.047979019,-3.563527134,-21.15059786,12.55672875,-7.593869101,18126
Eduardo Escobar,NYM,3B,381.4500122,435.412,-3.265449573,-4.171183497,-5.789217112,-2.8595048,-2.609227947,-18.69458293,9.970805717,-7.723777212,6153
Matt Vierling,DET,OF,500.4100037,345.879,0.046263023,-7.777907341,-8.019186321,-0.110116853,-5.546974711,-21.4079222,12.55672875,-7.85119345,21558
Gio Urshela,LAA,3B,371.3599854,427.019,0.075477556,-5.19579279,-6.253937452,-2.962919371,-4.491279283,-18.82845134,9.970805717,-7.857645624,10681
Bubba Thompson,TEX,OF,361.5899963,311.413,-1.84164128,-8.782791449,-8.855188201,3.829815942,-5.843549313,-21.4933543,12.55672875,-7.936625547,22261
Yuli Gurriel,,1B,574,398.172,0.217613677,-6.549777802,-7.085959633,-2.255659678,-5.656065175,-21.32984861,12.24404145,-8.085807165,19198
Kyle Isbel,KCR,OF,643.1799927,350.729,-1.726393607,-7.588715203,-8.011377116,0.952243324,-5.272798357,-21.64704096,12.55672875,-8.090312205,21614
Matthew Mervis,CHC,1B,999,289.001,-0.032957474,-7.056717687,-8.233302169,-2.873941037,-3.360976688,-21.55789505,12.24404145,-8.313853609,sa3015051
Josh Donaldson,NYY,3B/DH,411.230011,434.201,-3.989234443,-4.690045784,-5.272215722,-2.664789694,-2.727140595,-19.34342624,9.970805717,-8.372620522,5038
Calvin Mitchell,PIT,OF,999,302.782,0.672224924,-7.577921846,-8.524161616,-1.77744468,-4.819356114,-22.02665933,12.55672875,-8.469930578,22169
Evan Longoria,ARI,3B,485.5899963,408.932,-2.481245835,-5.078219645,-6.502993235,-2.816041249,-2.89355595,-19.77205591,9.970805717,-8.801250198,9368
Brian Anderson,,3B/OF,559.0900269,430.215,-4.006045254,-5.714570499,-6.271493596,-2.551273608,-3.830371742,-22.3737547,12.55672875,-8.817025944,18289
Jonathan Aranda,TBR,1B/2B/3B/OF/DH,999,344.492,-0.082961405,-6.984596008,-7.885536884,-2.654030257,-4.702611767,-22.30973632,12.36268108,-8.947055238,21837
Kyle Lewis,ARI,OF/DH,557.4500122,320.417,-1.732999289,-6.851711728,-7.955846814,-2.57921724,-3.615252752,-22.73502782,12.55672875,-9.17829907,19508
Trevor Story,BOS,2B,103.1399994,299.096,-1.765359891,-7.689533789,-8.356646574,-0.290395814,-4.475648802,-22.57758487,12.36268108,-9.214903787,12564
Kevin Kiermaier,TOR,OF,544.2700195,388.485,-3.550714595,-7.137205473,-7.073115275,-0.015681589,-5.210115843,-22.98683278,12.55672875,-9.430104022,11038
Miguel Rojas,LAD,SS,509.230011,424.987,-0.311868624,-6.516812862,-5.985776816,-0.481163152,-5.554749613,-18.85037107,8.249806128,-9.600564938,7802
Hunter Dozier,KCR,1B/3B/OF/DH,501.6799927,393.905,-3.224947848,-6.502568535,-7.33798398,-1.78549496,-4.427468424,-23.27846375,12.55672875,-9.721734993,15117
Brandon Belt,TOR,1B,455.4500122,346.262,-3.514948114,-6.499076074,-7.203860985,-2.652211235,-3.120115907,-22.99021231,12.24404145,-9.746170868,10264
Elias Diaz,COL,C,350.6400146,347.85,-0.639944999,-6.829122039,-7.737277709,-2.903084432,-4.582725187,-22.69215437,11.87087657,-9.821277791,11680
Conner Capel,OAK,OF,999,329.553,-1.573676513,-7.908051591,-8.773152562,-0.333820562,-4.983837877,-23.57253911,12.55672875,-10.01581035,19983
Gavin Sheets,CHW,OF,489.1400146,295.439,-0.892234969,-7.32614627,-8.573150734,-3.087310999,-3.71628594,-23.59512891,12.55672875,-10.03840016,19901
Shea Langeliers,OAK,DH,999,458.708,-3.78970506,-4.016043853,-5.625167173,-2.411826553,-1.342199651,-17.18494229,6.033740274,-10.15120202,25816
Nick Allen,OAK,2B/SS,999,452.791,-3.365739062,-7.026179197,-6.97575997,-0.212177008,-6.033691996,-23.61354723,12.36268108,-10.25086615,22277
Alex Call,WSN,OF,999,316.045,-1.836429275,-8.01261478,-8.183366755,-1.283438797,-4.637713286,-23.95356289,12.55672875,-10.39683414,19296
Drew Waters,KCR,OF,999,322.119,-1.844020689,-8.036731673,-8.771732707,-0.267251327,-5.207738904,-24.1274753,12.55672875,-10.57074654,20505
Michael Massey,KCR,2B,999,312.553,-0.312807115,-7.922003084,-8.77650851,-1.792306722,-5.149326583,-23.95295201,12.36268108,-10.59027093,27684
Tommy Pham,,OF,384.230011,356.895,-3.140128613,-7.704322292,-7.344115622,-1.1455786,-4.825962908,-24.16010803,12.55672875,-10.60337928,2967
Edward Olivares,KCR,OF,351.269989,285.36,0.122847362,-8.533714412,-9.362766428,-1.217604996,-5.17772692,-24.16896539,12.55672875,-10.61223664,19698
Logan O'Hoppe,LAA,C,999,286.007,-1.025509726,-7.668575032,-8.457315149,-2.478550627,-4.001016951,-23.63096748,11.87087657,-10.76009091,24729
Nick Gordon,MIN,2B/OF,277.269989,320.936,-0.766820702,-8.313523389,-8.656886096,-0.552841116,-5.945469003,-24.23554031,12.36268108,-10.87285922,16337
Oswald Peraza,NYY,2B/SS,999,257.882,-0.754081131,-8.923833184,-9.667437868,0.382186182,-5.325369946,-24.28853595,12.36268108,-10.92585486,22823
Josh Smith,TEX,3B/OF,999,347.863,-1.806240373,-8.649781498,-7.84924111,-0.083372892,-6.130415228,-24.5190511,12.55672875,-10.96232235,26396
Brice Turang,MIL,SS,999,389.837,-1.627597353,-7.420899129,-6.780061207,1.237330028,-5.664162406,-20.25539007,8.249806128,-11.00558394,sa3008294
Robbie Grossman,,OF,676.5,393.392,-4.289641912,-7.963480949,-6.463233999,-0.70711155,-5.191101479,-24.61456989,12.55672875,-11.05784113,5254
Gabriel Moreno,ARI,C/2B/3B/OF/DH,999,292.176,1.517767183,-8.395621362,-9.015839514,-2.217382322,-5.961099484,-24.0721755,11.87087657,-11.20129892,22664
Mauricio Dubon,HOU,SS/OF,727.9500122,304.873,-0.724412482,-8.239770778,-8.827908099,-1.554282811,-5.468057396,-24.81443157,12.55672875,-11.25770281,16530
Nolan Jones,COL,OF,999,267.51,-0.292494516,-8.464417343,-9.153792836,-2.211305994,-4.85400096,-24.97601165,12.55672875,-11.41928289,20529
Christian Vazquez,MIN,C,250.6399994,356.105,-0.550514976,-7.690265475,-8.356173836,-1.921807055,-5.7839685,-24.30272984,11.87087657,-11.43185327,9774
Aaron Hicks,NYY,OF,656.7700195,357.737,-3.55283146,-7.890230225,-7.511544488,-1.112061633,-5.003899524,-25.07056733,12.55672875,-11.51383858,5297
Ezequiel Duran,TEX,3B,999,326.244,-1.417682049,-7.481621037,-8.557724374,-0.615656224,-4.634208769,-22.70689245,9.970805717,-11.73608674,23733
David Fletcher,LAA,2B/SS,571.9099731,348.89,0.894832143,-9.296591383,-7.850079892,-1.405159862,-7.48377288,-25.14077187,12.36268108,-11.77809079,17992
Nick Maton,DET,OF,999,425.877,-4.254766196,-6.838032323,-7.192414323,-2.016281259,-5.072262182,-25.37375628,12.55672875,-11.81702753,21635
Josh Harrison,CHW,2B/3B,733.3200073,350.386,-0.168129534,-8.246108594,-8.252751727,-2.061950881,-6.455229002,-25.18416974,12.36268108,-11.82148865,8202
Christian Bethancourt,TBR,C/1B,330.5899963,286.757,-1.013513854,-7.796146814,-9.2061814,-2.257362619,-4.492568217,-24.7657729,11.87087657,-11.89489633,10028
Dylan Moore,SEA,SS/OF,449.8200073,290.897,-4.171231184,-9.345578398,-9.19626334,2.593059539,-5.598136156,-25.71814954,12.55672875,-12.16142079,18042
Nicky Lopez,KCR,2B/3B/SS,515.8200073,355.855,-0.409861266,-9.339617197,-8.420330786,0.375993403,-7.857733827,-25.65154967,12.36268108,-12.28886859,19339
Ryan Noda,OAK,1B/OF,999,315.274,-3.900161613,-8.103497765,-8.331711286,-1.559043293,-3.96367322,-25.85808718,12.55672875,-12.30135842,sa873960
Patrick Wisdom,CHC,3B,413.3200073,339.368,-5.206013797,-6.373512637,-7.749519653,-1.592753669,-2.371710325,-23.29351008,9.970805717,-12.32270437,13602
Joey Bart,SFG,C,345.730011,365.357,-4.107035655,-7.170609265,-7.72557416,-2.120624674,-4.069782617,-25.19362637,11.87087657,-12.3227498,21524
Jace Peterson,OAK,3B,472.5899963,399.633,-3.316097994,-7.389399155,-7.387962893,0.170906048,-5.418467067,-23.34102106,9.970805717,-12.37021535,12325
Orlando Arcia,ATL,2B,650.0900269,286.96,-0.818143266,-8.318334001,-8.978640942,-2.595356372,-5.052361892,-25.76283647,12.36268108,-12.40015539,13185
Endy Rodriguez,PIT,C,999,257.933,0.313218238,-8.493261067,-9.265906841,-2.792664598,-5.060015968,-25.29863024,11.87087657,-12.42775366,sa3008272
Tyler Naquin,,OF,692.3599854,291.331,-1.352107816,-8.35792959,-9.082643304,-2.025840886,-5.190980846,-26.00950244,12.55672875,-12.45277369,13359
Jose Iglesias,,SS,596.8200073,413.731,1.259698928,-6.954999055,-7.277635198,-2.114741848,-6.626760521,-21.71443769,8.249806128,-12.46463156,10231
Brad Miller,TEX,3B/OF/DH,701.5,318.3,-3.369449115,-7.919179273,-8.746022653,-1.920607292,-4.131538866,-26.0867972,12.55672875,-12.53006845,12775
Yasmani Grandal,CHW,C/DH,293.8200073,337.081,-3.076993588,-7.529917858,-7.808405903,-3.015555523,-4.036870052,-25.46774292,11.87087657,-12.59686635,11368
Mitch Garver,TEX,DH,405.0499878,414.578,-4.236784577,-5.04956343,-6.000278218,-2.248189994,-2.181164442,-19.71598066,6.033740274,-12.68224039,15161
Nick Pratto,KCR,1B,999,298.747,-3.583478642,-7.826810576,-8.61512593,-2.21664698,-3.784930972,-26.0269931,12.24404145,-12.78295165,22117
Anthony Volpe,NYY,SS,999,289.001,-1.564882039,-8.166038913,-8.409552195,0.943032036,-4.842278003,-22.03971911,8.249806128,-12.78991299,sa3010868
Will Brennan,CLE,OF/DH,999,250.52,1.354345179,-9.557507441,-9.932178129,-1.561520331,-6.663459592,-26.36032031,12.55672875,-12.80359156,25660
Jose Trevino,NYY,C,365.1400146,315.895,-1.255542749,-8.048905417,-8.848777512,-2.279152412,-5.381566684,-25.81394477,11.87087657,-12.9430682,16725
J.D. Davis,SFG,3B/DH,406.6400146,339.578,-1.598276035,-7.328238395,-7.814472707,-2.715606846,-4.480644332,-23.93723832,9.970805717,-12.9664326,16219
David Villar,SFG,3B,999,324.573,-2.754331091,-7.034168691,-8.014948094,-2.752374717,-3.482394237,-24.03821683,9.970805717,-13.06741111,24782
Austin Slater,SFG,OF,632.2700195,261.111,-1.277502251,-10.04233758,-9.266336901,-0.291401983,-6.139559742,-27.01713846,12.55672875,-13.4604097,16153
Trevor Larnach,MIN,OF,559.6400146,328.305,-3.020075038,-7.946433557,-8.565168356,-2.886596961,-4.781368109,-27.19964202,12.55672875,-13.64291327,21501
Austin Nola,SDP,C,406.9100037,302.073,0.179211301,-8.682725693,-8.878596939,-2.714987587,-6.42864124,-26.52574016,11.87087657,-13.65486358,15941
Jesus Aguilar,,1B/DH,658.2700195,267.366,-1.291310672,-8.357427704,-9.442564768,-3.132787096,-4.70510934,-26.92919958,12.24404145,-13.68515813,11342
Gary Sanchez,,C/DH,346.730011,318.191,-4.981366064,-7.132812967,-8.411530965,-2.923093912,-3.110246248,-26.55905016,11.87087657,-13.68817358,11442
Mike Zunino,CLE,C,459.230011,316.166,-5.86955785,-6.804774549,-8.524892883,-2.941942293,-2.497075737,-26.63824331,11.87087657,-13.76736674,13265
Lenyn Sosa,CHW,2B/SS,999,257.534,-0.262980947,-9.0486019,-9.85235804,-2.581229764,-5.423502937,-27.16867359,12.36268108,-13.8059925,22896
Carson Kelly,ARI,C,416.5,311.585,-2.2417798,-8.065178037,-8.662587677,-2.846345744,-4.900529351,-26.71642061,11.87087657,-13.84554404,13620
Emmanuel Rivera,ARI,3B,999,305.016,-1.423421835,-7.713441629,-8.70066935,-2.486794316,-4.634369742,-24.95869687,9.970805717,-13.98789116,19890
Cesar Hernandez,,2B,708.8200073,344.158,-1.305579943,-9.42962208,-8.056192023,-1.80465297,-6.784151996,-27.38019901,12.36268108,-14.01751793,10556
Elly  De La Cruz,CIN,3B/SS,999,223.319,-0.247339801,-9.16353994,-10.22144496,-0.378948344,-4.992176567,-25.00344961,9.970805717,-14.03264389,sa3009289
Ben Gamel,,OF/DH,748.7299805,315.934,-1.956125132,-8.833096216,-8.690599866,-1.998710015,-6.113052466,-27.5915837,12.55672875,-14.03485494,12160
Josh Lowe,TBR,OF,426.730011,260.138,-2.266508163,-9.365072987,-9.753454436,-0.674330017,-5.623233289,-27.68259889,12.55672875,-14.12587014,19953
Martin Maldonado,HOU,C,607.7299805,380.719,-6.601051911,-6.833346983,-7.304313708,-2.615172397,-3.645546342,-26.99943134,11.87087657,-14.12855477,6887
Stone Garrett,WSN,OF/DH,999,211.675,-1.366602896,-9.540209106,-10.58504574,-1.676313553,-4.657251291,-27.82542258,12.55672875,-14.26869383,19273
Jesus Sanchez,MIA,OF,403.5499878,235.892,-1.006762727,-8.944540998,-10.21088099,-2.86349123,-4.902583961,-27.9282599,12.55672875,-14.37153115,19913
Eric Haase,DET,C,288.0499878,287.73,-2.758039215,-8.098644864,-9.487014452,-2.983819031,-3.952635261,-27.28015282,11.87087657,-14.40927625,14111
Adam Engel,SDP,OF,744.9099731,277.851,-2.385974173,-9.511699707,-9.900809172,0.308688918,-6.509049184,-27.99884332,12.55672875,-14.44211456,15082
Michael Toglia,COL,1B/OF,999,217.309,-1.188020257,-9.229866782,-10.32333929,-2.581578104,-4.739069187,-28.06187362,12.55672875,-14.50514486,25845
Nick Fortes,MIA,C,324,253.368,-0.930324846,-9.131746335,-10.00223035,-1.940578062,-5.453152252,-27.45803185,11.87087657,-14.58715527,21538
Romy Gonzalez,CHW,2B,999,251.62,-2.180236397,-9.475827574,-10.01840932,-1.049440119,-5.380922025,-28.10483543,12.36268108,-14.74215435,21562
Donovan Solano,,1B/DH,740.3200073,282.973,1.033546825,-9.328719713,-9.810791155,-3.039551434,-6.902950953,-28.04846643,12.24404145,-14.80442498,8623
Yan Gomes,CHC,C,458.5499878,281.823,-1.185656368,-8.645807497,-9.86690212,-2.819872842,-5.369118774,-27.8873576,11.87087657,-15.01648103,9627
Connor Joe,PIT,1B/OF/DH,580.4500122,278.709,-1.695210593,-10.0004831,-8.721000368,-2.088152817,-6.092708829,-28.59755571,12.55672875,-15.04082695,16572
Keston Hiura,MIL,1B/DH,494.3599854,252.52,-3.136158179,-8.913228533,-9.888567227,-1.979474678,-4.432906917,-28.35033554,12.24404145,-15.10629409,20003
Jacob Stallings,PIT,C,577,360.342,-2.327048284,-8.35947754,-8.430722815,-2.721257462,-6.251993749,-28.09049985,11.87087657,-15.21962328,13723
Luis Campusano,SDP,C/DH,999,252.102,-1.005847625,-8.948536143,-9.831316274,-3.038622545,-5.323153979,-28.14747657,11.87087657,-15.27659999,22217
Chad Pinder,,OF,725.6400146,279.93,-2.327402143,-8.71698724,-9.830348228,-2.84375267,-5.206288613,-28.9247789,12.55672875,-15.36805014,15191
Miguel Sano,,1B/DH,676,251.782,-3.568449691,-8.597217842,-9.807434797,-2.752993977,-3.90050702,-28.62660333,12.24404145,-15.38256188,12164
Sean Bouchard,COL,OF,999,188.425,-0.026380408,-10.15602051,-10.76422124,-2.307986224,-5.688010752,-28.94261913,12.55672875,-15.38589037,21270
Jorge Mateo,BAL,SS,217.0899963,295.037,-2.864960882,-9.124237184,-9.431398794,2.839598059,-6.109064455,-24.69006326,8.249806128,-15.44025713,17273
Francisco Mejia,TBR,C,445.1400146,282.182,-1.394982559,-8.681386796,-9.755670396,-3.013001136,-5.666337842,-28.51137873,11.87087657,-15.64050215,16403
Rougned Odor,,2B,746.7299805,292.971,-3.824077509,-8.481213392,-9.506055288,-2.406988653,-4.815649902,-29.03398474,12.36268108,-15.67130366,12282
Stuart Fairchild,CIN,OF,743.5900269,231.364,-2.205334851,-9.587522899,-10.46979081,-1.965580235,-5.26462064,-29.49284944,12.55672875,-15.93612068,20321
Dalton Guthrie,PHI,2B/3B/OF,999,257.301,-1.540038629,-10.08371092,-10.1997581,-0.98445765,-6.538900004,-29.3468653,12.36268108,-15.98418422,21293
Luis Guillorme,NYM,2B/3B,745.8599854,284.56,0.404815671,-9.8780782,-9.686220586,-2.760424952,-7.446912547,-29.36682061,12.36268108,-16.00413953,16451
Nick Ahmed,ARI,SS/DH,675.5900269,373.307,-3.156010482,-7.689554535,-7.794679265,-0.935072656,-5.719714678,-25.29503162,8.249806128,-16.04522549,12147
Manny Pina,OAK,C,725.5,292.975,-3.10007308,-8.750119343,-9.590027429,-2.555724507,-4.989236031,-28.98518039,11.87087657,-16.11430381,2829
Cristian Pache,OAK,OF,738.7299805,277.633,-2.627066249,-9.397096391,-10.14637974,-1.905048664,-5.825743588,-29.90133463,12.55672875,-16.34460588,19948
Omar Narvaez,NYM,C,425.3200073,305.786,-2.040601695,-9.024275954,-9.179223023,-2.869877234,-6.151081195,-29.2650591,11.87087657,-16.39418253,13338
Bo Naylor,CLE,C/DH,999,232.626,-2.340206516,-9.648139882,-10.15485661,-1.814096423,-5.375765522,-29.33306495,11.87087657,-16.46218838,21865
Nate Eaton,KCR,OF,999,226.317,-1.231782562,-10.65555497,-10.98253223,-0.267444736,-6.884540909,-30.0218554,12.55672875,-16.46512665,25055
Daniel Vogelbach,NYM,DH,598.7700195,350.031,-3.555004502,-6.734765742,-7.063003114,-3.093309976,-3.17010886,-23.61619219,6.033740274,-16.58245192,14130
Jordan Luplow,ATL,OF,999,207.357,-2.267759238,-10.20494488,-10.43216136,-2.157315172,-5.329438443,-30.3916191,12.55672875,-16.83489034,16424
Rob Refsnyder,BOS,OF,731.2700195,216.512,-0.282190151,-10.43967307,-10.59829881,-2.709956185,-6.397219304,-30.42733752,12.55672875,-16.87060877,13770
Kyle Farmer,MIN,3B/SS,406.1799927,290.37,-0.697402989,-8.9604378,-9.688888355,-2.527432536,-6.222062444,-28.09622412,9.970805717,-17.12541841,14813
Reese McGuire,BOS,C,486.9500122,291.588,-1.504267926,-9.228528285,-9.776539809,-2.856679469,-6.631634841,-29.99765033,11.87087657,-17.12677376,15674
Tom Murphy,SEA,C/DH,692.8200073,247.762,-2.515794601,-9.418598925,-10.21550701,-2.856640759,-5.04478811,-30.0513294,11.87087657,-17.18045283,13499
Kyle Higashioka,NYY,C,591.2700195,215.527,-2.063485606,-9.55031187,-10.79156659,-2.872857356,-4.950401671,-30.22862309,11.87087657,-17.35774652,5517
Jarren Duran,BOS,OF,558.6799927,194.359,-1.03081669,-11.3209179,-11.07403453,-1.057064641,-6.92824959,-31.41108335,12.55672875,-17.8543546,24617
Jake Meyers,HOU,OF,696.3200073,212.181,-1.355013743,-10.40574585,-11.03386657,-2.285073994,-6.38054154,-31.46024169,12.55672875,-17.90351294,20308
Mike Moustakas,,1B/3B/DH,715.4099731,301.076,-3.642891056,-8.321492935,-9.327030389,-2.780666689,-4.944721526,-29.01680259,9.970805717,-18.04599688,4892
Max Stassi,LAA,C,548.0499878,293.105,-4.103742025,-8.885785544,-9.63785522,-3.111887436,-5.233803024,-30.97307325,11.87087657,-18.10219667,10059
Sam Haggerty,SEA,OF,696.2700195,199.043,-1.753906713,-11.37333554,-11.53150457,-0.16538495,-7.076093735,-31.90022552,12.55672875,-18.34349676,18054
Kole Calhoun,,OF/DH,999,248.053,-3.819530411,-9.605406902,-10.53967068,-2.639400519,-5.326135238,-31.93014375,12.55672875,-18.373415,11200
Nelson Velazquez,CHC,OF,999,184.486,-1.901615709,-10.80866592,-11.61330384,-1.717958126,-5.925528181,-31.96707178,12.55672875,-18.41034303,23359
Connor Wong,BOS,C,999,173.188,-0.486829534,-10.76785711,-11.57567439,-2.452735601,-6.094602274,-31.37769891,11.87087657,-18.50682233,19896
Jacob Alu,WSN,2B/3B,999,177.341,0.319203152,-11.20075115,-11.80545297,-2.381134964,-6.845867905,-31.91400383,12.36268108,-18.55132275,sa3010009
James McCann,BAL,C,603.5499878,246.504,-1.818117876,-10.13548025,-10.74939729,-2.443059892,-6.335543734,-31.48159905,11.87087657,-18.61072247,12859
Brian Serven,COL,C,999,204.493,-1.75015717,-10.20933739,-10.97732554,-2.942948601,-5.698081915,-31.57785062,11.87087657,-18.70697404,19422
Ryan Jeffers,MIN,C,510.3200073,236.547,-3.032808669,-9.733898676,-10.58444332,-2.94387749,-5.297654223,-31.59268238,11.87087657,-18.72180581,24618
Victor Caratini,MIL,C,636,235.707,-1.802205039,-10.19812593,-10.69604068,-3.005415323,-6.177145123,-31.87893209,11.87087657,-19.00805552,14968
Isiah Kiner-Falefa,NYY,SS,431.3200073,256.257,0.456318899,-10.53578557,-10.2874309,-0.385489185,-7.535256462,-28.28764321,8.249806128,-19.03783708,16512
Gilberto Celestino,MIN,OF,999,204.917,-0.665427309,-11.18500076,-11.44226091,-2.447665536,-7.213222156,-32.95357667,12.55672875,-19.39684792,20233
Taylor Walls,TBR,2B/3B/SS,571.6799927,231.516,-3.22995308,-10.8255669,-10.94410667,-1.306157526,-6.828384318,-33.13416849,12.36268108,-19.7714874,22458
Austin Hedges,PIT,C,671.6799927,274.39,-4.671562849,-9.602771398,-10.27144521,-2.496199198,-5.604863583,-32.64684224,11.87087657,-19.77596566,12976
Donny Sands,DET,C/DH,999,215.169,-1.178319073,-10.73658653,-11.23231928,-2.954869137,-6.553241167,-32.65533518,11.87087657,-19.78445861,18603
Matt Duffy,,1B/3B,745.4500122,267.375,-0.043796447,-10.25750854,-10.49134841,-2.562226592,-7.449007304,-30.80388729,9.970805717,-19.83308157,13836
Vidal Brujan,TBR,2B/OF,522.6400146,144.483,-0.918156921,-12.28702269,-12.58183733,-0.137750717,-7.477246765,-33.40201442,12.36268108,-20.03933334,20536
Edmundo Sosa,PHI,3B/SS,688.5900269,225.61,-1.177158165,-10.39716989,-11.05034674,-1.708166242,-6.683682404,-31.01652344,9.970805717,-20.04571772,17022
Nelson Cruz,,DH,576.7299805,272.561,-1.341027347,-8.463664114,-9.497298555,-2.83632165,-4.993546179,-27.13185784,6.033740274,-20.09811757,2434
Tucker Barnhart,CHC,C,624.4099731,293.345,-3.004157852,-10.0667892,-10.11927117,-2.864807122,-6.936910801,-32.99193615,11.87087657,-20.12105957,10200
Alek Thomas,ARI,OF,999,147.641,0.159527734,-11.85916985,-12.40937414,-2.396925848,-7.223655795,-33.7295979,12.55672875,-20.17286914,23792
Cavan Biggio,TOR,1B/2B,597.5900269,194.575,-2.084132684,-11.19106649,-11.20353232,-2.579139821,-6.618300621,-33.67617194,12.36268108,-20.31349085,19252
Ildemaro Vargas,WSN,3B,748.0499878,236.52,-0.540869729,-10.43655642,-11.0263795,-2.391468688,-6.968816039,-31.36409038,9.970805717,-20.39328466,13324
Jordan Groshans,MIA,3B,999,242.993,0.11047508,-10.50062438,-10.77312816,-2.980645361,-7.280094376,-31.4240172,9.970805717,-20.45321148,23794
Curt Casali,CIN,C,741.4500122,238.439,-3.368072504,-10.36405853,-10.73773642,-2.884545682,-5.977656423,-33.33206956,11.87087657,-20.46119298,12510
Austin Barnes,LAD,C,679.7299805,187.578,-1.639723705,-11.07815794,-11.52896566,-2.593963108,-6.533058695,-33.3738691,11.87087657,-20.50299253,12158
Miguel Cabrera,DET,DH,749.0499878,328.895,-1.047796513,-8.275475748,-9.319801437,-3.114054821,-5.982973898,-27.74010242,6.033740274,-20.70636214,1744
Andrelton Simmons,,P/2B/SS/DH,999,224.088,-1.416156544,-11.39213954,-11.54712422,-1.977926484,-7.776641173,-34.10998795,12.36268108,-20.74730687,10847
Darick Hall,PHI,DH,999,226.398,-1.833345524,-8.866437771,-10.18674139,-2.87773392,-4.077597665,-27.84185627,6.033740274,-20.808116,19717
Mike Siani,CIN,OF,999,148.269,-1.174721033,-12.1720639,-12.69758695,-1.073048935,-7.270345543,-34.38776636,12.55672875,-20.8310376,22557
Blake Sabol,SFG,C/OF,999,171.036,-0.758982447,-11.421235,-11.96552321,-2.709298216,-6.847680672,-33.70271955,11.87087657,-20.83184297,sa3010269
Carter Kieboom,WSN,3B,719.9500122,230.263,-1.579337663,-10.45736836,-10.84296536,-2.747885156,-6.279870637,-31.90742718,9.970805717,-20.93662146,19958
Franmil Reyes,,DH,517.2299805,226.6,-1.577874274,-8.793459135,-10.33523694,-2.837831089,-4.449141718,-27.99354315,6.033740274,-20.95980288,14566
Matt Wallner,MIN,OF/DH,999,154.443,-1.482207789,-11.6125819,-12.21492329,-2.844217092,-6.450555993,-34.60448606,12.55672875,-21.04775731,26466
Ryan Kreidler,DET,2B/3B/SS/OF,999,184.692,-2.10238023,-11.5790313,-12.04024413,-1.86185608,-6.882929646,-34.46644138,12.36268108,-21.1037603,25867
Elehuris Montero,COL,3B,999,149.988,0.095244944,-11.01360844,-12.05341144,-3.053987671,-6.081711209,-32.10747382,9.970805717,-21.13666811,20543
Jorge Alfaro,,C,547.5499878,173.145,-0.93392755,-11.32020697,-12.30029394,-2.751213618,-6.823953152,-34.12959523,11.87087657,-21.25871865,12180
Alejo Lopez,CIN,2B,999,158.183,0.449346551,-12.17915475,-12.54762866,-2.569115773,-7.821477814,-34.66803045,12.36268108,-21.30534936,21127
Francisco Alvarez,NYM,C/DH,999,140.523,-1.184627167,-11.57691843,-12.28940743,-3.118583069,-6.151000516,-34.3205366,11.87087657,-21.44966003,26121
Gabriel Arias,CLE,1B/2B/3B/SS,999,139.328,-0.605509903,-11.96528059,-12.79050951,-2.863336392,-7.013934671,-35.23857107,12.36268108,-21.87588999,22563
Tomas Nido,NYM,C,745.2700195,208.141,-1.961346128,-11.10505675,-11.79777221,-2.907109572,-7.129994404,-34.90127906,11.87087657,-22.03040249,13755
Leury Garcia,CHW,2B/OF,748.3599854,175.899,-0.304680159,-11.99554719,-12.52972823,-2.775054737,-7.80189947,-35.40690979,12.36268108,-22.0442287,5913
Jackie Bradley Jr.,,OF,999,191.09,-2.504302907,-11.52874728,-12.04480531,-2.427346426,-7.096518051,-35.60171997,12.55672875,-22.04499122,12984
Tyler Freeman,CLE,2B/3B/SS/DH,999,137.31,0.564881122,-12.40896739,-12.95968057,-2.782717922,-7.899871392,-35.48635616,12.36268108,-22.12367508,22532
Nick Solak,CIN,OF,641.8599854,120.589,-0.215335706,-12.47866222,-13.1563047,-2.606386775,-7.233243559,-35.68993297,12.55672875,-22.13320421,19294
Bobby Dalbec,BOS,1B/3B,538.9099731,161.143,-1.752569192,-10.87622713,-11.94936558,-2.966170414,-5.63886377,-33.18319609,9.970805717,-22.21239037,19966
Travis Jankowski,,OF,999,163.218,-1.176572987,-12.61702676,-12.50784768,-1.378029083,-8.107175429,-35.78665194,12.55672875,-22.22992319,13768
Nomar Mazara,BAL,OF,748,146.608,-0.691710585,-11.98554876,-12.78360331,-3.214024826,-7.113316641,-35.78820412,12.55672875,-22.23147537,14553
David Hensley,HOU,2B/3B/SS/OF/DH,999,145.201,-0.773800454,-12.31484189,-12.56834747,-2.316113831,-7.64551513,-35.61861878,12.36268108,-22.2559377,25111
Odubel Herrera,,OF,999,121.471,-0.057473756,-12.61378465,-13.11542641,-2.614204798,-7.450618664,-35.85150827,12.55672875,-22.29477952,11476
Dermis Garcia,OAK,1B,999,146.331,-2.218244541,-11.63169948,-12.67820202,-2.936910937,-6.082959996,-35.54801697,12.24404145,-22.30397553,20926
Luis Gonzalez,SFG,OF,999,137.484,-0.890027565,-12.47889222,-12.87273925,-2.144117407,-7.487519335,-35.87329578,12.55672875,-22.31656703,20332
David Hamilton,BOS,2B/SS,999,111.659,-0.722660909,-13.03582269,-13.36467588,-0.743415046,-7.933226968,-35.7998015,12.36268108,-22.43712042,sa3014434
Brandon Dixon,SDP,3B/OF/DH,999,104.275,-0.527550971,-12.4498179,-13.35262742,-2.751678085,-6.97050798,-36.05218236,12.55672875,-22.49545361,15214
Pavin Smith,ARI,OF/DH,710.5900269,131.009,-0.510049874,-12.36014774,-12.86852236,-3.150474399,-7.24569147,-36.13488585,12.55672875,-22.57815709,19892
Jose Azocar,SDP,OF,999,122.526,-0.428872122,-12.7419,-13.26032882,-1.872538051,-7.875579891,-36.17921889,12.55672875,-22.62249013,18821
Korey Lee,HOU,C,999,146.661,-1.895018505,-11.80727525,-12.57826553,-2.574689015,-6.651293672,-35.50654198,11.87087657,-22.6356654,25543
Andrew Knizner,STL,C,730.8599854,176.521,-1.481148544,-11.71436277,-12.13852398,-3.006073292,-7.247544576,-35.58765317,11.87087657,-22.71677659,19514
Riley Adams,WSN,C,741.7700195,165.819,-2.23028636,-11.60892148,-12.28433001,-3.010949879,-6.488786034,-35.62327376,11.87087657,-22.75239719,19864
Harold Castro,,1B/3B,676.7700195,162.163,1.330001638,-11.75517159,-12.46242995,-3.124543337,-7.732086521,-33.74422976,9.970805717,-22.77342404,14691
Jordan Diaz,OAK,1B/2B/DH,999,127.292,0.201632386,-12.42503156,-13.24578494,-3.236317785,-7.436196822,-36.14169872,12.36268108,-22.77901764,22650
Roberto Perez,,C,748.2299805,195.726,-3.29435419,-11.2270224,-11.90876715,-2.899098048,-6.396454012,-35.7256958,11.87087657,-22.85481923,2900
Darin Ruf,NYM,1B/OF/DH,724.2700195,130.267,-1.344822819,-12.2345843,-12.85539814,-3.108249368,-6.950245021,-36.49329965,12.55672875,-22.9365709,9929
Kevin Plawecki,,C,749.5,142.364,-0.130818785,-12.31385886,-12.86041113,-3.068501328,-7.61638936,-35.98997947,11.87087657,-23.11910289,13807
Jake Rogers,DET,C,728.5,140.671,-2.204650014,-12.0989179,-12.76796192,-2.507694022,-6.614513922,-36.19373778,11.87087657,-23.32286121,19452
Robinson Cano,ATL,2B,999,129.736,-0.210009958,-12.50234006,-13.30467098,-3.116880152,-7.606801691,-36.74070285,12.36268108,-23.37802177,3269
Jonah Bride,OAK,2B/3B,999,141.729,-0.66141784,-12.6444905,-12.85541968,-3.105888482,-7.623479455,-36.89069596,12.36268108,-23.52801487,24703
Jake Burger,CHW,3B,609,145.1,-0.767192188,-11.60427763,-12.52073512,-3.17946298,-6.431461142,-34.50312907,9.970805717,-23.53232335,22275
Justin Upton,SEA,OF/DH,999,137.241,-2.176178505,-12.27832126,-12.94302805,-2.947399453,-6.808846312,-37.15377358,12.55672875,-23.59704482,5222
Evan White,SEA,1B,735.6300049,119.651,-1.573975159,-12.30637066,-13.26241592,-3.038467753,-6.721710941,-36.90294043,12.24404145,-23.65889899,20078
Tyler Nevin,DET,3B,999,175.981,-1.281586595,-11.48942377,-12.14994848,-3.010795064,-6.71478201,-34.64653593,9.970805717,-23.67573021,17893
Isan Diaz,SFG,2B/3B,747.4299927,124.671,-1.41474998,-12.51392794,-13.12949714,-2.858188908,-7.122984891,-37.03934886,12.36268108,-23.67666777,17922
Seby Zavala,CHW,C,682.1799927,187.433,-3.359690055,-11.48982113,-12.08032632,-3.096328808,-6.575035095,-36.60120141,11.87087657,-23.73032484,18887
Luke Maile,CIN,C,749.9299927,175.522,-1.963076903,-11.95199855,-12.4048347,-3.059560914,-7.38008057,-36.75955164,11.87087657,-23.88867506,13355
Victor Reyes,CHW,OF,747.8599854,107.978,-0.212577165,-13.10762999,-13.58281472,-2.728881984,-7.842748005,-37.47465187,12.55672875,-23.91792312,15487
Enmanuel Valdez,BOS,2B/3B,999,91.9548,-0.344035342,-12.93383237,-13.6892056,-3.064321396,-7.376938338,-37.40833305,12.36268108,-24.04565197,sa917288
Alec Burleson,STL,1B/OF/DH,999,79.5328,0.32303103,-13.18276299,-14.02937651,-3.1910352,-7.560877332,-37.641021,12.55672875,-24.08429225,27615
Salvatore Frelick,MIL,OF,999,85.3866,0.438236849,-13.3979549,-13.96737089,-2.708524165,-8.014601661,-37.65021476,12.55672875,-24.09348601,sa3017047
Zachary Gelof,OAK,2B/3B,999,111.659,-0.886167283,-12.88503347,-13.59497049,-2.837211829,-7.412469301,-37.61585237,12.36268108,-24.25317129,sa3017286
Will Benson,CLE,OF,999,96.9456,-1.122796577,-13.0386882,-13.59867114,-2.688398556,-7.369405183,-37.81795966,12.55672875,-24.2612309,21853
Kody Clemens,PHI,P/1B/2B/3B/OF/DH,999,99.4476,-1.029071446,-12.77099527,-13.65923537,-3.010524144,-7.163309689,-37.63313592,12.36268108,-24.27045483,20572
J.J. Bleday,MIA,OF,999,121.198,-1.83792817,-12.57774495,-13.26719213,-2.992140185,-7.17325993,-37.84826537,12.55672875,-24.29153662,26368
Jonathan Villar,,2B/3B,709.4500122,94.9138,-0.42921309,-13.36628696,-13.85207288,-2.197875973,-7.828326163,-37.67377506,12.36268108,-24.31109398,10071
Tucupita Marcano,PIT,2B/OF,999,119.243,-0.731873003,-13.08579294,-13.40415546,-2.499759824,-7.967307641,-37.68888886,12.36268108,-24.32620778,22871
Raimel Tapia,,OF,665.4500122,88.2716,0.267318341,-13.54437257,-13.95560229,-2.564471373,-8.199225509,-37.9963534,12.55672875,-24.43962465,14350
Carlos Perez,CHW,C,999,101.91,-0.494374411,-12.83711326,-13.62806031,-3.156821693,-7.359696593,-37.47606626,11.87087657,-24.60518969,20805
Nick Madrigal,CHC,2B,622.9099731,101.249,0.531943339,-13.54579484,-13.74254087,-2.83775367,-8.4042736,-37.99841965,12.36268108,-24.63573856,20521
Jordan Westburg,BAL,3B/SS,999,124.796,-0.553399065,-12.31628512,-12.93911237,-2.756941698,-7.074643445,-35.64038169,9.970805717,-24.66957597,sa3014499
Jake Cave,PHI,OF,746.6400146,97.8395,-0.842274583,-13.09355303,-13.81078586,-2.971472736,-7.582429608,-38.30051582,12.55672875,-24.74378706,14477
Justyn-Henry Malloy,DET,3B/OF,999,98.523,-0.51358452,-13.22947017,-13.7714138,-3.140101988,-7.67258629,-38.32715677,12.55672875,-24.77042802,sa3017073
Brett Phillips,LAA,OF,750.5900269,115.396,-2.485778484,-12.94780481,-13.4506707,-2.164668774,-7.282712871,-38.33163564,12.55672875,-24.77490689,14735
Estevan Florial,NYY,OF/DH,740.5900269,78.6293,-0.875481335,-13.53788833,-14.18434799,-2.146207443,-7.750174236,-38.49409933,12.55672875,-24.93737058,19151
Mark Mathias,TEX,1B/2B/3B/OF/DH,749.9099731,91.9863,-0.770351321,-13.31817845,-13.94878206,-2.604412914,-7.69023085,-38.3319556,12.36268108,-24.96927452,18032
Garrett Stubbs,HOU,C,747.5900269,120.056,-1.282029836,-12.93287029,-13.30783365,-2.707711404,-7.652403721,-37.8828489,11.87087657,-25.01197233,18067
Yu Chang,,2B,999,104.161,-0.965496196,-13.01285599,-13.74731709,-3.090175039,-7.56470437,-38.38054868,12.36268108,-25.0178676,14773
Hanser Alberto,,2B/3B,999,98.269,0.083044602,-13.3007337,-14.02799954,-2.997016773,-8.145204014,-38.38790942,12.36268108,-25.02522833,11902
Mickey Moniak,LAA,OF,745.3599854,83.9245,-0.92743229,-13.29159322,-14.08075394,-2.885281024,-7.538116608,-38.72317707,12.55672875,-25.16644832,19956
Jackson Frazier,,OF/DH,999,111.504,-1.673588919,-13.04753604,-13.60471682,-2.93985235,-7.528166366,-38.79386049,12.55672875,-25.23713174,15983
Jason Heyward,LAD,OF,999,91.0556,-0.637347941,-13.32179698,-14.00052513,-3.034326508,-7.818980145,-38.8129767,12.55672875,-25.25624795,4940
Kevin Smith,OAK,3B,745.5900269,142.282,-1.694952747,-12.1698467,-12.96462893,-2.519304929,-6.942268616,-36.29100193,9.970805717,-25.32019621,20242
Edwin Rios,,DH,677.1400146,197.347,-2.358369125,-10.32237161,-11.32702774,-2.882571821,-5.503668846,-32.39400914,6.033740274,-25.36026887,18316
Tommy La Stella,SEA,DH,748.3599854,213.073,-0.472199424,-11.05791052,-11.0762509,-2.966325252,-6.830761065,-32.40344716,6.033740274,-25.36970688,12371
Didi Gregorius,,SS,999,178.116,-1.219851041,-11.30983211,-12.20134725,-2.963422502,-6.925792356,-34.62024526,8.249806128,-25.37043914,6012
Jo Adell,LAA,OF,473.9100037,72.7685,-0.775792257,-13.41012864,-14.31444799,-2.970466474,-7.509877147,-38.98071251,12.55672875,-25.42398376,20220
Paul DeJong,STL,SS,714.7299805,169.802,-2.373188355,-11.24816947,-12.10792979,-2.704847364,-6.259446321,-34.69358129,8.249806128,-25.44377517,18015
Samad Taylor,KCR,2B,999,65.682,-0.30294141,-13.8480215,-14.43499567,-2.291847,-7.96924133,-38.84704691,12.36268108,-25.48436583,sa918192
Yainer Diaz,HOU,C/DH,999,67.6441,0.033786295,-13.43286515,-14.30769239,-3.249863854,-7.6209013,-38.5775364,11.87087657,-25.70665983,23003
Mike Brosseau,MIL,3B,750.5499878,134.256,-1.468289552,-12.28624871,-12.96359626,-2.954017667,-7.058449175,-36.73060136,9.970805717,-25.75979565,19683
Abraham Toro,MIL,2B/3B/DH,612.1400146,72.6766,-0.382696994,-13.58497193,-14.31786898,-3.044660232,-7.80641141,-39.13660955,12.36268108,-25.77392846,19844
Dee Strange-Gordon,,P/SS/OF/DH,999,84.7064,-0.243532457,-13.77928896,-14.35885469,-2.605535351,-8.38533989,-39.37255135,12.55672875,-25.81582259,8203
George Valera,CLE,OF,999,65.682,-0.442548728,-13.6741402,-14.36382459,-3.185345852,-7.718107738,-39.38396711,12.55672875,-25.82723836,sa3006872
Zach McKinstry,CHC,2B/3B,624.3599854,73.9794,-0.425416661,-13.76339215,-14.29555796,-2.927351263,-7.981084968,-39.39280301,12.36268108,-26.03012193,19392
Alan Trejo,COL,SS,999,120.597,-0.237496053,-12.17264957,-13.03442324,-2.845649112,-7.021790251,-35.31200823,8.249806128,-26.0622021,20056
Brett Wisely,SFG,2B,999,65.682,-0.289696915,-13.88286882,-14.50225107,-2.688475975,-8.084817521,-39.4481103,12.36268108,-26.08542921,sa1170003
Terrin Vavra,BAL,2B/OF/DH,999,79.596,-0.233249389,-13.80474465,-14.26296305,-3.014239632,-8.241806229,-39.55700294,12.36268108,-26.19432186,24400
Taylor Trammell,SEA,OF,743.6799927,64.5099,-0.741717587,-13.88452129,-14.55588754,-2.77911854,-7.879567998,-39.84081296,12.55672875,-26.28408421,19960
Geraldo Perdomo,ARI,SS,692.9099731,180.663,-1.598552502,-12.03468239,-12.12256004,-2.113774249,-7.703726235,-35.57329542,8.249806128,-26.32348929,22799
Cooper Hummel,SEA,OF,999,70.4602,-0.828933573,-13.87374918,-14.34323495,-2.95982312,-7.907122652,-39.91286347,12.55672875,-26.35613472,19458
Brett Baty,NYM,3B,999,89.7768,-0.078554578,-12.9723821,-13.75024318,-3.14873275,-7.379798579,-37.32971119,9.970805717,-26.35890547,26123
Yolbert Sanchez,CHW,2B/SS,999,78.8184,-0.088127745,-13.87460674,-14.44953975,-2.9583911,-8.354320819,-39.72498615,12.36268108,-26.36230507,sa3011471
Ryan Vilade,PIT,OF,999,78.2747,-0.614088426,-13.86027873,-14.38693151,-2.819292338,-8.265574088,-39.94616509,12.55672875,-26.38943634,22165
Ryan McKenna,BAL,OF,999,80.6506,-1.083705382,-13.71835829,-14.33090703,-2.923055203,-7.949501916,-40.00552783,12.55672875,-26.44879907,19928
Travis Swaggerty,PIT,OF,999,65.052,-0.54943648,-13.96965263,-14.57277664,-2.795064217,-8.148708723,-40.03563869,12.55672875,-26.47890994,24491
J.J. Matijevic,HOU,1B/OF/DH,999,52.2438,-0.510512415,-13.93790092,-14.70472718,-3.09063946,-7.814951699,-40.05873167,12.55672875,-26.50200291,20165
Luis Torrens,,C,999,78.3788,-0.660654795,-13.52251436,-14.30216316,-3.286399543,-7.771525009,-39.54325687,11.87087657,-26.6723803,15905
Robinson Chirinos,,C,999,106.055,-1.755227405,-13.23204304,-13.84469332,-3.11041673,-7.685356434,-39.62773693,11.87087657,-26.75686036,3142
Rafael Ortega,,OF/DH,696.0900269,49.0027,-0.278124271,-14.32435946,-14.7929595,-2.790961658,-8.195519344,-40.38192424,12.55672875,-26.82519548,10323
Canaan Smith-Njigba,PIT,OF,999,52.5511,-0.187185472,-14.21465094,-14.78551531,-2.962338821,-8.272583553,-40.4222741,12.55672875,-26.86554534,23264
Joseph Wiemer,MIL,OF,999,45.9774,-0.333875942,-14.18530463,-14.91832638,-2.967099303,-8.037201268,-40.44180752,12.55672875,-26.88507877,sa3014531
Sam Huff,TEX,C,610.9099731,62.074,-0.669446032,-13.70829732,-14.59115033,-3.283303298,-7.572882183,-39.82507917,11.87087657,-26.95420259,22209
Jeter Downs,WSN,2B/3B/SS/DH,999,58.297,-1.054659947,-14.04677283,-14.7313625,-2.780782771,-7.880373726,-40.49395177,12.36268108,-27.13127069,22202
Sam Hilliard,ATL,OF,724.5499878,51.5839,-0.729643088,-14.11726238,-14.82959926,-3.030494915,-7.990471229,-40.69747087,12.55672875,-27.14074212,17954
Tyler Heineman,,C,999,75.7733,-0.42015988,-13.85956759,-14.45111031,-3.080847599,-8.275725785,-40.08741117,11.87087657,-27.21653459,13897
Kevin Pillar,,OF,999,45.7242,-0.286470606,-14.2548321,-15.01269045,-3.180740185,-8.195599879,-40.93033321,12.55672875,-27.37360446,12434
Cal Stevenson,OAK,OF,999,52.3732,-0.40165935,-14.39252729,-14.91641152,-2.878778938,-8.374583922,-40.96396102,12.55672875,-27.40723227,22411
Lewin Diaz,,1B,744.0499878,45.8719,-0.49251219,-14.07281419,-14.93237556,-3.311363012,-7.854631934,-40.66369688,12.24404145,-27.41965544,18365
Richie Palacios,CLE,OF,999,44.7154,-0.095259813,-14.42199907,-15.03513042,-2.973291805,-8.462565264,-40.98824637,12.55672875,-27.43151762,24589
Zack Short,DET,2B/SS/DH,999,71.1929,-1.172842327,-13.98494282,-14.55747965,-3.041447876,-8.074343543,-40.83105621,12.36268108,-27.46837513,19562
Ceddanne Rafaela,BOS,3B/OF,999,32.841,-0.022943763,-14.4773239,-15.23280867,-3.088317284,-8.294820636,-41.11621425,12.55672875,-27.5594855,sa3005581
Brent Rooker,OAK,OF/DH,999,40.5138,-0.490647739,-14.32630477,-15.06596119,-3.270028149,-8.016615884,-41.16955773,12.55672875,-27.61282898,19627
Charlie Culberson,,3B,999,96.8927,-0.613539502,-13.34401065,-14.02692377,-2.633246726,-7.979312444,-38.5970331,9.970805717,-27.62622738,3298
Derek Hill,WSN,OF,999,45.1817,-0.484986374,-14.43136975,-15.07572895,-2.979368179,-8.281325299,-41.25277855,12.55672875,-27.6960498,16947
Michael Busch,LAD,2B,999,39.4092,-0.288891918,-14.32655572,-15.05524682,-3.293946641,-8.129211056,-41.09385215,12.36268108,-27.73117107,sa3011540
Israel Pineda,WSN,C,999,60.1754,-0.761875321,-13.95908967,-14.74539013,-3.243323036,-7.90486673,-40.61454489,11.87087657,-27.74366832,22906
Parker Meadows,DET,OF,999,39.4092,-0.268163399,-14.46805785,-15.17566534,-3.165607292,-8.296955684,-41.37444956,12.55672875,-27.8177208,sa3007943
Nathan Lukes,TOR,OF,999,39.4092,-0.180836002,-14.52419844,-15.1630791,-3.125781856,-8.443550971,-41.43744637,12.55672875,-27.88071762,sa875215
Cam Gallagher,,C,999,71.8008,-0.86356235,-13.93478427,-14.58222166,-3.191499645,-8.213768224,-40.78583615,11.87087657,-27.91495957,12981
Yoshi Tsutsugo,TEX,1B,999,47.5287,-0.525402698,-14.25987301,-14.95373977,-3.324018914,-8.096056888,-41.15909128,12.24404145,-27.91504983,27459
Pedro Severino,,C/1B/DH,749.75,60.9854,-0.61107583,-14.0197274,-14.75225345,-3.254508219,-8.155677945,-40.79324285,11.87087657,-27.92236627,14523
Jake Marisnick,,OF,999,38.8223,-0.43797206,-14.50667021,-15.2192113,-3.047911298,-8.308557624,-41.52032249,12.55672875,-27.96359373,11339
Stephen Piscotty,,OF,999,39.6454,-0.417958555,-14.42300304,-15.20419397,-3.269757229,-8.227827494,-41.54274029,12.55672875,-27.98601153,13367
Ryan O'Hearn,,1B/OF/DH,748.1400146,33.2867,-0.293551751,-14.47870449,-15.26727546,-3.319684173,-8.1898392,-41.54905507,12.55672875,-27.99232631,16442
Tyler Wade,OAK,2B,750.5900269,38.68,-0.363516889,-14.67343972,-15.27056723,-2.634059487,-8.534795371,-41.4763787,12.36268108,-28.11369762,15730
Jonathan Davis,,OF,999,38.1293,-0.446704299,-14.64651981,-15.22144885,-2.892595916,-8.476020285,-41.68328917,12.55672875,-28.12656041,15104
Miguel Andujar,PIT,OF,549.1799927,26.5435,0.016272472,-14.64959457,-15.43836137,-3.26577081,-8.38546074,-41.72291502,12.55672875,-28.16618627,15878
Freddy Fermin,KCR,C,999,48.0484,-0.347589496,-14.27882362,-14.95634311,-3.282606643,-8.177995562,-41.04335843,11.87087657,-28.17248186,21840
Andre Lipcius,DET,2B/3B,999,39.4092,-0.164937415,-14.55705871,-15.17714982,-3.206090697,-8.434204978,-41.53944162,12.36268108,-28.17676054,sa3010401
Rene Pinto,TBR,C,999,47.0596,-0.485817971,-14.20440166,-14.99425223,-3.270879619,-8.095734655,-41.05108613,11.87087657,-28.18020956,19859
Miles Mastrobuoni,CHC,2B/OF,999,32.981,0.043259351,-14.64654076,-15.31680261,-3.139560125,-8.496363947,-41.55600809,12.36268108,-28.19332701,20017
Austin Wynns,,C,750,46.6591,-0.237552378,-14.39371957,-15.03482921,-3.276104523,-8.336031648,-41.27823733,11.87087657,-28.40736076,15271
Luke Raley,TBR,1B/OF/DH,999,26.1148,-0.238741065,-14.69318515,-15.43605929,-3.264725827,-8.335548249,-41.96825959,12.55672875,-28.41153083,19354
Jerar Encarnacion,MIA,OF,999,25.8375,-0.211852679,-14.694733,-15.46983759,-3.28605121,-8.336233079,-41.99870756,12.55672875,-28.44197881,21871
Pedro Leon,HOU,SS/OF,999,26.2728,-0.433353474,-14.79523816,-15.44079257,-2.923674462,-8.446088908,-42.03914757,12.55672875,-28.48241882,sa3014838
William MacIver,COL,C,999,36.6506,-0.317751714,-14.46824605,-15.1863797,-3.165297662,-8.243941277,-41.38161641,11.87087657,-28.51073984,sa3007828
Ivan Herrera,STL,C,999,41.7462,-0.381312181,-14.44389886,-15.07792337,-3.212863726,-8.300661849,-41.41665999,11.87087657,-28.54578341,20599
Jose Barrero,CIN,SS,625.6799927,127.122,-1.966372937,-12.61893018,-13.4622456,-2.50320446,-7.277475882,-37.82822906,8.249806128,-28.57842293,23378
Ben Rortvedt,NYY,C,999,47.3915,-0.74343516,-14.28457577,-15.01957521,-3.280168349,-8.121677854,-41.44943234,11.87087657,-28.57855576,20287
Edouard Julien,MIN,2B,999,26.2728,-0.155615732,-14.76796268,-15.40733702,-3.189100049,-8.438193133,-41.95820862,12.36268108,-28.59552753,sa3014445
Owen Miller,MIL,1B/2B/DH,643.7299805,33.539,-0.184098824,-14.63173166,-15.36691064,-3.323128745,-8.46743968,-41.97330955,12.36268108,-28.61062846,24655
Matt Beaty,,1B/OF/DH,999,25.8873,-0.141500702,-14.81431429,-15.50159347,-3.305712368,-8.522025179,-42.28514601,12.55672875,-28.72841726,17710
Willi Castro,,OF,738.7299805,20.0935,-0.067512208,-14.9064109,-15.61540694,-3.201601135,-8.548693512,-42.3396247,12.55672875,-28.78289594,17338
Jose Herrera,ARI,C,999,46.4345,-0.470640848,-14.47926921,-15.0646273,-3.237130545,-8.415996389,-41.6676643,11.87087657,-28.79678772,17040
Alfonso Rivas,,1B,999,32.7223,-0.264850805,-14.69149094,-15.3459552,-3.252340846,-8.500070135,-42.05470792,12.24404145,-28.81066648,21560
Bligh Madris,HOU,OF,999,19.7889,-0.131331565,-14.87587241,-15.59793692,-3.304589978,-8.514894817,-42.42462569,12.55672875,-28.86789694,20054
Eguy Rosario,SDP,3B/SS,999,54.6166,-0.269327455,-14.02098241,-14.6723043,-2.813564258,-8.100367372,-39.8765458,9.970805717,-28.90574009,19964
Brenton Doyle,COL,OF,999,13.1364,0.021848374,-14.97451597,-15.72166871,-3.278620224,-8.516183919,-42.46914044,12.55672875,-28.91241169,sa3009965
Michael Hermosillo,NYY,OF,999,19.6812,-0.27357538,-14.90599255,-15.60335864,-3.249941261,-8.47892077,-42.5117886,12.55672875,-28.95505984,16285
Peyton Burdick,MIA,OF,999,18.9871,-0.247266488,-14.90362898,-15.61798874,-3.275369169,-8.474932592,-42.51918597,12.55672875,-28.96245722,25459
Dustin Harris,TEX,1B/OF,999,13.1364,-0.030570946,-15.00953067,-15.73593305,-3.270415175,-8.53443281,-42.58088265,12.55672875,-29.0241539,sa3010279
Ehire Adrianza,,P/2B/3B/SS/OF/DH,999,25.6965,-0.185176792,-14.85428625,-15.49744111,-3.288063774,-8.574475594,-42.39944352,12.36268108,-29.03676244,8418
Michael Chavis,,1B,741.7700195,20.5394,-0.166978299,-14.81050746,-15.59143944,-3.329940484,-8.400647994,-42.29951367,12.24404145,-29.05547223,17321
Chadwick Tromp,ATL,C,999,30.289,-0.279569262,-14.62771562,-15.37867928,-3.320806563,-8.344612253,-41.95138297,11.87087657,-29.0805064,16953
Kyle Garlick,,OF,746.3599854,13.7725,-0.124257436,-14.97721423,-15.72620835,-3.355561907,-8.49092555,-42.67416747,12.55672875,-29.11743872,18063
Willie Calhoun,,OF/DH,738.9500122,13.534,-0.056435244,-15.01551287,-15.72506805,-3.355987642,-8.542973112,-42.69597692,12.55672875,-29.13924816,17838
Chris Owings,,P/2B/3B/SS/OF,999,25.4122,-0.388127697,-14.85614788,-15.53885719,-3.217585498,-8.52093751,-42.52165577,12.36268108,-29.15897469,10030
Alcides Escobar,,SS,999,122.673,-0.839562117,-13.1255138,-13.4635364,-2.91953324,-8.096983441,-38.445129,8.249806128,-29.19532287,6310
Addison Barger,TOR,3B/SS,999,45.9774,-0.08246913,-14.06840073,-14.85003831,-3.218785296,-7.959734148,-40.17942761,9.970805717,-29.2086219,sa3006910
Dominic Fletcher,ARI,OF,999,13.1364,-0.016525465,-15.04680436,-15.76291264,-3.324251136,-8.617580003,-42.7680736,12.55672875,-29.21134485,sa1115778
Eli White,ATL,OF,745.8499756,13.0424,-0.178900055,-15.08100332,-15.76992648,-3.186506952,-8.605414083,-42.82175089,12.55672875,-29.26502214,19346
Billy Hamilton,,2B/3B/OF/DH,999,19.8737,-0.393488536,-15.03634598,-15.69135431,-2.85687297,-8.65218439,-42.63024618,12.36268108,-29.2675651,10199
Blake Perkins,MIL,OF,999,13.1364,-0.176188352,-15.05517109,-15.76028783,-3.276568967,-8.57173625,-42.83995249,12.55672875,-29.28322374,sa874806
Simon Muzziotti,PHI,OF,999,12.874,-0.088131574,-15.07692454,-15.77889817,-3.278929853,-8.626644018,-42.84952816,12.55672875,-29.2927994,19553
Roman Quinn,,OF,999,13.1765,-0.169265624,-15.08690186,-15.7747673,-3.203845916,-8.627892835,-42.86267354,12.55672875,-29.30594478,13546
Niko Goodrum,,1B/2B/DH,999,20.0119,-0.307317608,-14.95847277,-15.64131081,-3.203768509,-8.566378411,-42.67724811,12.36268108,-29.31456703,12092
Otto Lopez,TOR,2B/SS/OF,999,13.5663,0.021937309,-15.06700999,-15.74391504,-3.265151562,-8.662336081,-42.71647536,12.36268108,-29.35379428,19608
Wenceel Perez,DET,2B/SS,999,13.1364,-0.040377194,-15.06270114,-15.77345491,-3.285006227,-8.624186665,-42.78572613,12.36268108,-29.42304505,sa3003326
David Bote,CHC,1B/2B/3B/DH,999,13.0168,-0.113312372,-15.04115684,-15.77029222,-3.333539866,-8.566821542,-42.82512284,12.36268108,-29.46244175,14593
Charles Leblanc,,2B,999,13.3958,-0.126841207,-15.04810122,-15.77255129,-3.317323286,-8.580880835,-42.84569784,12.36268108,-29.48301675,19813
Buddy Kennedy,ARI,2B,999,13.2759,-0.078715068,-15.06201087,-15.77276642,-3.319103628,-8.613914118,-42.84651011,12.36268108,-29.48382902,22505
Matthew Batten,SDP,P/2B/3B/OF/DH,999,13.3128,-0.114723255,-15.08809412,-15.77123887,-3.249283304,-8.64610143,-42.86944098,12.36268108,-29.5067599,20157
Rylan Bannon,HOU,2B/3B/DH,999,13.1064,-0.18048487,-15.05109231,-15.75249948,-3.317323286,-8.569198326,-42.87059827,12.36268108,-29.50791719,19768
Spencer Horwitz,TOR,1B,999,13.1364,-0.052722725,-15.04257919,-15.73586849,-3.339577544,-8.591596501,-42.76234446,12.24404145,-29.51830301,sa1115496
Rafael Marchan,PHI,C,999,30.1541,-0.291611671,-14.77557641,-15.45105513,-3.324909087,-8.551150866,-42.39430316,11.87087657,-29.52342659,21646
Max Schrock,SDP,P/2B/OF/DH,999,13.196,-0.086622863,-15.06782575,-15.77571396,-3.341822322,-8.633089539,-42.90507444,12.36268108,-29.54239335,17750
Cole Tucker,COL,2B/SS/OF,999,13.0021,-0.118820699,-15.0875921,-15.78216843,-3.28214221,-8.636634575,-42.90735802,12.36268108,-29.54467693,17326
Matt Reynolds,CIN,2B/SS,749.1400146,13.0509,-0.111033947,-15.08531217,-15.78468564,-3.323322258,-8.62793312,-42.93228714,12.36268108,-29.56960606,13788
Tim Locastro,,OF,999,6.72057,-0.07198566,-15.20510261,-15.91609825,-3.279974836,-8.676919069,-43.15008043,12.55672875,-29.59335167,15124
Heliot Ramos,SFG,OF,745.7299805,6.63594,-0.054188741,-15.19299179,-15.91900274,-3.34457024,-8.656615681,-43.1673692,12.55672875,-29.61064044,22515
Jake Lamb,LAA,OF,999,6.58771,-0.088101749,-15.18431133,-15.91104225,-3.369804633,-8.632243562,-43.18550353,12.55672875,-29.62877478,13329
Mike Tauchman,,OF,999,6.57655,-0.071386096,-15.21054098,-15.91693732,-3.333694681,-8.668378756,-43.20093784,12.55672875,-29.64420908,15274
Garrett Hampson,,SS/OF,697.5900269,6.63799,-0.081927374,-15.21911687,-15.92868442,-3.288412102,-8.684774547,-43.20291531,12.55672875,-29.64618656,19262
Khalil Lee,NYM,OF,749.4699707,6.5954,-0.100514408,-15.20303186,-15.91525917,-3.3301727,-8.658388199,-43.20736633,12.55672875,-29.65063758,19952
Bradley Zimmer,LAD,OF,999,6.64321,-0.114635007,-15.21505901,-15.92485479,-3.307337895,-8.671682086,-43.23356879,12.55672875,-29.67684003,16221
Payton Henry,MIL,C,999,23.6947,-0.357219729,-14.87574689,-15.57366816,-3.318136053,-8.504823702,-42.62959454,11.87087657,-29.75871797,22164
Yonny Hernandez,LAD,2B/3B,738,6.66622,-0.062668194,-15.23553654,-15.91069802,-3.231325092,-8.710113496,-43.15034134,12.36268108,-29.78766026,19432
Michael Stefanic,LAA,2B,999,6.50006,0.002838394,-15.21116848,-15.91394676,-3.35873556,-8.685660806,-43.16667321,12.36268108,-29.80399213,25353
Hoy Park,,2B/3B/SS/OF,999,6.47849,-0.070297257,-15.21275816,-15.91317223,-3.334778364,-8.670473549,-43.20147956,12.36268108,-29.83879847,18027
Francis Dingler,DET,C,999,18.3253,-0.214096266,-14.94975047,-15.67128097,-3.352930101,-8.521823748,-42.70988156,11.87087657,-29.83900498,sa3014528
Anthony Bemboom,BAL,C,999,17.7464,-0.268690386,-14.98516261,-15.69638879,-3.341280479,-8.55376936,-42.84529163,11.87087657,-29.97441505,13854
Austin Allen,MIA,C/DH,999,12.1666,-0.109716996,-15.04515193,-15.79365733,-3.365315079,-8.560859432,-42.87470077,11.87087657,-30.0038242,18083
Matt Thaiss,LAA,C/1B/3B,735.2700195,12.2298,-0.131245164,-15.06403981,-15.77339036,-3.340893448,-8.574717305,-42.88428608,11.87087657,-30.01340951,19318
Bryan Lavastida,CLE,C,999,11.9051,-0.116293184,-15.08593968,-15.79740092,-3.310395437,-8.614760089,-42.92478931,11.87087657,-30.05391273,24765
Kyle McCann,OAK,C/1B,999,18.3253,-0.385674963,-14.9796824,-15.70008934,-3.350724027,-8.513082026,-42.92925276,11.87087657,-30.05837618,sa1159677
Dom Nunez,,C,999,17.5983,-0.336476949,-14.99760809,-15.69993874,-3.346698907,-8.555662734,-42.93638542,11.87087657,-30.06550885,15055
Jared Triolo,PIT,3B,999,39.4092,-0.067773128,-14.50560345,-15.1397355,-3.056077637,-8.424536703,-41.19372642,9.970805717,-30.22292071,sa3010272
Tony Wolters,,C/2B/DH,999,18.0752,-0.331944861,-15.06834866,-15.73879451,-3.33710055,-8.659556451,-43.13574503,11.87087657,-30.26486846,11470
David Fry,CLE,C/3B,999,6.5682,-0.048840337,-15.17906122,-15.90912744,-3.37139146,-8.641710423,-43.15013088,11.87087657,-30.2792543,sa3006787
Danny Mendick,NYM,SS,749.1799927,83.8629,-0.789552115,-13.65541979,-14.18408966,-2.927506055,-8.018871806,-39.57543943,8.249806128,-30.3256333,18889
Sandy Leon,,C,999,11.7759,-0.221985099,-15.13595171,-15.84591686,-3.359432214,-8.640421316,-43.2037072,11.87087657,-30.33283063,5273
Patrick Mazeika,LAD,C,999,5.84861,-0.045982222,-15.20163042,-15.9286414,-3.371004429,-8.657864504,-43.20512298,11.87087657,-30.3342464,18142
Curtis Mead,TBR,3B,999,32.841,-0.061661147,-14.52375919,-15.23949979,-3.242974708,-8.315486554,-41.38338139,9.970805717,-30.41257568,sa3008392
Chad Wallach,LAA,C,999,5.987,-0.112087769,-15.22045554,-15.94596084,-3.372900879,-8.667210509,-43.31861553,11.87087657,-30.44773896,17161
Livan Soto,LAA,3B/SS,999,25.6376,-0.157320683,-14.85453729,-15.51243695,-3.224706866,-8.573790764,-42.32279255,9.970805717,-31.35198684,22471
Jacob Amaya,MIA,SS,999,65.682,-0.645518074,-14.01121428,-14.61851722,-3.198040463,-8.146130519,-40.61942056,8.249806128,-31.36961443,sa3005081
Liover Peguero,PIT,SS,999,45.7883,-0.169190286,-14.38907602,-15.06692933,-2.908077125,-8.403105348,-40.93637811,8.249806128,-31.68657199,24273
Colton Welker,SFG,1B/3B,748.4199829,12.8098,-0.092977756,-15.05123873,-15.77242221,-3.334197817,-8.581968505,-42.83280502,9.970805717,-31.8619993,19961
Davis Wendzel,TEX,3B/SS,999,13.1364,-0.209023694,-15.06537848,-15.78961254,-3.346350579,-8.572380801,-42.98274609,9.970805717,-32.01194038,sa3011890
Ernie Clement,OAK,3B,999,12.9545,-0.074707997,-15.09945192,-15.81842091,-3.342828602,-8.659193891,-42.99460332,9.970805717,-32.0237976,20352
Mark Vientos,NYM,3B/DH,999,6.5862,-0.040497524,-15.14482043,-15.89389493,-3.372978285,-8.593771865,-43.04596304,9.970805717,-32.07515732,22184
Johan Camargo,MIN,SS,999,25.4489,-0.073109578,-14.78944422,-15.49180426,-3.348634061,-8.488508487,-42.19150061,8.249806128,-32.94169448,14950
Braden Shewmake,ATL,SS,999,19.7046,-0.110155421,-14.8918528,-15.61065217,-3.282297013,-8.526537047,-42.42149445,8.249806128,-33.17168832,sa3010332
Andrew Velazquez,LAA,SS,739.8699951,12.4592,-0.177388806,-15.0875921,-15.79348521,-3.179695214,-8.611053912,-42.84921525,8.249806128,-33.59940912,14196
Joseph Ortiz,BAL,SS,999,6.5682,-0.006283826,-15.18792994,-15.91145104,-3.357419654,-8.659637022,-43.12272148,8.249806128,-33.87291535,sa3009889
Maikel Garcia,KCR,SS,999,6.44647,-0.015911179,-15.21409683,-15.92405873,-3.302345203,-8.689125275,-43.14553722,8.249806128,-33.89573109,22715
Ryan Fitzgerald,BOS,SS,999,6.5682,-0.079193142,-15.20252985,-15.92233754,-3.356490782,-8.670352699,-43.23090401,8.249806128,-33.98109789,sa3006218
Dixon Machado,HOU,SS,999,6.46919,-0.041329096,-15.21595843,-15.92631779,-3.355948939,-8.691864619,-43.23141888,8.249806128,-33.98161275,11472
Seth Beer,ARI,DH,999,32.7801,-0.240990895,-14.56778903,-15.2914366,-3.350336995,-8.325718834,-41.77627235,6.033740274,-34.74253208,20493
Jed Lowrie,,DH,999,20.8459,-0.157940887,-14.89325423,-15.61291122,-3.352697881,-8.542771692,-42.55957591,6.033740274,-35.52583563,4418
