,,,,G,AB,PA,H,HR,R,RBI,BB,HBP,SB,AVG,,,,,lg_zBA,,,
,,,MEAN,145,533.4,600.4,143.7,24.4,82.5,78.9,55.3,6.6,8.6,0.269,,,,,0.20088,,,
,,,STDEV,10.8,53.6,59.6,22.5,10.4,17.6,19.9,20.9,5,8.8,0.026,,,,,13.92049032,,,
,,,,,,,,,,,,,,,,,,,,,,
playerid,Year,Name,Team,G,AB,PA,H,HR,R,RBI,BB,HBP,SB,AVG,zSB,zHR,zR,zRBI,zBA,zAVG,Total Z,adjZ
18401,2019,Ronald Acuna Jr.,ATL,156,626,715,175,41,127,101,76,9,37,0.279552716,3.2273,1.596153846,2.528409091,1.110552764,6.606,0.460121982,8.9225,5.799631766
11477,2019,Christian Yelich,MIL,130,489,580,161,44,100,97,80,8,30,0.329243354,2.4318,1.884615385,0.994318182,0.909547739,29.459,2.10180266,8.3221,5.409366396
15998,2019,Cody Bellinger,LAD,156,558,660,170,47,121,115,95,3,15,0.304659498,0.7273,2.173076923,2.1875,1.814070352,19.898,1.414973405,8.3169,5.405980715
19611,2021,Vladimir Guerrero Jr.,TOR,161,604,698,188,48,123,111,86,6,4,0.311258278,-0.5227,2.269230769,2.301136364,1.613065327,25.524,1.819125836,7.4798,4.861890165
17350,2019,Rafael Devers,BOS,156,647,702,201,32,129,115,48,4,8,0.310664606,-0.0682,0.730769231,2.642045455,1.814070352,26.957,1.922067612,7.0408,4.57650104
19612,2021,Bo Bichette,TOR,159,640,690,191,29,121,102,40,6,25,0.2984375,1.8636,0.442307692,2.1875,1.16080402,18.84,1.338970335,6.9932,4.545591967
16252,2021,Trea Turner,- - -,148,595,646,195,28,107,77,41,6,32,0.327731092,2.6591,0.346153846,1.392045455,-0.095477387,34.945,2.495897974,6.7977,4.418512018
12861,2019,Anthony Rendon,WSN,146,545,646,174,34,117,126,80,12,5,0.319266055,-0.4091,0.923076923,1.960227273,2.366834171,27.395,1.953532021,6.7946,4.416476661
17678,2019,Alex Bregman,HOU,156,554,690,164,41,122,112,119,9,5,0.296028881,-0.4091,1.596153846,2.244318182,1.663316583,14.974,1.061250233,6.1559,4.001366157
5361,2019,Freddie Freeman,ATL,158,597,692,176,38,113,121,87,6,6,0.29480737,-0.2955,1.307692308,1.732954545,2.115577889,15.407,1.092355459,5.9531,3.869531676
9777,2019,Nolan Arenado,COL,155,588,662,185,41,102,118,62,4,3,0.31462585,-0.6364,1.596153846,1.107954545,1.964824121,26.828,1.912800697,5.9454,3.864490222
13510,2021,Jose Ramirez,CLE,152,552,636,147,36,111,103,72,7,27,0.266304348,2.0909,1.115384615,1.619318182,1.211055276,-1.488,-0.121323054,5.9153,3.844973672
19709,2021,Fernando Tatis Jr.,SDP,130,478,546,135,42,99,97,62,2,25,0.282426778,1.8636,1.692307692,0.9375,0.909547739,6.418,0.44661671,5.8496,3.802245528
10155,2019,Mike Trout,LAA,134,470,600,137,45,110,104,110,16,11,0.291489362,0.2727,1.980769231,1.5625,1.261306533,10.57,0.744882066,5.8222,3.784420317
19755,2021,Shohei Ohtani,LAA,158,537,639,138,46,103,100,96,4,26,0.25698324,1.9773,2.076923077,1.164772727,1.060301508,-6.453,-0.477991525,5.8013,3.770831034
12564,2019,Trevor Story,COL,145,588,656,173,35,111,85,58,7,23,0.294217687,1.6364,1.019230769,1.619318182,0.306532663,14.828,1.050762096,5.6322,3.660934776
12161,2019,Xander Bogaerts,BOS,155,614,698,190,33,110,117,76,2,4,0.309446254,-0.5227,0.826923077,1.5625,1.914572864,24.834,1.769558616,5.5508,3.608037735
12533,2021,Marcus Semien,TOR,162,652,724,173,45,115,102,66,3,15,0.265337423,0.7273,1.980769231,1.846590909,1.16080402,-2.388,-0.185975949,5.5295,3.59414961
13611,2019,Mookie Betts,BOS,150,597,706,176,29,135,80,97,3,16,0.29480737,0.8409,0.442307692,2.982954545,0.055276382,15.407,1.092355459,5.4138,3.51897206
10071,2019,Jonathan Villar,BAL,162,642,714,176,24,111,73,61,4,40,0.274143302,3.5682,-0.038461538,1.619318182,-0.296482412,3.302,0.22277402,5.0753,3.298964545
20123,2019,Juan Soto,WSN,150,542,659,153,34,110,110,108,3,12,0.282287823,0.3864,0.923076923,1.5625,1.56281407,7.202,0.502936566,4.9377,3.209499277
9874,2019,DJ LeMahieu,NYY,145,602,655,197,26,109,102,46,2,5,0.327242525,-0.4091,0.153846154,1.505681818,1.16080402,35.062,2.50430285,4.9155,3.195103557
13613,2019,Ketel Marte,ARI,144,569,628,187,32,97,92,53,4,10,0.328646749,0.1591,0.730769231,0.823863636,0.658291457,33.939,2.423630405,4.7956,3.117169665
19251,2019,Pete Alonso,NYM,161,597,693,155,53,103,120,72,21,1,0.259631491,-0.8636,2.75,1.164772727,2.065326633,-5.593,-0.416212092,4.7003,3.055163088
12533,2019,Marcus Semien,OAK,162,657,747,187,33,123,92,87,2,10,0.284627093,0.1591,0.826923077,2.301136364,0.658291457,10.267,0.723115592,4.6686,3.034562309
13066,2021,Teoscar Hernandez,TOR,143,550,595,163,32,92,116,36,7,12,0.296363636,0.3864,0.730769231,0.539772727,1.864321608,15.05,1.066709811,4.5879,2.982159058
20123,2021,Juan Soto,WSN,151,502,654,157,29,111,95,145,2,9,0.312749004,0.0455,0.442307692,1.619318182,0.809045226,21.962,1.563244045,4.4794,2.911590299
11579,2021,Bryce Harper,PHI,141,488,599,151,35,101,84,100,5,13,0.30942623,0.5000,1.019230769,1.051136364,0.256281407,19.728,1.402761192,4.2294,2.749116326
5361,2021,Freddie Freeman,ATL,159,600,695,180,31,120,83,85,8,8,0.3,-0.0682,0.634615385,2.130681818,0.206030151,18.6,1.321729563,4.2249,2.746168814
9218,2021,Paul Goldschmidt,STL,158,603,679,177,31,102,99,67,4,12,0.293532338,0.3864,0.634615385,1.107954545,1.010050251,14.793,1.048247817,4.1872,2.721700563
17350,2021,Rafael Devers,BOS,156,591,664,165,38,101,113,62,7,5,0.279187817,-0.4091,1.307692308,1.051136364,1.713567839,6.021,0.4180976,4.0814,2.652912081
14221,2019,Jorge Soler,KCR,162,589,679,156,48,95,117,73,10,3,0.264855688,-0.6364,2.269230769,0.710227273,1.914572864,-2.441,-0.189783287,4.0679,2.644124589
11579,2019,Bryce Harper,PHI,157,573,682,149,35,98,114,99,6,15,0.260034904,0.7273,1.019230769,0.880681818,1.763819095,-5.137,-0.383454626,4.0075,2.60490736
6184,2019,J.D. Martinez,BOS,146,575,657,175,36,98,105,72,4,2,0.304347826,-0.7500,1.115384615,0.880681818,1.311557789,20.325,1.445647612,4.0033,2.602126693
7304,2021,Salvador Perez,KCR,161,620,665,169,48,88,121,28,13,1,0.272580645,-0.8636,2.269230769,0.3125,2.115577889,2.22,0.145046873,3.9787,2.586167459
16556,2021,Ozzie Albies,ATL,156,629,686,163,30,103,106,47,3,20,0.259141494,1.2955,0.538461538,1.164772727,1.361809045,-6.201,-0.459888715,3.9006,2.535395942
7859,2019,Charlie Blackmon,COL,140,580,634,182,32,112,86,40,9,2,0.313793103,-0.7500,0.730769231,1.676136364,0.35678392,25.98,1.851883303,3.8656,2.512622331
9241,2021,Starling Marte,- - -,120,467,526,145,12,89,55,43,13,47,0.310492505,4.3636,-1.192307692,0.369318182,-1.201005025,19.377,1.377546563,3.7172,2.416172454
9241,2019,Starling Marte,PIT,132,539,586,159,23,97,82,25,16,25,0.294990724,1.8636,-0.134615385,0.823863636,0.155778894,14.009,0.991927962,3.7006,2.405384457
12916,2019,Francisco Lindor,CLE,143,598,654,170,32,101,74,46,3,22,0.284280936,1.5227,0.730769231,1.051136364,-0.246231156,9.138,0.642012127,3.7004,2.405268995
14344,2021,Matt Olson,OAK,156,565,673,153,39,101,111,88,9,4,0.27079646,-0.5227,1.403846154,1.051136364,1.613065327,1.015,0.05848383,3.6038,2.342472861
11737,2021,Nick Castellanos,CIN,138,531,585,164,34,95,100,41,7,3,0.308851224,-0.6364,0.923076923,0.710227273,1.060301508,21.161,1.505702968,3.5629,2.315914273
12856,2019,George Springer,HOU,122,479,556,140,39,96,96,67,6,6,0.292275574,-0.2955,1.403846154,0.767045455,0.859296482,11.149,0.786475429,3.5212,2.288785833
17929,2021,Cedric Mullins II,BAL,159,602,675,175,30,91,59,59,8,30,0.290697674,2.4318,0.538461538,0.482954545,-1,13.062,0.923898749,3.3771,2.19513646
16556,2019,Ozzie Albies,ATL,160,640,702,189,24,102,86,54,4,15,0.2953125,0.7273,-0.038461538,1.107954545,0.35678392,16.84,1.195297235,3.3488,2.176750478
2434,2019,Nelson Cruz,MIN,120,454,521,141,41,81,108,56,7,0,0.310572687,-0.9773,1.596153846,-0.085227273,1.462311558,18.874,1.341412778,3.3374,2.169295818
15149,2019,Trey Mancini,BAL,154,602,679,175,35,106,97,63,9,1,0.290697674,-0.8636,1.019230769,1.335227273,0.909547739,13.062,0.923898749,3.3243,2.160774308
12552,2019,Eugenio Suarez,CIN,159,575,662,156,49,87,103,70,11,3,0.271304348,-0.6364,2.365384615,0.255681818,1.211055276,1.325,0.080753161,3.2765,2.129732302
6153,2019,Eduardo Escobar,ARI,158,636,699,171,35,94,118,50,3,5,0.268867925,-0.4091,1.019230769,0.653409091,1.964824121,-0.084,-0.020464538,3.2079,2.085140547
16252,2019,Trea Turner,WSN,122,521,569,155,19,96,57,43,3,35,0.297504798,3.0000,-0.519230769,0.767045455,-1.100502513,14.851,1.052414337,3.1997,2.079822231
18360,2021,Austin Riley,ATL,160,590,662,179,33,91,107,52,12,0,0.303389831,-0.9773,0.826923077,0.482954545,1.412060302,20.29,1.443133333,3.1878,2.072069044
2396,2019,Carlos Santana,CLE,158,573,686,161,34,110,93,108,3,4,0.280977312,-0.5227,0.923076923,1.5625,0.708542714,6.863,0.478583975,3.1500,2.04748462
15640,2021,Aaron Judge,NYY,148,550,633,158,39,89,98,75,3,6,0.287272727,-0.2955,1.403846154,0.369318182,0.959798995,10.05,0.70752706,3.1450,2.0442733
11281,2019,Whit Merrifield,KCR,162,681,735,206,16,105,74,45,5,20,0.302496329,1.2955,-0.807692308,1.278409091,-0.246231156,22.811,1.624233276,3.1442,2.043712742
11281,2021,Whit Merrifield,KCR,162,664,720,184,10,97,74,40,4,40,0.277108434,3.5682,-1.384615385,0.823863636,-0.246231156,5.384,0.372337718,3.1335,2.036798811
15676,2019,Jose Abreu,CHW,159,634,693,180,33,85,123,36,13,2,0.283911672,-0.7500,0.826923077,0.142045455,2.216080402,9.454,0.664712476,3.0998,2.014844916
13145,2019,Josh Bell,PIT,143,527,613,146,37,94,116,74,5,0,0.277039848,-0.9773,1.211538462,0.653409091,1.864321608,4.237,0.289941195,3.0419,1.977259458
11493,2021,Manny Machado,SDP,153,564,640,157,28,92,106,63,2,12,0.278368794,0.3864,0.346153846,0.539772727,1.361809045,5.284,0.365154063,2.9993,1.949514656
13152,2021,Jorge Polanco,MIN,152,588,644,158,33,97,98,45,5,11,0.268707483,0.2727,0.826923077,0.823863636,0.959798995,-0.172,-0.026786154,2.8565,1.856742437
19198,2019,Yuli Gurriel,HOU,144,564,612,168,31,85,104,37,5,5,0.29787234,-0.4091,0.634615385,0.142045455,1.261306533,16.284,1.155356113,2.7842,1.809751174
5417,2021,Jose Altuve,HOU,146,601,678,167,31,117,83,66,4,5,0.277870216,-0.4091,0.634615385,1.960227273,0.206030151,5.331,0.36853038,2.7603,1.794202982
18345,2021,Kyle Tucker,HOU,140,506,567,149,30,83,92,53,1,14,0.294466403,0.6136,0.538461538,0.028409091,0.658291457,12.886,0.911255516,2.7501,1.787535078
15711,2021,Tyler O'Neill,STL,138,482,537,138,34,89,80,38,13,15,0.286307054,0.7273,0.923076923,0.369318182,0.055276382,8.342,0.584830233,2.6598,1.72885339
16997,2019,Gleyber Torres,NYY,144,546,604,152,38,96,90,48,3,5,0.278388278,-0.4091,1.307692308,0.767045455,0.557788945,5.126,0.353803888,2.5772,1.675205796
15672,2019,Austin Meadows,TBR,138,530,591,154,33,83,89,54,7,12,0.290566038,0.3864,0.826923077,0.028409091,0.507537688,11.43,0.806661499,2.5559,1.661331745
14274,2021,Mitch Haniger,SEA,157,620,691,157,39,110,100,54,9,1,0.253225806,-0.8636,1.403846154,1.5625,1.060301508,-9.78,-0.716991727,2.4460,1.589912721
12155,2019,Eddie Rosario,MIN,137,562,590,155,32,91,109,22,0,3,0.275800712,-0.6364,0.730769231,0.482954545,1.512562814,3.822,0.260129026,2.3501,1.527533787
10322,2019,Danny Santana,TEX,130,474,511,134,28,81,81,25,6,21,0.282700422,1.4091,0.346153846,-0.085227273,0.105527638,6.494,0.452076288,2.2276,1.447953916
18882,2021,Brandon Lowe,TBR,149,535,615,132,39,97,99,68,9,7,0.246728972,-0.1818,1.403846154,0.823863636,1.010050251,-11.915,-0.870362762,2.1856,1.420626414
19556,2021,Yordan Alvarez,HOU,144,537,598,149,33,92,104,50,8,1,0.277467412,-0.8636,0.826923077,0.539772727,1.261306533,4.547,0.312210525,2.0766,1.349774724
19326,2021,Bryan Reynolds,PIT,159,559,646,169,24,93,90,75,8,5,0.302325581,-0.4091,-0.038461538,0.596590909,0.557788945,18.629,1.323812823,2.0306,1.319916149
15429,2019,Kris Bryant,CHC,147,543,634,153,31,108,77,74,15,4,0.281767956,-0.5227,0.634615385,1.448863636,-0.095477387,6.933,0.483612534,1.9489,1.266776482
17232,2019,Yoan Moncada,CHW,132,511,559,161,25,83,79,40,4,10,0.315068493,0.1591,0.057692308,0.028409091,0.005025126,23.541,1.676673957,1.9269,1.252479404
13301,2019,Max Muncy,LAD,141,487,589,122,35,101,98,90,8,4,0.250513347,-0.5227,1.019230769,1.051136364,0.959798995,-9.003,-0.661174728,1.8463,1.200071683
3473,2019,Anthony Rizzo,CHC,146,512,613,150,27,89,94,71,27,5,0.29296875,-0.4091,0.25,0.369318182,0.75879397,12.272,0.867147874,1.8362,1.193509926
12979,2019,Javier Baez,CHC,138,531,561,149,29,89,85,28,0,11,0.280602637,0.2727,0.442307692,0.369318182,0.306532663,6.161,0.428154717,1.8190,1.182376343
12979,2021,Javier Baez,- - -,138,502,547,133,31,80,87,28,13,18,0.264940239,1.0682,0.634615385,-0.142045455,0.407035176,-2.038,-0.160833157,1.8070,1.174519949
13152,2019,Jorge Polanco,MIN,153,631,704,186,22,107,79,60,4,4,0.294770206,-0.5227,-0.230769231,1.392045455,0.005025126,16.261,1.153703873,1.7973,1.168230667
5038,2019,Josh Donaldson,ATL,155,549,659,142,37,96,94,100,8,4,0.258652095,-0.5227,1.211538462,0.767045455,0.75879397,-5.681,-0.422533709,1.7921,1.164875988
4106,2019,Michael Brantley,HOU,148,575,637,179,22,88,90,51,7,3,0.311304348,-0.6364,-0.230769231,0.3125,0.557788945,24.325,1.732993812,1.7361,1.128497428
15172,2021,Tim Anderson,CHW,123,527,551,163,17,94,61,22,1,18,0.309297913,1.0682,-0.711538462,0.653409091,-0.899497487,21.237,1.511162546,1.6217,1.054116379
9218,2019,Paul Goldschmidt,STL,161,597,682,155,34,97,97,78,2,3,0.259631491,-0.6364,0.923076923,0.823863636,0.909547739,-5.593,-0.416212092,1.6039,1.04254317
6184,2021,J.D. Martinez,BOS,148,570,634,163,28,92,99,55,3,0,0.285964912,-0.9773,0.346153846,0.539772727,1.010050251,9.67,0.680229171,1.5989,1.039306625
5343,2021,Brandon Crawford,SFG,138,483,549,144,24,79,90,56,5,11,0.298136646,0.2727,-0.038461538,-0.198863636,0.557788945,14.073,0.996525501,1.5897,1.033315753
5417,2019,Jose Altuve,HOU,124,500,548,149,31,89,74,41,3,6,0.298,-0.2955,0.634615385,0.369318182,-0.246231156,14.5,1.027199708,1.4894,0.968140923
15676,2021,Jose Abreu,CHW,152,566,659,148,30,86,117,61,22,1,0.261484099,-0.8636,0.538461538,0.198863636,1.914572864,-4.254,-0.320022952,1.4682,0.95435517
15172,2019,Tim Anderson,CHW,123,498,518,167,18,81,56,15,3,17,0.335341365,0.9545,-0.615384615,-0.085227273,-1.150753769,33.038,2.358905673,1.4621,0.950355556
14162,2021,Carlos Correa,HOU,148,555,640,155,26,104,92,75,4,0,0.279279279,-0.9773,0.153846154,1.221590909,0.658291457,5.705,0.39539725,1.4519,0.943704478
16376,2019,Michael Conforto,NYM,151,549,648,141,33,90,92,84,10,7,0.256830601,-0.1818,0.826923077,0.426136364,0.658291457,-6.681,-0.494370259,1.2352,0.802855597
19290,2021,Randy Arozarena,TBR,141,529,604,145,20,94,69,56,14,20,0.274102079,1.2955,-0.423076923,0.653409091,-0.497487437,2.699,0.179456581,1.2078,0.785041307
8709,2019,Elvis Andrus,TEX,147,600,648,165,12,81,72,34,4,31,0.275,2.5455,-1.192307692,-0.085227273,-0.346733668,3.6,0.244181312,1.1654,0.757488696
13301,2021,Max Muncy,LAD,144,497,592,124,36,95,94,83,11,2,0.249496982,-0.7500,1.115384615,0.710227273,0.75879397,-9.693,-0.710741948,1.1237,0.730381542
16505,2019,Matt Chapman,OAK,156,583,670,145,36,102,91,73,11,1,0.248713551,-0.8636,1.115384615,1.107954545,0.608040201,-11.827,-0.864041145,1.1037,0.717406204
11737,2019,Nick Castellanos,- - -,151,615,664,178,27,100,73,41,5,2,0.289430894,-0.7500,0.25,0.994318182,-0.296482412,12.565,0.888195984,1.0860,0.70592064
11739,2019,J.T. Realmuto,PHI,145,538,593,148,25,92,83,41,5,9,0.275092937,0.0455,0.057692308,0.539772727,0.206030151,3.278,0.221049943,1.0700,0.695499788
15362,2019,Jeff McNeil,NYM,133,510,567,162,23,83,75,35,21,5,0.317647059,-0.4091,-0.134615385,0.028409091,-0.195979899,24.81,1.767834539,1.0566,0.686762334
12144,2019,Max Kepler,MIN,134,524,596,132,36,98,90,60,8,1,0.251908397,-0.8636,1.115384615,0.880681818,0.557788945,-8.956,-0.65779841,1.0324,0.671073393
19251,2021,Pete Alonso,NYM,152,561,637,147,37,81,94,60,12,3,0.262032086,-0.6364,1.211538462,-0.085227273,0.75879397,-3.909,-0.295239342,0.9535,0.619776417
14225,2019,Yasiel Puig,- - -,149,555,611,148,24,76,84,44,8,19,0.266666667,1.1818,-0.038461538,-0.369318182,0.256281407,-1.295,-0.1074586,0.9229,0.599859824
12161,2021,Xander Bogaerts,BOS,144,529,603,156,23,90,79,62,5,5,0.29489603,-0.4091,-0.134615385,0.426136364,0.005025126,13.699,0.969658631,0.8571,0.557123988
2967,2019,Tommy Pham,TBR,145,567,654,155,21,77,68,81,5,25,0.273368607,1.8636,-0.326923077,-0.3125,-0.547738693,2.477,0.163508867,0.8400,0.545989249
9777,2021,Nolan Arenado,STL,157,593,653,151,34,81,105,50,3,2,0.254637437,-0.7500,0.923076923,-0.085227273,1.311557789,-8.517,-0.626262165,0.7731,0.502544428
12564,2021,Trevor Story,COL,142,526,595,132,24,88,75,53,11,20,0.25095057,1.2955,-0.038461538,0.3125,-0.195979899,-9.494,-0.696446474,0.6771,0.440093312
15464,2021,Hunter Renfroe,BOS,144,521,572,135,31,89,96,44,1,1,0.259117083,-0.8636,0.634615385,0.369318182,0.859296482,-5.149,-0.384316664,0.6153,0.399930064
19287,2021,Adolis Garcia,TEX,149,581,622,141,31,77,90,32,5,16,0.242685026,0.8409,0.634615385,-0.3125,0.557788945,-15.289,-1.112739282,0.6081,0.39524819
4314,2021,Joey Votto,CIN,129,448,533,119,36,73,99,77,4,1,0.265625,-0.8636,1.115384615,-0.539772727,1.010050251,-1.512,-0.123047132,0.5990,0.389336119
5235,2021,Justin Turner,LAD,151,533,612,148,27,87,87,61,12,3,0.277673546,-0.6364,0.25,0.255681818,0.407035176,4.623,0.317670103,0.5940,0.386115249
13510,2019,Jose Ramirez,CLE,129,482,542,123,23,68,83,52,2,24,0.255186722,1.7500,-0.134615385,-0.823863636,0.206030151,-6.658,-0.492718018,0.5048,0.328141523
16478,2019,Kyle Schwarber,CHC,155,529,610,132,38,82,92,70,5,2,0.24952741,-0.7500,1.307692308,-0.028409091,0.658291457,-10.301,-0.75441857,0.4332,0.281551468
21523,2021,Jonathan India,CIN,150,532,631,143,21,98,69,71,23,12,0.268796992,0.3864,-0.326923077,0.880681818,-0.497487437,-0.108,-0.022188615,0.4204,0.273290111
18363,2019,Victor Robles,WSN,155,546,617,139,17,86,65,35,25,28,0.254578755,2.2045,-0.711538462,0.198863636,-0.698492462,-7.874,-0.580071263,0.4133,0.268649488
15518,2019,Amed Rosario,NYM,157,616,655,177,15,75,72,31,3,19,0.287337662,1.1818,-0.903846154,-0.426136364,-0.346733668,11.296,0.797035402,0.3021,0.196389308
12434,2019,Kevin Pillar,- - -,161,611,645,158,21,83,88,18,9,14,0.258592471,0.6136,-0.326923077,0.028409091,0.457286432,-6.359,-0.47123889,0.3012,0.195760448
19198,2021,Yuli Gurriel,HOU,143,530,605,169,15,83,81,59,4,1,0.318867925,-0.8636,-0.903846154,0.028409091,0.105527638,26.43,1.88420975,0.2507,0.162931575
18607,2021,Jared Walsh,LAA,144,530,585,147,29,70,98,48,4,2,0.277358491,-0.7500,0.442307692,-0.710227273,0.959798995,4.43,0.303805649,0.2457,0.159695291
10324,2019,Marcell Ozuna,STL,130,485,549,117,29,80,89,62,1,12,0.241237113,0.3864,0.442307692,-0.142045455,0.507537688,-13.465,-0.981709414,0.2125,0.138095196
10950,2021,Adam Duvall,- - -,146,513,555,117,38,67,113,35,4,5,0.228070175,-0.4091,1.307692308,-0.880681818,1.713567839,-20.997,-1.52278231,0.2087,0.135658322
3174,2019,Shin-Soo Choo,TEX,151,563,660,149,24,93,61,78,18,15,0.264653641,0.7273,-0.038461538,0.596590909,-0.899497487,-2.447,-0.190214306,0.1957,0.127198698
19470,2021,Tommy Edman,STL,159,641,691,168,11,91,56,38,6,30,0.262090484,2.4318,-1.288461538,0.482954545,-1.150753769,-4.429,-0.332594348,0.1430,0.092925997
14344,2019,Matt Olson,OAK,127,483,547,129,36,73,91,51,12,0,0.267080745,-0.9773,1.115384615,-0.539772727,0.608040201,-0.927,-0.08102275,0.1254,0.081481798
2434,2021,Nelson Cruz,- - -,140,513,584,136,32,79,86,51,7,3,0.265107212,-0.6364,0.730769231,-0.198863636,0.35678392,-1.997,-0.157887858,0.0944,0.061384713
4892,2019,Mike Moustakas,MIL,143,523,584,133,35,80,87,53,6,3,0.254302103,-0.6364,1.019230769,-0.142045455,0.407035176,-7.687,-0.566637828,0.0812,0.052792367
4949,2021,Giancarlo Stanton,NYY,139,510,579,139,35,64,97,63,3,0,0.27254902,-0.9773,1.019230769,-1.051136364,0.909547739,1.81,0.115593888,0.0160,0.010376148
15429,2021,Kris Bryant,- - -,144,513,586,136,25,86,73,62,9,10,0.265107212,0.1591,0.057692308,0.198863636,-0.296482412,-1.997,-0.157887858,-0.0387,-0.025170221
11493,2019,Manny Machado,SDP,156,587,661,150,32,81,85,65,6,5,0.255536627,-0.4091,0.730769231,-0.085227273,0.306532663,-7.903,-0.582154523,-0.0392,-0.025461027
18373,2021,Ryan Mountcastle,BAL,144,534,586,136,33,77,89,41,4,4,0.254681648,-0.5227,0.826923077,-0.3125,0.507537688,-7.646,-0.56369253,-0.0645,-0.041898374
11205,2019,Adam Eaton,WSN,151,566,656,158,15,103,49,65,13,15,0.279151943,0.7273,-0.903846154,1.164772727,-1.502512563,5.746,0.398342549,-0.1160,-0.075380964
13419,2019,Christian Walker,ARI,152,529,603,137,29,86,73,67,6,8,0.258979206,-0.0682,0.442307692,0.198863636,-0.296482412,-5.301,-0.39523582,-0.1187,-0.077173669
18015,2019,Paul DeJong,STL,159,583,664,136,30,97,78,62,13,9,0.233276158,0.0455,0.538461538,0.823863636,-0.045226131,-20.827,-1.510570096,-0.1480,-0.096210729
12546,2021,C.J. Cron,COL,142,470,547,132,28,70,92,60,13,1,0.280851064,-0.8636,0.346153846,-0.710227273,0.658291457,5.57,0.385699316,-0.1837,-0.119417361
11265,2021,Jonathan Schoop,DET,156,623,674,173,22,85,84,37,6,2,0.277688604,-0.7500,-0.230769231,0.142045455,0.256281407,5.413,0.374420978,-0.2080,-0.135213905
9927,2019,Brett Gardner,NYY,141,491,550,123,28,86,74,52,4,10,0.250509165,0.1591,0.346153846,0.198863636,-0.246231156,-9.079,-0.666634306,-0.2088,-0.135692096
13757,2021,Chris Taylor,LAD,148,507,582,129,20,92,73,63,8,13,0.25443787,0.5000,-0.423076923,0.539772727,-0.296482412,-7.383,-0.544799517,-0.2246,-0.145980981
5760,2021,Avisail Garcia,MIL,135,461,515,121,29,68,86,38,11,8,0.262472885,-0.0682,0.442307692,-0.823863636,0.35678392,-3.009,-0.230586447,-0.3235,-0.210301188
3410,2019,Ryan Braun,MIL,144,459,508,131,22,70,75,34,8,11,0.28540305,0.2727,-0.230769231,-0.710227273,-0.195979899,7.529,0.526427118,-0.3378,-0.219584308
5254,2021,Robbie Grossman,DET,156,557,671,133,23,88,67,98,8,20,0.238779174,1.2955,-0.134615385,0.3125,-0.59798995,-16.833,-1.223654915,-0.3483,-0.226398708
18314,2021,Dansby Swanson,ATL,160,588,653,146,27,78,88,52,5,9,0.24829932,0.0455,0.25,-0.255681818,0.457286432,-12.172,-0.888824755,-0.3918,-0.254647637
15117,2019,Hunter Dozier,KCR,139,523,586,146,26,75,84,55,3,2,0.2791587,-0.7500,0.153846154,-0.426136364,0.256281407,5.313,0.367237323,-0.3988,-0.259201462
19326,2019,Bryan Reynolds,PIT,134,491,546,154,16,83,68,46,6,3,0.313645621,-0.6364,-0.807692308,0.028409091,-0.547738693,21.921,1.560298746,-0.4031,-0.26200642
15672,2021,Austin Meadows,TBR,142,518,591,121,27,79,106,59,6,4,0.233590734,-0.5227,0.25,-0.198863636,1.361809045,-18.342,-1.332056269,-0.4418,-0.287194786
5235,2019,Justin Turner,LAD,135,479,549,139,27,80,67,51,14,2,0.290187891,-0.7500,0.25,-0.142045455,-0.59798995,10.149,0.714638879,-0.5254,-0.341507742
13611,2021,Mookie Betts,LAD,122,466,550,123,23,93,58,68,11,10,0.263948498,0.1591,-0.134615385,0.596590909,-1.050251256,-2.354,-0.183533507,-0.6127,-0.398266914
11899,2019,Joc Pederson,LAD,149,450,514,112,36,83,74,50,12,1,0.248888889,-0.8636,1.115384615,0.028409091,-0.246231156,-9.05,-0.664551046,-0.6306,-0.409906158
18036,2021,Jake Cronenworth,SDP,152,567,643,151,21,94,71,55,10,4,0.266313933,-0.5227,-0.326923077,0.653409091,-0.396984925,-1.523,-0.123837334,-0.7171,-0.466091286
17620,2021,Myles Straw,- - -,158,564,638,153,4,86,48,67,2,30,0.271276596,2.4318,-1.961538462,0.198863636,-1.552763819,1.284,0.077807862,-0.8058,-0.52377819
15112,2021,Ryan McMahon,COL,151,528,596,134,23,80,86,59,4,6,0.253787879,-0.2955,-0.134615385,-0.142045455,0.35678392,-8.032,-0.591421438,-0.8068,-0.524389387
17982,2021,Ty France,SEA,152,571,650,166,18,85,73,46,27,0,0.290718039,-0.9773,-0.615384615,0.142045455,-0.296482412,12.401,0.876414789,-0.8707,-0.565941682
11200,2019,Kole Calhoun,LAA,152,552,632,128,33,92,74,70,7,4,0.231884058,-0.5227,0.826923077,0.539772727,-0.246231156,-20.488,-1.486217506,-0.8885,-0.577512084
6153,2021,Eduardo Escobar,- - -,146,549,599,139,28,77,90,48,1,1,0.253187614,-0.8636,0.346153846,-0.3125,0.557788945,-8.681,-0.638043359,-0.9102,-0.591654006
13624,2019,Corey Seager,LAD,134,489,541,133,19,82,87,44,4,1,0.27198364,-0.8636,-0.519230769,-0.028409091,0.407035176,1.459,0.090379259,-0.9139,-0.594010163
17696,2019,Kevin Newman,PIT,130,493,531,152,12,61,64,28,7,16,0.30831643,0.8409,-1.192307692,-1.221590909,-0.748743719,19.383,1.377977582,-0.9438,-0.613441171
3516,2019,Eric Hosmer,SDP,160,619,667,164,22,72,99,40,3,0,0.264943457,-0.9773,-0.230769231,-0.596590909,1.010050251,-2.511,-0.194811845,-0.9894,-0.6431064
13145,2021,Josh Bell,WSN,144,498,568,130,27,75,88,65,2,0,0.261044177,-0.9773,0.25,-0.426136364,0.457286432,-3.962,-0.299046679,-0.9952,-0.64686007
17027,2021,Alex Verdugo,BOS,146,544,604,157,13,88,63,51,4,6,0.288602941,-0.2955,-1.096153846,0.3125,-0.798994975,10.664,0.751634702,-1.1265,-0.732204632
14566,2019,Franmil Reyes,- - -,150,494,548,123,37,69,81,47,0,0,0.248987854,-0.9773,1.211538462,-0.767045455,0.105527638,-9.886,-0.724606402,-1.1519,-0.748708015
14128,2021,Joey Gallo,- - -,153,498,616,99,38,90,77,111,6,6,0.198795181,-0.2955,1.307692308,0.426136364,-0.095477387,-34.962,-2.525979731,-1.1831,-0.769003945
17484,2019,Eloy Jimenez,CHW,122,468,504,125,31,69,79,30,4,0,0.267094017,-0.9773,0.634615385,-0.767045455,0.005025126,-0.892,-0.078508471,-1.1832,-0.769070992
12282,2019,Rougned Odor,TEX,145,522,581,107,30,77,93,52,5,11,0.204980843,0.2727,0.538461538,-0.3125,0.708542714,-33.418,-2.415064098,-1.2078,-0.785091173
10556,2019,Cesar Hernandez,PHI,161,612,667,171,14,77,71,45,6,9,0.279411765,0.0455,-1,-0.3125,-0.396984925,6.372,0.443312229,-1.2207,-0.793466798
11368,2019,Yasmani Grandal,MIL,153,513,632,126,28,79,77,109,5,5,0.245614035,-0.4091,0.346153846,-0.198863636,-0.095477387,-11.997,-0.876253359,-1.2335,-0.801795439
15986,2021,Willy Adames,- - -,140,497,555,130,25,77,73,57,0,5,0.261569416,-0.4091,0.057692308,-0.3125,-0.296482412,-3.693,-0.279722647,-1.2401,-0.806067379
12532,2019,Kolten Wong,STL,148,478,549,136,11,61,59,47,13,24,0.284518828,1.7500,-1.288461538,-1.221590909,-1,7.418,0.51845326,-1.2416,-0.807039472
14503,2019,Renato Nunez,BAL,151,541,599,132,31,72,90,44,10,1,0.243992606,-0.8636,0.634615385,-0.596590909,0.557788945,-13.529,-0.986306954,-1.2541,-0.815184433
12147,2019,Nick Ahmed,ARI,158,556,625,141,19,79,82,52,4,8,0.253597122,-0.0682,-0.519230769,-0.198863636,0.155778894,-8.564,-0.629638483,-1.2601,-0.819088278
5760,2019,Avisail Garcia,TBR,125,489,530,138,20,61,72,31,7,10,0.282208589,0.1591,-0.423076923,-1.221590909,-0.346733668,6.459,0.449562009,-1.3827,-0.898786579
4579,2019,Starlin Castro,MIA,162,636,676,172,22,68,86,28,3,2,0.270440252,-0.7500,-0.230769231,-0.823863636,0.35678392,0.916,0.051372012,-1.3965,-0.907710008
9785,2021,Kyle Seager,SEA,159,603,670,128,35,73,101,59,4,3,0.212271973,-0.6364,1.019230769,-0.539772727,1.110552764,-34.207,-2.471743136,-1.5181,-0.986762378
16472,2019,Rhys Hoskins,PHI,160,570,705,129,29,86,85,116,11,2,0.226315789,-0.7500,0.442307692,0.198863636,0.306532663,-24.33,-1.762213531,-1.5645,-1.0169312
19339,2021,Nicky Lopez,KCR,151,497,565,149,2,78,43,49,4,22,0.299798793,1.5227,-2.153846154,-0.255681818,-1.804020101,15.307,1.085171804,-1.6056,-1.043671847
4962,2019,Asdrubal Cabrera,- - -,131,447,514,116,18,69,91,57,3,4,0.25950783,-0.5227,-0.615384615,-0.767045455,0.608040201,-4.243,-0.31923275,-1.6163,-1.050627429
5933,2021,Jean Segura,PHI,131,514,567,149,14,76,58,39,9,9,0.289883268,0.0455,-1,-0.369318182,-1.050251256,10.734,0.75666326,-1.6175,-1.051343561
15112,2019,Ryan McMahon,COL,141,480,539,120,24,70,83,56,1,5,0.25,-0.4091,-0.038461538,-0.710227273,0.206030151,-9.12,-0.669579604,-1.6213,-1.053863963
19566,2021,Nathaniel Lowe,TEX,157,557,642,147,18,75,72,80,2,8,0.263913824,-0.0682,-0.615384615,-0.426136364,-0.346733668,-2.833,-0.217943214,-1.6744,-1.088346792
15518,2021,Amed Rosario,CLE,141,550,588,155,11,77,57,31,3,13,0.281818182,0.5000,-1.288461538,-0.3125,-1.100502513,7.05,0.49201741,-1.7094,-1.111140317
20454,2021,Jazz Chisholm Jr.,MIA,124,464,507,115,18,70,53,34,4,23,0.247844828,1.6364,-0.615384615,-0.710227273,-1.301507538,-9.816,-0.719577843,-1.7103,-1.111716861
9774,2019,Christian Vazquez,BOS,138,482,521,133,23,66,72,33,0,4,0.27593361,-0.5227,-0.134615385,-0.9375,-0.346733668,3.342,0.225647482,-1.7159,-1.115353748
5933,2019,Jean Segura,PHI,144,576,618,161,12,79,60,30,8,10,0.279513889,0.1591,-1.192307692,-0.198863636,-0.949748744,6.056,0.420611879,-1.7612,-1.144791235
16622,2021,Luis Urias,MIL,150,490,570,122,23,77,75,63,10,5,0.248979592,-0.4091,-0.134615385,-0.3125,-0.195979899,-9.81,-0.719146824,-1.7713,-1.151366461
11739,2021,J.T. Realmuto,PHI,134,476,537,125,17,64,73,48,11,13,0.262605042,0.5000,-0.711538462,-1.051136364,-0.296482412,-3.044,-0.233100726,-1.7923,-1.164967676
5913,2019,Leury Garcia,CHW,140,577,618,161,8,93,40,21,6,15,0.279029463,0.7273,-1.576923077,0.596590909,-1.954773869,5.787,0.401287847,-1.8065,-1.174254551
19238,2021,Lourdes Gurriel Jr.,TOR,141,500,541,138,21,62,84,32,2,1,0.276,-0.8636,-0.326923077,-1.164772727,0.256281407,3.5,0.236997657,-1.8621,-1.210334517
13608,2019,Mallex Smith,SEA,134,510,566,116,6,70,37,42,11,46,0.22745098,4.2500,-1.769230769,-0.710227273,-2.105527638,-21.19,-1.536646764,-1.8716,-1.216561089
9847,2021,Andrew McCutchen,PHI,144,482,574,107,27,78,80,81,4,6,0.221991701,-0.2955,0.25,-0.255681818,0.055276382,-22.658,-1.642102819,-1.8880,-1.227175821
17901,2021,Andrew Benintendi,KCR,134,493,538,136,17,63,73,36,2,8,0.275862069,-0.0682,-0.711538462,-1.107954545,-0.296482412,3.383,0.228592781,-1.9556,-1.271116897
16512,2021,Isiah Kiner-Falefa,TEX,158,635,677,172,8,74,53,28,11,20,0.270866142,1.2955,-1.576923077,-0.482954545,-1.301507538,1.185,0.070696044,-1.9952,-1.296902471
15223,2021,Adam Frazier,- - -,155,577,639,176,5,83,43,48,10,10,0.305025997,0.1591,-1.865384615,0.028409091,-1.804020101,20.787,1.478836098,-2.0031,-1.301994601
11445,2021,Mark Canha,OAK,141,519,625,120,17,93,61,77,27,12,0.231213873,0.3864,-0.711538462,0.596590909,-0.899497487,-19.611,-1.423216851,-2.0513,-1.333343866
10243,2019,Randal Grichuk,TOR,151,586,628,136,31,75,80,35,5,2,0.232081911,-0.7500,0.634615385,-0.426136364,0.055276382,-21.634,-1.568542192,-2.0548,-1.335611413
5209,2019,Alex Gordon,KCR,150,556,633,148,13,77,76,51,19,5,0.26618705,-0.4091,-1.096153846,-0.3125,-0.145728643,-1.564,-0.126782632,-2.0903,-1.35866642
7859,2021,Charlie Blackmon,COL,150,514,582,139,13,76,78,54,11,3,0.270428016,-0.6364,-1.096153846,-0.369318182,-0.045226131,0.734,0.03829776,-2.1088,-1.370696623
19363,2021,Austin Hays,BAL,131,488,529,125,22,73,71,28,9,4,0.256147541,-0.5227,-0.230769231,-0.539772727,-0.396984925,-6.272,-0.46498911,-2.1552,-1.400908122
4940,2019,Jason Heyward,CHC,147,513,589,129,21,78,62,68,5,8,0.251461988,-0.0682,-0.326923077,-0.255681818,-0.849246231,-8.997,-0.660743709,-2.1608,-1.404504825
17901,2019,Andrew Benintendi,BOS,138,541,615,144,13,72,68,59,7,10,0.266173752,0.1591,-1.096153846,-0.596590909,-0.547738693,-1.529,-0.124268353,-2.2057,-1.43367958
18314,2019,Dansby Swanson,ATL,127,483,545,121,17,77,65,51,5,10,0.250517598,0.1591,-0.711538462,-0.3125,-0.698492462,-8.927,-0.65571515,-2.2192,-1.442450857
6609,2019,Freddy Galvis,- - -,147,557,589,145,23,67,70,28,1,4,0.26032316,-0.5227,-0.134615385,-0.880681818,-0.447236181,-4.833,-0.361616314,-2.3469,-1.525470031
20126,2021,Dylan Carlson,STL,149,542,619,144,18,79,65,57,11,2,0.265682657,-0.7500,-0.615384615,-0.198863636,-0.698492462,-1.798,-0.143592385,-2.4063,-1.564116514
17992,2019,David Fletcher,LAA,154,596,653,173,6,83,49,55,0,8,0.290268456,-0.0682,-1.769230769,0.028409091,-1.502512563,12.676,0.896169841,-2.4153,-1.569975042
5038,2021,Josh Donaldson,MIN,135,457,543,113,26,73,72,74,4,0,0.24726477,-0.9773,0.153846154,-0.539772727,-0.346733668,-9.933,-0.72798272,-2.4379,-1.584645198
1177,2019,Albert Pujols,LAA,131,491,545,120,23,55,93,43,3,3,0.244399185,-0.6364,-0.134615385,-1.5625,0.708542714,-12.079,-0.882143956,-2.5071,-1.629602171
10348,2019,Domingo Santana,SEA,121,451,507,114,21,63,69,50,2,8,0.252771619,-0.0682,-0.326923077,-1.107954545,-0.497487437,-7.319,-0.540201978,-2.5407,-1.651486756
14350,2021,Raimel Tapia,COL,133,487,533,133,6,69,50,40,1,20,0.273100616,1.2955,-1.769230769,-0.767045455,-1.452261307,1.997,0.129027323,-2.5641,-1.66663618
15149,2021,Trey Mancini,BAL,147,556,616,142,21,77,71,51,8,0,0.255395683,-0.9773,-0.326923077,-0.3125,-0.396984925,-7.564,-0.557801933,-2.5715,-1.67146373
9077,2019,Lorenzo Cain,MIL,148,562,623,146,11,75,48,50,6,18,0.259786477,1.0682,-1.288461538,-0.426136364,-1.552763819,-5.178,-0.386399924,-2.5856,-1.680626888
11342,2021,Jesus Aguilar,MIA,131,449,510,117,22,49,93,46,3,0,0.260579065,-0.9773,-0.230769231,-1.903409091,0.708542714,-3.781,-0.286044264,-2.6890,-1.747819189
3473,2021,Anthony Rizzo,- - -,141,496,576,123,22,73,61,52,23,6,0.247983871,-0.2955,-0.230769231,-0.539772727,-0.899497487,-10.424,-0.763254466,-2.7287,-1.773686497
13621,2021,Jeimer Candelario,DET,149,557,626,151,16,75,67,65,4,0,0.271095153,-0.9773,-0.807692308,-0.426136364,-0.59798995,1.167,0.069402986,-2.7397,-1.780797436
12164,2021,Miguel Sano,MIN,135,470,532,105,30,68,75,59,2,2,0.223404255,-0.7500,0.538461538,-0.823863636,-0.195979899,-21.43,-1.553887536,-2.7853,-1.810425197
14854,2021,Mike Yastrzemski,SFG,139,468,532,105,25,75,71,51,9,4,0.224358974,-0.5227,0.057692308,-0.426136364,-0.396984925,-20.892,-1.515239472,-2.8034,-1.822207221
15491,2021,J.P. Crawford,SEA,160,619,687,169,9,89,54,58,5,3,0.273021002,-0.6364,-1.480769231,0.369318182,-1.251256281,2.489,0.164370905,-2.8347,-1.84255504
10472,2021,Enrique Hernandez,BOS,134,508,585,127,20,84,60,61,9,1,0.25,-0.8636,-0.423076923,0.085227273,-0.949748744,-9.652,-0.707796649,-2.8590,-1.858370414
12916,2021,Francisco Lindor,NYM,125,452,524,104,20,73,63,58,5,10,0.230088496,0.1591,-0.423076923,-0.539772727,-0.798994975,-17.588,-1.27789151,-2.8806,-1.872419397
11902,2019,Hanser Alberto,BAL,139,524,550,160,12,62,51,16,4,4,0.305343511,-0.5227,-1.192307692,-1.164772727,-1.40201005,19.044,1.353624991,-2.9282,-1.903325288
14811,2019,Luke Voit,NYY,118,429,510,113,21,72,62,71,9,0,0.263403263,-0.9773,-0.326923077,-0.596590909,-0.849246231,-2.401,-0.186909825,-2.9369,-1.9090128
9874,2021,DJ LeMahieu,NYY,150,597,679,160,10,84,57,73,4,4,0.2680067,-0.5227,-1.384615385,0.085227273,-1.100502513,-0.593,-0.057029342,-2.9796,-1.936770706
4062,2019,Dexter Fowler,STL,150,487,574,116,19,69,67,74,8,8,0.238193018,-0.0682,-0.519230769,-0.767045455,-0.59798995,-15.003,-1.092194028,-3.0446,-1.979017313
15223,2019,Adam Frazier,PIT,152,554,608,154,10,80,50,40,9,5,0.277978339,-0.4091,-1.384615385,-0.142045455,-1.452261307,4.974,0.342884732,-3.0451,-1.97933341
10231,2019,Jose Iglesias,CIN,146,504,530,145,11,62,59,20,3,6,0.287698413,-0.2955,-1.288461538,-1.164772727,-1,9.424,0.66255738,-3.0861,-2.00598543
17919,2021,Ian Happ,CHC,148,465,535,105,25,63,66,62,5,9,0.225806452,0.0455,0.057692308,-1.107954545,-0.648241206,-20.085,-1.457267376,-3.1103,-2.021705578
14130,2019,Daniel Vogelbach,SEA,144,462,558,96,30,73,76,92,2,0,0.207792208,-0.9773,0.538461538,-0.539772727,-0.145728643,-28.278,-2.045824231,-3.1701,-2.060588913
18289,2019,Brian Anderson,MIA,126,459,520,120,20,57,66,44,14,5,0.261437908,-0.4091,-0.423076923,-1.448863636,-0.648241206,-3.471,-0.263774933,-3.1930,-2.075480945
17232,2021,Yoan Moncada,CHW,144,520,616,137,14,74,61,84,10,3,0.263461538,-0.6364,-1,-0.482954545,-0.899497487,-2.88,-0.221319532,-3.2401,-2.106087881
1433,2019,Wilson Ramos,NYM,141,473,524,136,14,52,73,44,4,1,0.287526427,-0.8636,-1,-1.732954545,-0.296482412,8.763,0.61507342,-3.2780,-2.130699936
18564,2021,Trent Grisham,SDP,132,462,527,112,15,61,62,54,6,13,0.242424242,0.5000,-0.903846154,-1.221590909,-0.849246231,-12.278,-0.89643943,-3.3711,-2.19122977
14221,2021,Jorge Soler,- - -,149,516,602,115,27,74,70,67,6,0,0.222868217,-0.9773,0.25,-0.482954545,-0.447236181,-23.804,-1.724427506,-3.3819,-2.198229123
9368,2019,Evan Longoria,SFG,129,453,508,115,20,59,69,43,7,3,0.253863135,-0.6364,-0.423076923,-1.335227273,-0.497487437,-6.857,-0.507013492,-3.3992,-2.209459695
16505,2021,Matt Chapman,OAK,151,529,622,111,27,75,72,80,4,3,0.209829868,-0.6364,0.25,-0.426136364,-0.346733668,-31.301,-2.262986121,-3.4222,-2.224442863
6368,2019,Adam Jones,ARI,137,485,528,126,16,66,67,31,8,2,0.259793814,-0.7500,-0.807692308,-0.9375,-0.59798995,-4.465,-0.335180464,-3.4284,-2.228435769
4314,2019,Joey Votto,CIN,142,525,608,137,15,79,47,76,4,5,0.260952381,-0.4091,-0.903846154,-0.198863636,-1.603015075,-4.225,-0.317939692,-3.4328,-2.231291053
4106,2021,Michael Brantley,HOU,121,469,508,146,8,68,47,33,5,1,0.31130064,-0.8636,-1.576923077,-0.823863636,-1.603015075,19.839,1.410735049,-3.4567,-2.246857017
10243,2021,Randal Grichuk,TOR,149,511,545,123,22,59,81,27,3,0,0.240704501,-0.9773,-0.230769231,-1.335227273,0.105527638,-14.459,-1.053114945,-3.4909,-2.26905675
10556,2021,Cesar Hernandez,- - -,149,570,637,132,21,84,62,59,5,1,0.231578947,-0.8636,-0.326923077,0.085227273,-0.849246231,-21.33,-1.546703881,-3.5013,-2.275833482
8202,2021,Josh Harrison,- - -,138,505,558,141,8,58,60,31,18,9,0.279207921,0.0455,-1.576923077,-1.392045455,-0.949748744,5.155,0.355887148,-3.5174,-2.286294128
12552,2021,Eugenio Suarez,CIN,145,505,574,100,31,71,79,56,8,0,0.198019802,-0.9773,0.634615385,-0.653409091,0.005025126,-35.845,-2.589411405,-3.5805,-2.327294263
12984,2019,Jackie Bradley Jr.,BOS,147,494,567,111,21,69,62,56,12,8,0.224696356,-0.0682,-0.326923077,-0.767045455,-0.849246231,-21.886,-1.586645003,-3.5980,-2.338727029
10071,2021,Jonathan Villar,NYM,142,454,505,113,18,63,42,46,3,14,0.248898678,0.6136,-0.615384615,-1.107954545,-1.854271357,-9.126,-0.670010624,-3.6340,-2.362090106
2967,2021,Tommy Pham,SDP,155,475,561,109,15,74,49,78,4,14,0.229473684,0.6136,-0.903846154,-0.482954545,-1.502512563,-18.775,-1.363161495,-3.6388,-2.365244956
7802,2021,Miguel Rojas,MIA,132,495,539,131,9,66,48,37,5,13,0.264646465,0.5000,-1.480769231,-0.9375,-1.552763819,-2.155,-0.169238033,-3.6403,-2.366176204
15986,2019,Willy Adames,TBR,152,531,584,135,20,69,52,46,3,4,0.254237288,-0.5227,-0.423076923,-0.767045455,-1.351758794,-7.839,-0.577556984,-3.6422,-2.367407528
10815,2019,Jurickson Profar,OAK,139,459,518,100,20,65,67,48,8,9,0.217864924,0.0455,-0.423076923,-0.994318182,-0.59798995,-23.471,-1.700505934,-3.6704,-2.385783688
3892,2019,Josh Reddick,HOU,141,501,550,138,14,57,56,36,0,5,0.275449102,-0.4091,-1,-1.448863636,-1.150753769,3.231,0.217673625,-3.7910,-2.464172548
17992,2021,David Fletcher,LAA,157,626,665,164,2,74,47,31,1,15,0.261980831,0.7273,-2.153846154,-0.482954545,-1.603015075,-4.394,-0.330080069,-3.8426,-2.497705026
16909,2019,Colin Moran,PIT,149,466,503,129,13,46,80,30,3,0,0.276824034,-0.9773,-1.096153846,-2.073863636,0.055276382,3.646,0.247485794,-3.8445,-2.498943222
14813,2021,Kyle Farmer,CIN,147,483,529,127,16,60,63,22,18,2,0.262939959,-0.7500,-0.807692308,-1.278409091,-0.798994975,-2.927,-0.22469585,-3.8598,-2.508864945
19734,2021,Josh Rojas,ARI,139,484,550,128,11,69,44,58,0,9,0.26446281,0.0455,-1.288461538,-0.767045455,-1.753768844,-2.196,-0.172183332,-3.9360,-2.558403005
3516,2021,Eric Hosmer,SDP,151,509,565,137,12,53,65,48,5,5,0.269155206,-0.4091,-1.192307692,-1.676136364,-0.698492462,0.079,-0.00875518,-3.9848,-2.590108695
19611,2019,Vladimir Guerrero Jr.,TOR,123,464,514,126,15,52,69,46,2,0,0.271551724,-0.9773,-0.903846154,-1.732954545,-0.497487437,1.184,0.070624207,-4.0409,-2.626608827
10264,2019,Brandon Belt,SFG,156,526,616,123,17,76,57,83,3,4,0.233840304,-0.5227,-0.711538462,-0.369318182,-1.100502513,-18.494,-1.342975425,-4.0471,-2.630590205
11489,2021,Michael A. Taylor,KCR,142,483,528,118,12,58,54,33,5,14,0.244306418,0.6136,-1.192307692,-1.392045455,-1.251256281,-11.927,-0.8712248,-4.0932,-2.660578612
9776,2019,Jason Kipnis,CLE,121,458,511,112,17,52,65,40,2,7,0.244541485,-0.1818,-0.711538462,-1.732954545,-0.698492462,-11.202,-0.819143302,-4.1439,-2.693565519
9112,2019,Khris Davis,OAK,133,481,533,106,23,61,73,47,3,0,0.22037422,-0.9773,-0.134615385,-1.221590909,-0.296482412,-23.389,-1.694615337,-4.3246,-2.810974901
16578,2021,Yandy Diaz,TBR,134,465,541,119,13,62,64,69,3,1,0.255913978,-0.8636,-1.096153846,-1.164772727,-0.748743719,-6.085,-0.451555675,-4.3249,-2.811160515
10231,2021,Jose Iglesias,- - -,137,483,511,131,9,65,48,21,6,5,0.271221532,-0.4091,-1.480769231,-0.994318182,-1.552763819,1.073,0.06265035,-4.3743,-2.843289664
16997,2021,Gleyber Torres,NYY,127,459,516,119,9,50,51,50,1,14,0.259259259,0.6136,-1.480769231,-1.846590909,-1.40201005,-4.471,-0.335611483,-4.4513,-2.893374451
1744,2021,Miguel Cabrera,DET,130,472,526,121,15,48,75,40,5,0,0.256355932,-0.9773,-0.903846154,-1.960227273,-0.195979899,-5.968,-0.443150799,-4.4805,-2.912309954
19892,2021,Pavin Smith,ARI,145,498,545,133,11,68,49,42,4,1,0.267068273,-0.8636,-1.288461538,-0.823863636,-1.502512563,-0.962,-0.083537029,-4.5620,-2.965307235
7802,2019,Miguel Rojas,MIA,132,483,526,137,5,52,46,32,5,9,0.283643892,0.0455,-1.865384615,-1.732954545,-1.653266332,7.073,0.493669651,-4.7125,-3.063112843
4418,2021,Jed Lowrie,OAK,139,457,512,112,14,55,69,49,2,0,0.245076586,-0.9773,-1,-1.5625,-0.497487437,-10.933,-0.79981927,-4.8371,-3.144101632
2396,2021,Carlos Santana,KCR,158,565,659,121,19,66,69,86,3,2,0.214159292,-0.7500,-0.519230769,-0.9375,-0.497487437,-30.985,-2.240285772,-4.9445,-3.213927586
2136,2021,David Peralta,ARI,150,487,538,126,8,57,63,46,3,2,0.258726899,-0.7500,-1.576923077,-1.448863636,-0.798994975,-5.003,-0.373828528,-4.9486,-3.21659664
1744,2019,Miguel Cabrera,DET,136,493,549,139,12,41,59,48,3,0,0.281947262,-0.9773,-1.192307692,-2.357954545,-1,6.383,0.444102431,-5.0834,-3.304231147
19294,2021,Nick Solak,TEX,127,458,511,111,11,57,49,34,15,7,0.242358079,-0.1818,-1.288461538,-1.448863636,-1.502512563,-12.202,-0.890979852,-5.3126,-3.453213251
13185,2019,Orlando Arcia,MIL,152,494,546,110,15,51,59,43,1,8,0.222672065,-0.0682,-0.903846154,-1.789772727,-1,-22.886,-1.658481553,-5.4203,-3.523183464
5343,2019,Brandon Crawford,SFG,147,500,560,114,11,58,59,53,3,3,0.228,-0.6364,-1.288461538,-1.392045455,-1,-20.5,-1.487079544,-5.8040,-3.772567613
15117,2021,Hunter Dozier,KCR,144,487,543,105,16,55,54,43,7,5,0.215605749,-0.4091,-0.807692308,-1.5625,-1.251256281,-26.003,-1.882396079,-5.9129,-3.843408125
8709,2021,Elvis Andrus,OAK,146,497,541,121,3,60,37,31,6,12,0.243460765,0.3864,-2.057692308,-1.278409091,-2.105527638,-12.693,-0.926251598,-5.9815,-3.887986049
11602,2019,Yolmer Sanchez,CHW,149,496,555,125,2,59,43,44,5,5,0.252016129,-0.4091,-2.153846154,-1.335227273,-1.804020101,-8.424,-0.619581366,-6.3218,-4.109147771
17696,2021,Kevin Newman,PIT,148,517,554,117,5,50,39,27,1,6,0.226305609,-0.2955,-1.865384615,-1.846590909,-2.005025126,-22.073,-1.600078437,-7.6125,-4.948146861
